<?xml version="1.0" encoding="UTF-8" ?>
<!-- Справочник валют -->
<data-source id="currencies" class="ru.blogic20.gp.services.list.modules.xml.XmlModule"
             xmlns:st="http://blogic20.ru/2016/ConfigModuleUtils.xml">
    <parameter name="tables">currencies</parameter>
    <parameter name="uri"><st:property id="rootdir" default=""/>/lists/currencies.xml</parameter>
    <parameter name="currencies.tag">currency</parameter>
    <parameter name="currencies.key">id</parameter>
    <parameter name="currencies.xpath_key">@id</parameter>
    <parameter name="currencies.key_value">@id='$condition'</parameter>
    <parameter name="currencies.columns">id;code;name;short_name;country;create;selectable;oneUnit;twoUnit;fiveUnit;sex;fractionOneUnit;fractionTwoUnit;fractionFiveUnit;fractionSex;</parameter>
    <parameter name="currencies.xpath_columns">@id;@code;@name;@short_name;@country;@create;@selectable;@oneUnit;@twoUnit;@fiveUnit;@sex;@fractionOneUnit;@fractionTwoUnit;@fractionFiveUnit;@fractionSex;</parameter>
    <parameter name="enable_cache">true</parameter>
</data-source>