<?xml version="1.0" encoding="UTF-8" standalone="yes"?>
<query>
    <page-size>20</page-size>

    <table id="ArchiveFolder" alias="folder"/>

    <column	title="Идентификатор"       table="folder" id="ID"                  type="ID"       hidden="false" primary-key="true"/>
    <column	title="Имя папки в FileNet" table="folder" id="FolderName"          type="STRING"   hidden="false"/>
    <column	title="Имя архивной папки"  table="folder" id="ArchiveFolderName"   type="STRING"   hidden="false"/>
    <column	title="Код архивной папки"	table="folder" id="ArchiveFolderCode"   type="STRING"   hidden="false"/>

    <column	title="Родитель"            table="folder" id="Parent"              type="OBJECT"   hidden="false"/>

    <sort-rule table="folder" column="FolderName" order="ASC"/>

    <parameter name="hidden">ID</parameter>

    <filter id="byParentId"			    table="folder" column="Parent"			    operation="EQ"  multivalue="false"/>
    <filter id="byId"				    table="folder" column="ID"				    operation="EQ"  multivalue="false"/>
    <filter id="byArchiveFolderCode"	table="folder" column="ArchiveFolderCode"   operation="EQ"  multivalue="false"/>
</query>