<?xml version="1.0" encoding="UTF-8" standalone="yes"?>
<!--
SELECT C.[Id]
FROM [LbEdfFriendshipInfo] A INNER JOIN [LbEdfAgreementEdoContent] C ON C.[AnnotatedObject] = A.[This]
WHERE (A.[Id] = ?)
-->
<query>
    <table id="LbEdfFriendshipInfo" alias="A"/>
    <table id="LbEdfAgreementEdoContent" alias="C"/>

    <table-join join="INNER" operation="EQ">
        <left table="A" column="This" />
        <right table="C" column="AnnotatedObject" />
    </table-join>

    <column table="A" id="This" type="OBJECT" hidden="true" />
    <column table="A" id="Id" alias="ObjId" type="ID" hidden="true" />
    <column table="C" id="Id" type="ID" hidden="true" primary-key="true" />
    <column table="C" id="AnnotatedObject" type="OBJECT" hidden="true" />

    <filter table="A" column="ObjId" id="ObjId" operation="EQ" hidden="true" />
</query>
