<?xml version="1.0" encoding="UTF-8" ?>
<data-source id="operator_package_names_concat" class="ru.blogic20.gp.services.list.modules.sql.SqlModule"
             xmlns:st="http://blogic20.ru/2016/ConfigModuleUtils.xml">
    <jndi-reference name="ds"><st:property id="db2uri" default=""/></jndi-reference>
    <parameter name="tables">OPERATOR_PACKAGE_DATA</parameter>
    <parameter name="OPERATOR_PACKAGE_DATA.key">OPERATOR_PACKAGE_ID</parameter>
    <parameter name="OPERATOR_PACKAGE_DATA.query">
        SELECT * FROM
            (SELECT
            OPERATOR_PACKAGE_ID,
            <!--чтобы была возможность изменить формат здесь-->
            OPERATOR_PACKAGE_SENDER_NAME || ' - ' || VARCHAR_FORMAT(OPERATOR_PACKAGE_RECEIVE_DATE, 'DD.MM.YYYY HH24:MI') AS OPERATOR_PACKAGE_NAME_CONCAT
            FROM OPERATOR_PACKAGE_DATA)
        WHERE ($condition)
        ORDER BY $orderBy
    </parameter>
    <parameter name="OPERATOR_PACKAGE_DATA.columns">OPERATOR_PACKAGE_ID;OPERATOR_PACKAGE_NAME_CONCAT</parameter>
</data-source>