<?xml version="1.0" encoding="UTF-8" ?>
<!-- Справочник статусов внутренних документов -->
<data-source id="statuses_internal" class="ru.blogic20.gp.services.list.modules.xml.XmlModule" xmlns:st="http://blogic20.ru/2016/ConfigModuleUtils.xml">
    <parameter name="tables">statuses</parameter>
    <parameter name="uri"><st:property id="rootdir" default=""/>/lists/statuses_internal.xml</parameter>
    <parameter name="statuses.tag">status</parameter>
    <parameter name="statuses.key">id</parameter>
    <parameter name="statuses.xpath_key">@id</parameter>
    <parameter name="statuses.key_value">@id='$condition'</parameter>
    <parameter name="statuses.columns">id;create;outgoingName;incomingName;commonName;</parameter>
    <parameter name="statuses.xpath_columns">@id;@create;@outgoingName;@incomingName;@commonName;</parameter>
    <parameter name="statuses.modify">MODIFY</parameter>
    <parameter name="statuses.create">CREATE</parameter>
    <parameter name="enable_cache">true</parameter>
</data-source>