<?xml version="1.0" encoding="UTF-8" ?>
<!-- Справочник валют -->
<data-source id="sed-domain-mappings" class="ru.blogic20.gp.services.list.modules.xml.XmlModule"
             xmlns:st="http://blogic20.ru/2016/ConfigModuleUtils.xml">
    <parameter name="tables">sed-domain-mappings</parameter>
    <parameter name="uri"><st:property id="rootdir" default=""/>/lists/sed-domain-mappings.xml</parameter>
    <parameter name="sed-domain-mappings.tag">mapping</parameter>
    <parameter name="sed-domain-mappings.key">user</parameter>
    <parameter name="sed-domain-mappings.xpath_key">@user</parameter>
    <parameter name="sed-domain-mappings.key_value">@user='$condition'</parameter>
    <parameter name="sed-domain-mappings.columns">user;domain</parameter>
    <parameter name="sed-domain-mappings.xpath_columns">@user;@domain</parameter>
    <parameter name="enable_cache">false</parameter>
</data-source>