<?xml version="1.0" encoding="UTF-8" standalone="yes"?>
<departments>
    <!-- Конфигурация отделов. По отдельной секции на каждый отдел.
        department.name - Отображаемое имя отдела в МЮЗЭДО.
        department.rnu - Код РНУ отдела.
        department.group - DN группы в AD.
        department.folder - Папка относительно корня в файлнете для складывания документов и управления правами доступа.
    -->
    <department name="МЮЗЭДО Кураторы ОСТ" rnu="270"
                accounting="${accounting.principal.code}"
                ehd="${ehd.principal.code}"
                sed="${sed.principal.code}">
         <group>CN=МЮЗЭДО Кураторы ОСТ,OU=МЮЗ_ЭДО,OU=_Группы пользователей сетевых ресурсов (_ГПР),OU=Groups,OU=CHTN,DC=CHTN,DC=TN,DC=CORP</group>
        <folder>/Отделы/МЮЗЭДО Кураторы ОСТ</folder>
    </department>
    <department name="МЮЗЭДО Кураторы ТСД" rnu="661"
                accounting="${accounting.agent.code}"
                ehd="${ehd.agent.code}"
                sed="${sed.agent.code}"
                systemCode="${muzedo.agent1.code}">
         <group>CN=МЮЗЭДО Кураторы ТСД,OU=МЮЗ_ЭДО,OU=_Группы пользователей сетевых ресурсов (_ГПР),OU=Groups,OU=CHTN,DC=CHTN,DC=TN,DC=CORP</group>
        <folder>/Отделы/МЮЗЭДО Кураторы ТСД</folder>
    </department>
</departments>