<?xml version="1.0" encoding="UTF-8" standalone="yes"?>
<query>
    <page-size>100</page-size>

    <table id="packages_ehd_remote.EhdPackages" alias="packages"/>

    <column title="Идентификатор"               table="packages" id="Id"            type="ID" hidden="true" primary-key="true"/>
    <column	title="Код смежной системы"     	table="packages" id="SYSTEM_CODE"   type="STRING" hidden="true" hide-filter="true"/>
    <column title="Контрагент"                  table="packages" id="CONTRACTOR_ID" type="STRING" hidden="false" sortable="false"/>
    <column title="Штрихкод"                    table="packages" id="BARCODE"       type="STRING" hidden="false"/>
    <column title="Заголовок документа КИС ЭХД" table="packages" id="PACKAGE_NAME"  type="STRING" hidden="false"/>
    <column title="Сумма документа"             table="packages" id="SUM"           type="DOUBLE" hidden="false" hide-filter="true"/>
    <column title="Сумма документа с НДС"       table="packages" id="SUM_WITH_NDS"  type="DOUBLE" hidden="false" hide-filter="true"/>
    <column title="Ссылка на пакет КИС ЭХД"     table="packages" id="EXTERNAL_LINK" type="STRING" hidden="false" hide-filter="true"/>

    <sort-rule table="packages" column="SUM_WITH_NDS" order="ASC"/>

    <parameter name="hidden">Id</parameter>

    <parameter name="SUM.format">#.00</parameter>
    <parameter name="SUM_WITH_NDS.format">#.00</parameter>

    <parameter name="CONTRACTOR_ID.list">contractors.CONTRACTORS</parameter>
    <parameter name="CONTRACTOR_ID.key">REMOTE_KEY</parameter>
    <parameter name="CONTRACTOR_ID.view">SHORT_NAME</parameter>

    <parameter name="DATE.format">dd.MM.yyyy</parameter>

    <filter	title="Код смежной системы"	        table="packages"	column="SYSTEM_CODE"		id="SYSTEM_CODE"        operation="EQ"	multivalue="false"	hidden="true"/>
    <filter	title="Контрагент"			        table="packages"	column="CONTRACTOR_ID"	    id="CONTRACTOR_ID"      operation="EQ"	multivalue="false" />
    <filter	title="Штрихкод"		            table="packages"	column="BARCODE"	        id="BARCODE"            operation="EQ"	multivalue="false" />
    <filter	title="Заголовок документа КИС ЭХД" table="packages"	column="PACKAGE_NAME"	    id="PACKAGE_NAME"       operation="EQ"	multivalue="false" />
</query>