<?xml version="1.0" encoding="UTF-8"?>
<report-service xmlns:xi="http://www.w3.org/2001/XInclude">
    <xi:include href="${rootdir}/reports/report_2_curators_docs_report/report_2_config.xml"/>
    <xi:include href="${rootdir}/reports/report_2_curators_docs_report/report_2_config_internal.xml"/>
    <xi:include href="${rootdir}/reports/report_1_docs_in_basket/report_1_config.xml"/>
    <xi:include href="${rootdir}/reports/report_1_docs_in_basket/report_1_config_internal.xml"/>
    <xi:include href="${rootdir}/reports/report_5_life_cycle_report/report_5_config.xml"/>
    <xi:include href="${rootdir}/reports/report_5_life_cycle_report/report_5_config_internal.xml"/>
    <xi:include href="${rootdir}/reports/report_3_docs_report/report_3_config.xml"/>
    <xi:include href="${rootdir}/reports/report_3_docs_report/report_3_config_internal.xml"/>
    <xi:include href="${rootdir}/reports/report_4_contractor_reestr_report/report_4_config.xml"/>
</report-service>