<?xml version="1.0" encoding="UTF-8" standalone="yes"?>
<query>
	<where><![CDATA[doc.IsCurrentVersion = true]]></where>
    <page-size>100</page-size>

	<table id="LinkedDocument" alias="doc"/>

	<column	title="Идентификатор"	table="doc"	id="Id"						type="ID"		hidden="true" primary-key="true"/>
	<column	title="Серия версий"	table="doc"	id="VersionSeries"			type="ID"		hidden="true"/>
	<column	title="Контрагент"		table="doc"	id="LbEdfContragentId"		type="STRING"	hidden="false" sortable="false"/>
	<column	title="Вид документа"	table="doc"	id="LinkedDocumentKind"		type="STRING" 	hidden="false" sortable="false"/>
	<column	title="Дата документа"	table="doc"	id="LbEdfDocumentDate"		type="DATE" 	hidden="false"/>
	<column	title="Номер документа"	table="doc"	id="LbEdfDocumentNumber"	type="STRING"	hidden="false"/>
	<column	title="Штрихкод"		table="doc"	id="LbEdfBarcode"			type="STRING" 	hidden="false"/>
	<column  title="Система-источник связанного документа" table="doc"  id="LinkedDocumentSourceSystem" type="STRING" hidden="true"/>

	<parameter name="hidden">Id,VersionSeries</parameter>

	<parameter name="LbEdfDocumentDate.format">dd.MM.yyyy</parameter>

	<parameter name="LbEdfContragentId.list">contractors.CONTRACTORS</parameter>
	<parameter name="LbEdfContragentId.key">REMOTE_KEY</parameter>
	<parameter name="LbEdfContragentId.view">SHORT_NAME</parameter>

	<filter	title="Контрагент"		table="doc"	column="LbEdfContragentId"		id="LbEdfContragentId"		operation="EQ"			multivalue="false"/>
	<filter	title="Вид документа"	table="doc"	column="LinkedDocumentKind"		id="LbEdfDocumentKind"		operation="EQ"			multivalue="false"/>
	<filter	title="Виды документа"	table="doc"	column="LinkedDocumentKind"		id="LbEdfDocumentKinds"		operation="EQ"			multivalue="false" hidden="true"/>
	<filter	title="Дата документа"	table="doc"	column="LbEdfDocumentDate"		id="LbEdfDocumentDate"		operation="INTERVAL"	multivalue="false"/>
	<filter	title="Номер документа"	table="doc"	column="LbEdfDocumentNumber"	id="LbEdfDocumentNumber"	operation="EQ"			multivalue="false"/>
	<filter	title="Штрихкод"		table="doc"	column="LbEdfBarcode"			id="LbEdfBarcode"			operation="LIKE"		multivalue="false"/>
	<filter title="Система-источник связанного документа" table="doc"  column="LinkedDocumentSourceSystem" id="LinkedDocumentSourceSystem" operation="EQ" multivalue="false"/>
</query>
