<?xml version="1.0" encoding="UTF-8" ?>
<data-source id="linked_documents_info" class="ru.blogic20.gp.services.list.modules.sql.SqlModule" xmlns:st="http://blogic20.ru/2016/ConfigModuleUtils.xml">
    <jndi-reference name="ds"><st:property id="db2uri" default=""/></jndi-reference>
    <parameter name="tables">LINKED_DOCUMENTS_INFO</parameter>
    <parameter name="LINKED_DOCUMENTS_INFO.key">ID</parameter>
    <parameter name="LINKED_DOCUMENTS_INFO.columns">ID;MUZEDO_CODE;SOURCE_KIND;SOURCE_NUMBER;SOURCE_DATE;SOURCE_CONTRAGENT_ID;TARGET_SYSTEM;TARGET_KIND;TARGET_NUMBER;TARGET_DATE;TARGET_CONTENT_ID;TARGET_CONTRAGENT_ID;TARGET_BARCODE;CHECK_DATE;LINK_TYPE</parameter>
</data-source>