<?xml version="1.0" encoding="UTF-8" ?>
<!-- Справочник обстоятельств формирования счета-фактуры -->
<data-source id="invoice_formation_circs" class="ru.blogic20.gp.services.list.modules.xml.XmlModule" xmlns:st="http://blogic20.ru/2016/ConfigModuleUtils.xml">
    <parameter name="tables">invoiceformation</parameter>
    <parameter name="uri"><st:property id="rootdir" default=""/>/lists/invoice_formation_circs.xml</parameter>
    <parameter name="invoiceformation.tag">type</parameter>
    <parameter name="invoiceformation.key">id</parameter>
    <parameter name="invoiceformation.xpath_key">@id</parameter>
    <parameter name="invoiceformation.key_value">@id='$condition'</parameter>
    <parameter name="invoiceformation.columns">id;create;name;</parameter>
    <parameter name="invoiceformation.xpath_columns">@id;@create;@name;</parameter>
    <parameter name="invoiceformation.modify">MODIFY</parameter>
    <parameter name="invoiceformation.create">CREATE</parameter>
    <parameter name="enable_cache">true</parameter>
</data-source>