<?xml version="1.0" encoding="UTF-8"?>
<root xmlns:xi="http://www.w3.org/2001/XInclude">
    <xi:include href="${rootdir}/metadata/hierarchy/parameters.xml"/>
    <xi:include href="${rootdir}/metadata/hierarchy/incoming.xml"/>
    <xi:include href="${rootdir}/metadata/hierarchy/outgoing.xml"/>
    <xi:include href="${rootdir}/metadata/hierarchy/internal.xml"/>
    <xi:include href="${rootdir}/metadata/hierarchy/on_sign.xml"/>
    <xi:include href="${rootdir}/metadata/hierarchy/signed.xml"/>
    <xi:include href="${rootdir}/metadata/hierarchy/directories.xml"/>
    <xi:include href="${rootdir}/metadata/hierarchy/archive.xml"/>
    <xi:include href="${rootdir}/metadata/hierarchy/journals.xml"/>
    <xi:include href="${rootdir}/metadata/hierarchy/audit.xml"/>
    <xi:include href="${rootdir}/metadata/hierarchy/searches.xml"/>
</root>