<?xml version="1.0" encoding="UTF-8" ?>
<list-service xmlns:xi="http://www.w3.org/2001/XInclude">
    <xi:include href="${rootdir}/metadata/lists/ad/${ldap.list-name}.xml"/>
    <xi:include href="${rootdir}/metadata/lists/doc_history_events.xml"/>
    <xi:include href="${rootdir}/metadata/lists/lb_edf_primary_documents.xml"/>
    <xi:include href="${rootdir}/metadata/lists/lb_edf_primary_documents_for_galactica.xml"/>
    <xi:include href="${rootdir}/metadata/lists/documents_for_link.xml"/>
    <xi:include href="${rootdir}/metadata/lists/documents_for_link_without_invoice_link.xml"/>
    <xi:include href="${rootdir}/metadata/lists/lb_edf_error_incoming_documents.xml"/>
    <xi:include href="${rootdir}/metadata/lists/secondary_documents.xml"/>
    <xi:include href="${rootdir}/metadata/lists/shipping_doc_info.xml"/>
    <xi:include href="${rootdir}/metadata/lists/lb_edf_signatures.xml"/>
    <xi:include href="${rootdir}/metadata/lists/main_doc_signatures.xml"/>
    <xi:include href="${rootdir}/metadata/lists/secondary_doc_signatures.xml"/>
    <xi:include href="${rootdir}/metadata/lists/approval_lists.xml"/>
    <xi:include href="${rootdir}/metadata/lists/signers.xml"/>
    <xi:include href="${rootdir}/metadata/lists/power_of_attorneys.xml"/>
    <xi:include href="${rootdir}/metadata/lists/user_certificates.xml"/>
    <xi:include href="${rootdir}/metadata/lists/contracts.xml"/>
    <xi:include href="${rootdir}/metadata/lists/contractors.xml"/>
    <xi:include href="${rootdir}/metadata/lists/contractor_operators.xml"/>
    <xi:include href="${rootdir}/metadata/lists/contractors_cached.xml"/>
    <xi:include href="${rootdir}/metadata/lists/doc_kinds.xml"/>
    <xi:include href="${rootdir}/metadata/lists/doc_kinds_internal.xml"/>
    <xi:include href="${rootdir}/metadata/lists/doc_kinds_not_confirm.xml"/>
    <xi:include href="${rootdir}/metadata/lists/doc_kinds_external.xml"/>
    <xi:include href="${rootdir}/metadata/lists/statuses.xml"/>
    <xi:include href="${rootdir}/metadata/lists/statuses_internal.xml"/>
    <xi:include href="${rootdir}/metadata/lists/baskets.xml"/>
    <xi:include href="${rootdir}/metadata/lists/baskets_internal.xml"/>
    <xi:include href="${rootdir}/metadata/lists/baskets_external.xml"/>
    <xi:include href="${rootdir}/metadata/lists/doceventtypes.xml"/>
    <xi:include href="${rootdir}/metadata/lists/doc_kinds_accounting.xml"/>
    <xi:include href="${rootdir}/metadata/lists/link_types.xml"/>
    <xi:include href="${rootdir}/metadata/lists/link_source_systems.xml"/>
    <xi:include href="${rootdir}/metadata/lists/document_links.xml"/>
    <xi:include href="${rootdir}/metadata/lists/linked_documents.xml"/>
    <xi:include href="${rootdir}/metadata/lists/confirming_documents.xml"/>
    <xi:include href="${rootdir}/metadata/lists/doc_kinds_accounting_remote.xml"/>
    <xi:include href="${rootdir}/metadata/lists/contracts_accounting_remote.xml"/>
    <xi:include href="${rootdir}/metadata/lists/documents_accounting_remote.xml"/>
    <xi:include href="${rootdir}/metadata/lists/custom_contracts.xml"/>
    <xi:include href="${rootdir}/metadata/lists/custom_contracts_with_curator_names.xml"/>
    <xi:include href="${rootdir}/metadata/lists/custom_contracts_with_curator_names_filter.xml"/>
    <xi:include href="${rootdir}/metadata/lists/curators.xml"/>
    <xi:include href="${rootdir}/metadata/lists/basis_documents.xml"/>
    <xi:include href="${rootdir}/metadata/lists/custom_basis_documents.xml"/>
    <xi:include href="${rootdir}/metadata/lists/agreement_edo.xml"/>
    <xi:include href="${rootdir}/metadata/lists/operator_connection_info.xml"/>
    <xi:include href="${rootdir}/metadata/lists/agreement_content.xml"/>
    <xi:include href="${rootdir}/metadata/lists/agreement_signature.xml"/>
    <xi:include href="${rootdir}/metadata/lists/journal_event_statuses.xml"/>
    <xi:include href="${rootdir}/metadata/lists/documents_ehd_remote.xml"/>
    <xi:include href="${rootdir}/metadata/lists/packages_ehd_remote.xml"/>
    <xi:include href="${rootdir}/metadata/lists/operators.xml"/>
    <xi:include href="${rootdir}/metadata/lists/signers_statuses.xml"/>
    <xi:include href="${rootdir}/metadata/lists/contractors_remote.xml"/>
    <xi:include href="${rootdir}/metadata/lists/directions.xml"/>
    <xi:include href="${rootdir}/metadata/lists/audit_events.xml"/>
    <xi:include href="${rootdir}/metadata/lists/audit_login_logout_events.xml"/>
    <xi:include href="${rootdir}/metadata/lists/contractor_statuses.xml"/>
    <xi:include href="${rootdir}/metadata/lists/document_types.xml"/>
    <xi:include href="${rootdir}/metadata/lists/linked_documents_info.xml"/>
    <xi:include href="${rootdir}/metadata/lists/barcodes.xml"/>
    <xi:include href="${rootdir}/metadata/lists/agreement_statuses.xml"/>
    <xi:include href="${rootdir}/metadata/lists/documents_all_versions.xml"/>
    <xi:include href="${rootdir}/metadata/lists/dss_signatures.xml"/>
    <xi:include href="${rootdir}/metadata/lists/aggrigates/doceventlog_titles.xml"/>
    <xi:include href="${rootdir}/metadata/lists/custom_search.xml"/>
    <xi:include href="${rootdir}/metadata/lists/ksdd_message_events.xml"/>

    <xi:include href="${rootdir}/metadata/lists/countries.xml"/>
    <xi:include href="${rootdir}/metadata/lists/currencies.xml"/>
    <xi:include href="${rootdir}/metadata/lists/regions.xml"/>
    <xi:include href="${rootdir}/metadata/lists/units.xml"/>
    <xi:include href="${rootdir}/metadata/lists/rnus.xml"/>
    <xi:include href="${rootdir}/metadata/lists/commodity_control_types.xml"/>
    <xi:include href="${rootdir}/metadata/lists/invoice_formation_circs.xml"/>
    <xi:include href="${rootdir}/metadata/lists/sed-domain-mappings.xml"/>

    <xi:include href="${rootdir}/metadata/lists/operator_package_data.xml"/>
    <xi:include href="${rootdir}/metadata/lists/operator_package_names_concat.xml"/>
    <xi:include href="${rootdir}/metadata/lists/doc_kinds_to_ehd_titles.xml"/>

    <xi:include href="${rootdir}/metadata/lists/sign_service_endpoints.xml"/>
    <xi:include href="${rootdir}/metadata/lists/endpoint_statuses.xml"/>
</list-service>
