<?xml version="1.0" encoding="UTF-8" ?>
<model id="DocEventLogEntry" system-name="DOC_HISTORY_EVENTS_LOG" primary-key="ID" name-key="EVENT_CODE" system="true" dao="SqlDao">
    <integer id="ID" virtual="true" title="ID"/>
    <string id="VSID" title="VSID" max-length="64"/>
    <string id="EVENT_CODE" title="EVENT_CODE" max-length="16"/>
    <date id="EVENT_DATE" title="EVENT_DATE"/>
    <string id="USERNAME" title="USERNAME" max-length="32"/>
    <string id="COMMENT" title="COMMENT" max-length="512"/>

    <processor id="DefaultSaveProcessor" stage="MANUAL"/>

    <security-templates>
        <security-template id="DEFAULT">
            <add-rule rule="READ|CREATE|EDIT" allowed-roles="Пользователь"/>
            <add-rule for="*" rule="READ|CREATE|EDIT" allowed-roles="Пользователь" />
        </security-template>
    </security-templates>
</model>