<?xml version="1.0" encoding="UTF-8"?>
<node-template id="outcoming" title="Исходящие" allowed-roles="Документ.Исходящие">
    <parameter name="query-for-add">alias/uzdo_search_outgoing_all</parameter>
    <parameter name="print">outgoing-print</parameter>
    <parameter name="download">outgoing-download</parameter>

    <node-template id="outcoming_projects" title="Проекты">
        <parameter name="query-for-add">alias/uzdo_search_outgoing_all</parameter>

        <node-template id="outcoming_projects_created" title="Созданные">
            <parameter name="query-for-add">alias/uzdo_search_outgoing_all</parameter>

            <view module="DocumentsSearch">
                <parameter name="ds">cesearch</parameter>
                <parameter name="query">alias/uzdo_search_outgoing_all</parameter>
                <parameter name="toolbar">document-basket-actions-process</parameter>
                <parameter name="download" from="download"/>
                <parameter name="print" from="print"/>
                <parameter name="filter">
                    <parameter name="byDocStatus">tn_created</parameter>
                </parameter>
            </view>
        </node-template>

        <node-template id="outcoming_projects_rework" title="На доработке">
            <parameter name="query-for-add">alias/uzdo_search_outgoing_all</parameter>

            <view module="DocumentsSearch">
                <parameter name="ds">cesearch</parameter>
                <parameter name="query">alias/uzdo_search_outgoing_all</parameter>
                <parameter name="toolbar">document-basket-actions-process</parameter>
                <parameter name="download" from="download"/>
                <parameter name="print" from="print"/>
                <parameter name="filter">
                    <parameter name="byDocStatus">tn_rework</parameter>
                </parameter>
            </view>
        </node-template>

        <auto-open ds="cesearch" query="alias:uzdo_search_outgoing_all">
            <set-filter name="byDocStatus" from="tn_createdParam" />
            <set-filter name="byDocStatus" from="tn_reworkParam" />
        </auto-open>

        <view module="DocumentsSearch">
            <parameter name="ds">cesearch</parameter>
            <parameter name="query">alias/uzdo_search_outgoing_all</parameter>
            <parameter name="toolbar">document-basket-actions-process</parameter>
            <parameter name="download" from="download"/>
            <parameter name="print" from="print"/>
            <parameter name="filter">
                <parameter name="byDocStatus">
                    <parameter name="0">tn_created</parameter>
                    <parameter name="1">tn_rework</parameter>
                </parameter>
            </parameter>
        </view>
    </node-template>

    <node-template id="outcoming_expect" title="Ожидают">
        <parameter name="query-for-add">alias/uzdo_search_outgoing_all</parameter>

        <node-template id="outcoming_expect_sign" title="Проекты на подписании">
            <parameter name="query-for-add">alias/uzdo_search_outgoing_all</parameter>

            <view module="DocumentsSearch">
                <parameter name="ds">cesearch</parameter>
                <parameter name="query">alias/uzdo_search_outgoing_all</parameter>
                <parameter name="toolbar">document-basket-actions-process</parameter>
                <parameter name="download" from="download"/>
                <parameter name="print" from="print"/>
                <parameter name="filter">
                    <parameter name="byDocStatus">
                        <parameter name="0">tn_sign_await</parameter>
                    </parameter>
                </parameter>
            </view>
        </node-template>

        <node-template id="outcoming_expect_destroy" title="Ожидают аннулирования">
            <parameter name="query-for-add">alias/uzdo_search_outgoing_all</parameter>

            <view module="DocumentsSearch">
                <parameter name="ds">cesearch</parameter>
                <parameter name="query">alias/uzdo_search_outgoing_all</parameter>
                <parameter name="toolbar">document-basket-actions-process</parameter>
                <parameter name="download" from="download"/>
                <parameter name="print" from="print"/>
                <parameter name="filter">
                    <parameter name="byDocStatus">sys_annulment_await</parameter>
                </parameter>
            </view>
        </node-template>

        <auto-open ds="cesearch" query="alias:uzdo_search_outgoing_all">
            <set-filter name="byDocStatus" from="sys_annulment_awaitParam" />
            <set-filter name="byDocStatus" from="tn_sign_awaitParam" />
            <set-filter name="byDocStatus" from="tn_agreementParam" />
        </auto-open>

        <view module="DocumentsSearch">
            <parameter name="ds">cesearch</parameter>
            <parameter name="query">alias/uzdo_search_outgoing_all</parameter>
            <parameter name="toolbar">document-basket-actions-process</parameter>
            <parameter name="download" from="download"/>
            <parameter name="print" from="print"/>
            <parameter name="filter">
                <parameter name="byDocStatus">
                    <parameter name="0">sys_annulment_await</parameter>
                    <parameter name="1">tn_sign_await</parameter>
                    <parameter name="2">tn_agreement</parameter>
                </parameter>
            </parameter>
        </view>
    </node-template>

    <node-template id="outcoming_in" title="В работе">
        <parameter name="query-for-add">alias/uzdo_search_outgoing_all</parameter>

        <node-template id="outcoming_in_unapprove" title="Несогласованные проекты">
            <parameter name="query-for-add">alias/uzdo_search_outgoing_all</parameter>

            <view module="DocumentsSearch">
                <parameter name="ds">cesearch</parameter>
                <parameter name="query">alias/uzdo_search_outgoing_all</parameter>
                <parameter name="toolbar">document-basket-actions-process</parameter>
                <parameter name="download" from="download"/>
                <parameter name="print" from="print"/>
                <parameter name="filter">
                    <parameter name="byDocStatus">tn_agreement_refused</parameter>
                </parameter>
            </view>
        </node-template>
        <node-template id="outcoming_in_signer_rejected" title="Отклоненные подписантом">
            <parameter name="query-for-add">alias/uzdo_search_outgoing_all</parameter>

            <view module="DocumentsSearch">
                <parameter name="ds">cesearch</parameter>
                <parameter name="query">alias/uzdo_search_outgoing_all</parameter>
                <parameter name="toolbar">document-basket-actions-process</parameter>
                <parameter name="download" from="download"/>
                <parameter name="print" from="print"/>
                <parameter name="filter">
                    <parameter name="byDocStatus">tn_sign_refused</parameter>
                </parameter>
            </view>
        </node-template>
        <node-template id="outcoming_in_signed" title="Подписанные проекты">
            <parameter name="query-for-add">alias/uzdo_search_outgoing_all</parameter>

            <view module="DocumentsSearch">
                <parameter name="ds">cesearch</parameter>
                <parameter name="query">alias/uzdo_search_outgoing_all</parameter>
                <parameter name="toolbar">document-basket-actions-process</parameter>
                <parameter name="download" from="download"/>
                <parameter name="print" from="print"/>
                <parameter name="filter">
                    <parameter name="byDocStatus">sys_signed</parameter>
                </parameter>
            </view>
        </node-template>
        <node-template id="outcoming_in_send" title="Отправленные контрагенту">
            <parameter name="query-for-add">alias/uzdo_search_outgoing_all</parameter>

            <view module="DocumentsSearch">
                <parameter name="ds">cesearch</parameter>
                <parameter name="query">alias/uzdo_search_outgoing_all</parameter>
                <parameter name="toolbar">document-basket-actions-process</parameter>
                <parameter name="download" from="download"/>
                <parameter name="print" from="print"/>
                <parameter name="filter">
                    <parameter name="byDocStatus">
                        <parameter name="0">sys_sent</parameter>
                        <parameter name="1">sys_receipt_received</parameter>
                    </parameter>
                </parameter>
            </view>
        </node-template>
        <node-template id="outcoming_in_signed_contragent" title="Подписанные контрагентом">
            <parameter name="query-for-add">alias/uzdo_search_outgoing_all</parameter>

            <view module="DocumentsSearch">
                <parameter name="ds">cesearch</parameter>
                <parameter name="query">alias/uzdo_search_outgoing_all</parameter>
                <parameter name="toolbar">document-basket-actions-process</parameter>
                <parameter name="download" from="download"/>
                <parameter name="print" from="print"/>
                <parameter name="filter">
                    <parameter name="byDocStatus">
                        <parameter name="0">sys_sign_received</parameter>
                    </parameter>
                </parameter>
            </view>
        </node-template>
        <node-template id="outcoming_in_rejected_contragent" title="Отклоненные контрагентом">
            <parameter name="query-for-add">alias/uzdo_search_outgoing_all</parameter>

            <view module="DocumentsSearch">
                <parameter name="ds">cesearch</parameter>
                <parameter name="query">alias/uzdo_search_outgoing_all</parameter>
                <parameter name="toolbar">document-basket-actions-process</parameter>
                <parameter name="download" from="download"/>
                <parameter name="print" from="print"/>
                <parameter name="filter">
                    <parameter name="byDocStatus">
                        <parameter name="0">tn_receipt_refused</parameter>
                    </parameter>
                </parameter>
            </view>
        </node-template>
        <node-template id="outcoming_in_requested_clarification" title="Запрошено уточнение">
            <parameter name="query-for-add">alias/uzdo_search_outgoing_all</parameter>

            <view module="DocumentsSearch">
                <parameter name="ds">cesearch</parameter>
                <parameter name="query">alias/uzdo_search_outgoing_all</parameter>
                <parameter name="toolbar">document-basket-actions-process</parameter>
                <parameter name="download" from="download"/>
                <parameter name="print" from="print"/>
                <parameter name="filter">
                    <parameter name="byDocStatus">sys_correction_requested</parameter>
                </parameter>
            </view>
        </node-template>
        <node-template id="outcoming_in_require_clarification" title="Требуют уточнения">
            <parameter name="query-for-add">alias/uzdo_search_outgoing_all</parameter>

            <view module="DocumentsSearch">
                <parameter name="ds">cesearch</parameter>
                <parameter name="query">alias/uzdo_search_outgoing_all</parameter>
                <parameter name="toolbar">document-basket-actions-process</parameter>
                <parameter name="download" from="download"/>
                <parameter name="print" from="print"/>
                <parameter name="filter">
                    <parameter name="byDocStatus">tn_claritication_required</parameter>
                </parameter>
            </view>
        </node-template>
        <node-template id="outcoming_in_requested_destroy" title="Запрошено аннулирование">
            <parameter name="query-for-add">alias/uzdo_search_outgoing_all</parameter>

            <view module="DocumentsSearch">
                <parameter name="ds">cesearch</parameter>
                <parameter name="query">alias/uzdo_search_outgoing_all</parameter>
                <parameter name="toolbar">document-basket-actions-process</parameter>
                <parameter name="download" from="download"/>
                <parameter name="print" from="print"/>
                <parameter name="filter">
                    <parameter name="byDocStatus">sys_annulment_required</parameter>
                </parameter>
            </view>
        </node-template>

        <auto-open ds="cesearch" query="alias:uzdo_search_outgoing_all">
            <set-filter name="byDocStatus" from="tn_agreement_refusedParam" />
            <set-filter name="byDocStatus" from="tn_sign_refusedParam" />
            <set-filter name="byDocStatus" from="sys_signedParam" />
            <set-filter name="byDocStatus" from="sys_sentParam" />
            <set-filter name="byDocStatus" from="sys_sign_receivedParam" />
            <set-filter name="byDocStatus" from="sys_receipt_receivedParam" />
            <set-filter name="byDocStatus" from="sys_correction_requestedParam" />
            <set-filter name="byDocStatus" from="tn_claritication_requiredParam" />
            <set-filter name="byDocStatus" from="sys_annulment_requiredParam" />
        </auto-open>

        <view module="DocumentsSearch">
            <parameter name="ds">cesearch</parameter>
            <parameter name="query">alias/uzdo_search_outgoing_all</parameter>
            <parameter name="toolbar">document-basket-actions-process</parameter>
            <parameter name="download" from="download"/>
            <parameter name="print" from="print"/>
            <parameter name="filter">
                <parameter name="byDocStatus">
                    <parameter name="0">tn_agreement_refused</parameter>
                    <parameter name="1">tn_sign_refused</parameter>
                    <parameter name="2">sys_signed</parameter>
                    <parameter name="3">sys_sent</parameter>
                    <parameter name="4">sys_sign_received</parameter>
                    <parameter name="5">sys_receipt_received</parameter>
                    <parameter name="6">tn_receipt_refused</parameter>
                    <parameter name="7">sys_correction_requested</parameter>
                    <parameter name="8">tn_claritication_required</parameter>
                    <parameter name="9">sys_annulment_required</parameter>
                </parameter>
            </parameter>
        </view>
    </node-template>

    <node-template id="outcoming_treated" title="Обработанные">
        <parameter name="query-for-add">alias/uzdo_search_outgoing_all</parameter>

        <node-template id="outcoming_treated_deleted" title="Удаленные проекты">
            <parameter name="query-for-add">alias/uzdo_search_outgoing_all</parameter>

            <view module="DocumentsSearch">
                <parameter name="ds">cesearch</parameter>
                <parameter name="query">alias/uzdo_search_outgoing_all</parameter>
                <parameter name="toolbar">document-basket-actions-process</parameter>
                <parameter name="download" from="download"/>
                <parameter name="print" from="print"/>
                <parameter name="filter">
                    <parameter name="byDocStatus">tn_removed</parameter>
                </parameter>
            </view>
        </node-template>
        <node-template id="outcoming_treated_corrected" title="Исправленные">
            <parameter name="query-for-add">alias/uzdo_search_outgoing_all</parameter>

            <view module="DocumentsSearch">
                <parameter name="ds">cesearch</parameter>
                <parameter name="query">alias/uzdo_search_outgoing_all</parameter>
                <parameter name="toolbar">document-basket-actions-process</parameter>
                <parameter name="download" from="download"/>
                <parameter name="print" from="print"/>
                <parameter name="filter">
                    <parameter name="byDocStatus">tn_amended</parameter>
                </parameter>
            </view>
        </node-template>
        <node-template id="outcoming_treated_adjusted" title="Откорректированные">
            <parameter name="query-for-add">alias/uzdo_search_outgoing_all</parameter>

            <view module="DocumentsSearch">
                <parameter name="ds">cesearch</parameter>
                <parameter name="query">alias/uzdo_search_outgoing_all</parameter>
                <parameter name="toolbar">document-basket-actions-process</parameter>
                <parameter name="download" from="download"/>
                <parameter name="print" from="print"/>
                <parameter name="filter">
                    <parameter name="byDocStatus">tn_corrected</parameter>
                </parameter>
            </view>
        </node-template>
        <node-template id="outcoming_treated_morque" title="Завершившие ЭДО">
            <parameter name="query-for-add">alias/uzdo_search_outgoing_all</parameter>

            <view module="DocumentsSearch">
                <parameter name="ds">cesearch</parameter>
                <parameter name="query">alias/uzdo_search_outgoing_all</parameter>
                <parameter name="toolbar">document-basket-actions-process</parameter>
                <parameter name="download" from="download"/>
                <parameter name="print" from="print"/>
                <parameter name="filter">
                    <parameter name="byDocStatus">sys_completed</parameter>
                </parameter>
            </view>
        </node-template>
        <node-template id="outcoming_treated_canceled" title="Аннулированные">
            <parameter name="query-for-add">alias/uzdo_search_outgoing_all</parameter>

            <view module="DocumentsSearch">
                <parameter name="ds">cesearch</parameter>
                <parameter name="query">alias/uzdo_search_outgoing_all</parameter>
                <parameter name="toolbar">document-basket-actions-process</parameter>
                <parameter name="download" from="download"/>
                <parameter name="print" from="print"/>
                <parameter name="filter">
                    <parameter name="byDocStatus">sys_annuled</parameter>
                </parameter>
            </view>
        </node-template>
        <node-template id="outcoming_treated_cancel_rejected" title="Отказано в аннулировании">
            <parameter name="query-for-add">alias/uzdo_search_outgoing_all</parameter>

            <view module="DocumentsSearch">
                <parameter name="ds">cesearch</parameter>
                <parameter name="query">alias/uzdo_search_outgoing_all</parameter>
                <parameter name="toolbar">document-basket-actions-process</parameter>
                <parameter name="download" from="download"/>
                <parameter name="print" from="print"/>
                <parameter name="filter">
                    <parameter name="byDocStatus">sys_annulment_refused</parameter>
                </parameter>
            </view>
        </node-template>

        <auto-open ds="cesearch" query="alias:uzdo_search_outgoing_all">
            <set-filter name="byDocStatus" from="tn_removedParam" />
            <set-filter name="byDocStatus" from="tn_amendedParam" />
            <set-filter name="byDocStatus" from="tn_correctedParam" />
            <set-filter name="byDocStatus" from="sys_completedParam" />
            <set-filter name="byDocStatus" from="sys_annuledParam" />
            <set-filter name="byDocStatus" from="sys_annulment_refusedParam" />
        </auto-open>

        <view module="DocumentsSearch">
            <parameter name="ds">cesearch</parameter>
            <parameter name="query">alias/uzdo_search_outgoing_all</parameter>
            <parameter name="toolbar">document-basket-actions-process</parameter>
            <parameter name="download" from="download"/>
            <parameter name="print" from="print"/>
            <parameter name="filter">
                <parameter name="byDocStatus">
                    <parameter name="0">tn_removed</parameter>
                    <parameter name="1">tn_amended</parameter>
                    <parameter name="2">tn_corrected</parameter>
                    <parameter name="3">sys_completed</parameter>
                    <parameter name="4">sys_annuled</parameter>
                    <parameter name="5">sys_annulment_refused</parameter>
                </parameter>
            </parameter>
        </view>
    </node-template>

    <node-template id="outcoming_system" title="Системные">
        <parameter name="query-for-add">alias/uzdo_search_outgoing_all</parameter>

        <node-template id="outcoming_system_send" title="Отправка в смежную ИС">
            <parameter name="query-for-add">alias/uzdo_search_sending_linked_systems_outgoing</parameter>

            <view module="DocumentsSearch">
                <parameter name="ds">cesearch</parameter>
                <parameter name="query">alias/uzdo_search_sending_linked_systems_outgoing</parameter>
                <parameter name="toolbar">document-basket-actions-process</parameter>
                <parameter name="download" from="download"/>
                <parameter name="print" from="print"/>
                <parameter name="filter">
                    <parameter name="byDocStatus">
                        <parameter name="0">tn_ehd_sending</parameter>
                        <parameter name="1">tn_sed_sending</parameter>
                        <parameter name="2">tn_us_sending</parameter>
                    </parameter>
                </parameter>
            </view>
        </node-template>
        <node-template id="outcoming_system_error" title="Ошибка в обработке">
            <parameter name="query-for-add">alias/outgoing_error_documents</parameter>

            <view module="DocumentsSearch">
                <parameter name="ds">cesearch</parameter>
                <parameter name="query">alias/outgoing_error_documents</parameter>
                <parameter name="toolbar">document-basket-actions-process</parameter>
                <parameter name="download" from="download"/>
                <parameter name="print" from="print"/>
                <parameter name="filter">
                    <parameter name="byDocStatus">tn_error</parameter>
                </parameter>

                <!-- Ошибка в обработке - нет такого статуса -->
            </view>
        </node-template>

        <auto-open ds="cesearch" query="alias:uzdo_search_outgoing_all">
            <set-filter name="byDocStatus" from="tn_ehd_sendingParam" />
            <set-filter name="byDocStatus" from="tn_sed_sendingParam" />
            <set-filter name="byDocStatus" from="tn_us_sendingParam" />
            <set-filter name="byDocStatus" from="tn_errorParam" />
        </auto-open>

        <view module="DocumentsSearch">
            <parameter name="ds">cesearch</parameter>
            <parameter name="query">alias/uzdo_search_outgoing_all</parameter>
            <parameter name="toolbar">document-basket-actions-process</parameter>
            <parameter name="download" from="download"/>
            <parameter name="print" from="print"/>
            <parameter name="filter">
                <parameter name="byDocStatus">
                    <parameter name="0">tn_ehd_sending</parameter>
                    <parameter name="1">tn_sed_sending</parameter>
                    <parameter name="2">tn_us_sending</parameter>
                    <parameter name="3">tn_error</parameter>
                </parameter>
            </parameter>
        </view>
    </node-template>

    <auto-open ds="cesearch" query="alias:uzdo_search_outgoing_all">
    </auto-open>

    <view module="DocumentsSearch">
        <!--<parameter name="ds">registry</parameter>-->
        <!--<parameter name="query">cesearch/search1</parameter>-->
        <parameter name="ds">cesearch</parameter>
        <parameter name="query">alias/uzdo_search_outgoing_all</parameter>
        <parameter name="toolbar">document-basket-actions-process</parameter>
        <parameter name="download" from="download"/>
        <parameter name="print" from="print"/>
    </view>
</node-template>