<?xml version="1.0" encoding="UTF-8"?>
<node-template prefix="internal_root_folder_" ds="SearchEngine" title="На хранении" allowed-roles="Архив.Внутренние"
               xmlns:st="http://blogic20.ru/2016/ConfigModuleUtils.xml">
    <view module="MessageModule">
        <parameter name="message">Нет данных для отображения</parameter>
    </view>

    <query>
        <parameter name="engine">cesearch</parameter>
        <parameter name="query"><st:property id="rootdir" default=""/>/search/search_in_root_folder.xml</parameter>
        <parameter name="byIdFilter">byId</parameter>
        <parameter name="filters">
            <parameter name="byFolderName">Архив.Внутренние</parameter>
        </parameter>
    </query>
    <node-template prefix="internal_folder_" ds="SearchEngine" title="@{ArchiveFolderName}">
        <query>
            <parameter name="engine">cesearch</parameter>
            <parameter name="query"><st:property id="rootdir" default=""/>/search/archive_search.xml</parameter>
            <parameter name="byIdFilter">byId</parameter>
            <parameter name="filters">
                <parameter name="byParentId"><from name="ID"/></parameter>
            </parameter>
        </query>
        <node-template-repeat link="/internal/internal_root_folder_/internal_folder_"/>
        <view module="DocumentsSearch">
            <parameter name="ds">cesearch</parameter>
            <parameter name="query">alias/uzdo_search_archive</parameter>
            <parameter name="toolbar">archive-basket-actions</parameter>
            <parameter name="filter">
                <parameter name="byId"><from name="ID"/></parameter>
            </parameter>
        </view>
    </node-template>
</node-template>