<?xml version="1.0" encoding="UTF-8" standalone="yes"?>
<operators>
    <operator create="2000-01-01" code="LB1" name="Внутренний оператор" agreements-enabled="false">
        <auth type="LOGIN">
            <params>
                <item name="login" value="${lb1.login}"/>
                <item name="password" value="${lb1.password}"/>
            </params>
        </auth>
        <routing>
            <criteria>
                <property name="LbEdfDocType" value="NON_FORMALIZED" />
                <property name="LbEdfRecipientINN" value="9600000055" />
                <property name="LbEdfRecipientKPP" value="960000005" />
            </criteria>
        </routing>
    </operator>
    <operator create="2000-01-01" code="2BM" name="Диадок" agreements-enabled="true" disableRoamingAbonents="false">
        <auth type="LOGIN">
            <params>
                <item name="login" value="${2bm.login}"/>
                <item name="password" value="${2bm.password}"/>
            </params>
        </auth>
        <routing default="true" />
    </operator>
</operators>