<?xml version="1.0" encoding="UTF-8"?>
<node-template id="incoming_all" title="Входящие" allowed-roles="Документ.Входящие">
    <parameter name="query-for-add">alias/uzdo_search_incoming_all</parameter>
    <parameter name="print">incoming-print</parameter>
    <parameter name="download">incoming-download</parameter>

    <node-template id="incoming_received" title="Полученные">
        <parameter name="query-for-add">alias/uzdo_search_incoming_all</parameter>

        <node-template id="incoming_received_sorted" title="Полученные">
            <parameter name="query-for-add">alias/uzdo_search_incoming_sorted</parameter>

            <view module="DocumentsSearch">
                <parameter name="ds">cesearch</parameter>
                <parameter name="query">alias/uzdo_search_incoming_sorted</parameter>
                <parameter name="toolbar">document-basket-actions-process</parameter>
                <parameter name="download" from="download"/>
                <parameter name="print" from="print"/>
                <parameter name="filter">
                    <parameter name="byDocStatus">sys_received</parameter>
                    <!-- + в поиске настроено отображать документы с договором и статусом контаргента = подписан -->
                </parameter>
            </view>
        </node-template>
        <node-template id="incoming_received_unsort" title="Несортированные">
            <parameter name="query-for-add">alias/uzdo_search_incoming_not_sorted</parameter>

            <view module="DocumentsSearch">
                <parameter name="ds">cesearch</parameter>
                <parameter name="query">alias/uzdo_search_incoming_not_sorted</parameter>
                <parameter name="toolbar">document-basket-actions-process</parameter>
                <parameter name="download" from="download"/>
                <parameter name="print" from="print"/>
                <parameter name="filter">
                    <parameter name="byDocStatus">sys_received</parameter>
                    <!-- + в поиске настроено отображать документы без договора и без статуса контаргента = подписан -->
                </parameter>
            </view>
        </node-template>

        <auto-open ds="cesearch" query="alias:uzdo_search_incoming_all">
            <set-filter name="byDocStatus" from="sys_receivedParam" />
        </auto-open>

        <view module="DocumentsSearch">
            <parameter name="ds">cesearch</parameter>
            <parameter name="query">alias/uzdo_search_incoming_all</parameter>
            <parameter name="toolbar">document-basket-actions-process</parameter>
            <parameter name="download" from="download"/>
            <parameter name="print" from="print"/>
            <parameter name="filter">
                <parameter name="byDocStatus">
                    <parameter name="0">sys_received</parameter>
                </parameter>
            </parameter>
        </view>
    </node-template>

    <node-template id="incoming_expect" title="Ожидают">
        <parameter name="query-for-add">alias/uzdo_search_incoming_all</parameter>

        <node-template id="incoming_expect_elaboration" title="Уточняются">
            <parameter name="query-for-add">alias/uzdo_search_incoming_all</parameter>

            <view module="DocumentsSearch">
                <parameter name="ds">cesearch</parameter>
                <parameter name="query">alias/uzdo_search_incoming_all</parameter>
                <parameter name="toolbar">document-basket-actions-process</parameter>
                <parameter name="download" from="download"/>
                <parameter name="print" from="print"/>
                <parameter name="filter">
                    <parameter name="byDocStatus">tn_claritication_await</parameter>
                </parameter>
            </view>
        </node-template>
        <node-template id="incoming_expect_destroy" title="Ожидают аннулирования">
            <parameter name="query-for-add">alias/uzdo_search_incoming_all</parameter>

            <view module="DocumentsSearch">
                <parameter name="ds">cesearch</parameter>
                <parameter name="query">alias/uzdo_search_incoming_all</parameter>
                <parameter name="toolbar">document-basket-actions-process</parameter>
                <parameter name="download" from="download"/>
                <parameter name="print" from="print"/>
                <parameter name="filter">
                    <parameter name="byDocStatus">sys_annulment_await</parameter>
                </parameter>
            </view>
        </node-template>
        <node-template id="incoming_expect_sign" title="На подписании">
            <parameter name="query-for-add">alias/uzdo_search_incoming_all</parameter>

            <view module="DocumentsSearch">
                <parameter name="ds">cesearch</parameter>
                <parameter name="query">alias/uzdo_search_incoming_all</parameter>
                <parameter name="toolbar">document-basket-actions-process</parameter>
                <parameter name="download" from="download"/>
                <parameter name="print" from="print"/>
                <parameter name="filter">
                    <parameter name="byDocStatus">tn_sign_await</parameter>
                </parameter>
            </view>
        </node-template>
        <node-template id="incoming_expect_approve" title="На согласовании">
            <parameter name="query-for-add">alias/uzdo_search_incoming_all</parameter>

            <view module="DocumentsSearch">
                <parameter name="ds">cesearch</parameter>
                <parameter name="query">alias/uzdo_search_incoming_all</parameter>
                <parameter name="toolbar">document-basket-actions-process</parameter>
                <parameter name="download" from="download"/>
                <parameter name="print" from="print"/>
                <parameter name="filter">
                    <parameter name="byDocStatus">tn_agreement</parameter>
                </parameter>
            </view>
        </node-template>

        <auto-open ds="cesearch" query="alias:uzdo_search_incoming_all">
            <set-filter name="byDocStatus" from="tn_claritication_awaitParam" />
            <set-filter name="byDocStatus" from="sys_annulment_awaitParam" />
            <set-filter name="byDocStatus" from="tn_sign_awaitParam" />
            <set-filter name="byDocStatus" from="tn_agreementParam" />
        </auto-open>

        <view module="DocumentsSearch">
            <parameter name="ds">cesearch</parameter>
            <parameter name="query">alias/uzdo_search_incoming_all</parameter>
            <parameter name="toolbar">document-basket-actions-process</parameter>
            <parameter name="download" from="download"/>
            <parameter name="print" from="print"/>
            <parameter name="filter">
                <parameter name="byDocStatus">
                    <parameter name="0">tn_claritication_await</parameter>
                    <parameter name="1">sys_annulment_await</parameter>
                    <parameter name="2">tn_sign_await</parameter>
                    <parameter name="3">tn_agreement</parameter>
                </parameter>
            </parameter>
        </view>
    </node-template>

    <node-template id="incoming_in" title="В работе">
        <parameter name="query-for-add">alias/uzdo_search_incoming_all</parameter>

        <node-template id="incoming_in_approved" title="Согласованные">
            <parameter name="query-for-add">alias/uzdo_search_incoming_all</parameter>

            <view module="DocumentsSearch">
                <parameter name="ds">cesearch</parameter>
                <parameter name="query">alias/uzdo_search_incoming_all</parameter>
                <parameter name="toolbar">document-basket-actions-process</parameter>
                <parameter name="download" from="download"/>
                <parameter name="print" from="print"/>
                <parameter name="filter">
                    <parameter name="byDocStatus">tn_agreement_approved</parameter>
                </parameter>
            </view>
        </node-template>

        <node-template id="incoming_in_signed" title="Подписанные">
            <parameter name="query-for-add">alias/uzdo_search_incoming_all</parameter>

            <view module="DocumentsSearch">
                <parameter name="ds">cesearch</parameter>
                <parameter name="query">alias/uzdo_search_incoming_all</parameter>
                <parameter name="toolbar">document-basket-actions-process</parameter>
                <parameter name="download" from="download"/>
                <parameter name="print" from="print"/>
                <parameter name="filter">
                    <parameter name="byDocStatus">sys_signed</parameter>
                </parameter>
            </view>
        </node-template>

        <node-template id="incoming_in_unapproved" title="Несогласованные">
            <parameter name="query-for-add">alias/uzdo_search_incoming_all</parameter>

            <view module="DocumentsSearch">
                <parameter name="ds">cesearch</parameter>
                <parameter name="query">alias/uzdo_search_incoming_all</parameter>
                <parameter name="toolbar">document-basket-actions-process</parameter>
                <parameter name="download" from="download"/>
                <parameter name="print" from="print"/>
                <parameter name="filter">
                    <parameter name="byDocStatus">tn_agreement_refused</parameter>
                </parameter>
            </view>
        </node-template>
        <node-template id="incoming_in_rejected" title="Отклоненные подписантом">
            <parameter name="query-for-add">alias/uzdo_search_incoming_all</parameter>

            <view module="DocumentsSearch">
                <parameter name="ds">cesearch</parameter>
                <parameter name="query">alias/uzdo_search_incoming_all</parameter>
                <parameter name="toolbar">document-basket-actions-process</parameter>
                <parameter name="download" from="download"/>
                <parameter name="print" from="print"/>
                <parameter name="filter">
                    <parameter name="byDocStatus">tn_sign_refused</parameter>
                </parameter>
            </view>
        </node-template>

        <node-template id="incoming_in_send" title="Отправленные контрагенту">
            <parameter name="query-for-add">alias/uzdo_search_incoming_all</parameter>

            <view module="DocumentsSearch">
                <parameter name="ds">cesearch</parameter>
                <parameter name="query">alias/uzdo_search_incoming_all</parameter>
                <parameter name="toolbar">document-basket-actions-process</parameter>
                <parameter name="download" from="download"/>
                <parameter name="print" from="print"/>
                <parameter name="filter">
                    <parameter name="byDocStatus">sys_sent</parameter>
                </parameter>
            </view>
        </node-template>
        <node-template id="incoming_in_rework" title="На доработке">
            <parameter name="query-for-add">alias/uzdo_search_incoming_all</parameter>

            <view module="DocumentsSearch">
                <parameter name="ds">cesearch</parameter>
                <parameter name="query">alias/uzdo_search_incoming_all</parameter>
                <parameter name="toolbar">document-basket-actions-process</parameter>
                <parameter name="download" from="download"/>
                <parameter name="print" from="print"/>
                <parameter name="filter">
                    <parameter name="byDocStatus">tn_rework</parameter>
                </parameter>
            </view>
        </node-template>
        <node-template id="incoming_in_elaboration" title="Требуют уточнения">
            <parameter name="query-for-add">alias/uzdo_search_incoming_all</parameter>

            <view module="DocumentsSearch">
                <parameter name="ds">cesearch</parameter>
                <parameter name="query">alias/uzdo_search_incoming_all</parameter>
                <parameter name="toolbar">document-basket-actions-process</parameter>
                <parameter name="download" from="download"/>
                <parameter name="print" from="print"/>
                <parameter name="filter">
                    <parameter name="byDocStatus">tn_claritication_required</parameter>
                </parameter>
            </view>
        </node-template>
        <node-template id="incoming_in_destroy" title="Запрошено аннулирование">
            <parameter name="query-for-add">alias/uzdo_search_incoming_all</parameter>

            <view module="DocumentsSearch">
                <parameter name="ds">cesearch</parameter>
                <parameter name="query">alias/uzdo_search_incoming_all</parameter>
                <parameter name="toolbar">document-basket-actions-process</parameter>
                <parameter name="download" from="download"/>
                <parameter name="print" from="print"/>
                <parameter name="filter">
                    <parameter name="byDocStatus">sys_annulment_required</parameter>
                </parameter>
            </view>
        </node-template>

        <auto-open ds="cesearch" query="alias:uzdo_search_incoming_all">
            <set-filter name="byDocStatus" from="tn_agreement_approvedParam" />
            <set-filter name="byDocStatus" from="sys_signedParam" />
            <set-filter name="byDocStatus" from="tn_agreement_refusedParam" />
            <set-filter name="byDocStatus" from="tn_sign_refusedParam" />
            <set-filter name="byDocStatus" from="sys_sentParam" />
            <set-filter name="byDocStatus" from="tn_reworkParam" />
            <set-filter name="byDocStatus" from="tn_claritication_requiredParam" />
            <set-filter name="byDocStatus" from="sys_annulment_requiredParam" />
        </auto-open>

        <view module="DocumentsSearch">
            <parameter name="ds">cesearch</parameter>
            <parameter name="query">alias/uzdo_search_incoming_all</parameter>
            <parameter name="toolbar">document-basket-actions-process</parameter>
            <parameter name="download" from="download"/>
            <parameter name="print" from="print"/>
            <parameter name="filter">
                <parameter name="byDocStatus">
                    <parameter name="0">tn_agreement_approved</parameter>
                    <parameter name="1">sys_signed</parameter>
                    <parameter name="2">tn_agreement_refused</parameter>
                    <parameter name="3">tn_sign_refused</parameter>
                    <parameter name="4">sys_sent</parameter>
                    <parameter name="5">tn_rework</parameter>
                    <parameter name="6">tn_claritication_required</parameter>
                    <parameter name="7">sys_annulment_required</parameter>
                </parameter>
            </parameter>
        </view>
    </node-template>

    <node-template id="incoming_treated" title="Обработанные">
        <parameter name="query-for-add">alias/uzdo_search_incoming_all</parameter>

        <node-template id="incoming_treated_corrected" title="Исправленные">
            <parameter name="query-for-add">alias/uzdo_search_incoming_all</parameter>

            <view module="DocumentsSearch">
                <parameter name="ds">cesearch</parameter>
                <parameter name="query">alias/uzdo_search_incoming_all</parameter>
                <parameter name="toolbar">document-basket-actions-process</parameter>
                <parameter name="download" from="download"/>
                <parameter name="print" from="print"/>
                <parameter name="filter">
                    <parameter name="byDocStatus">tn_amended</parameter>
                </parameter>
            </view>
        </node-template>
        <node-template id="incoming_treated_adjusted" title="Откорректированные">
            <parameter name="query-for-add">alias/uzdo_search_incoming_all</parameter>

            <view module="DocumentsSearch">
                <parameter name="ds">cesearch</parameter>
                <parameter name="query">alias/uzdo_search_incoming_all</parameter>
                <parameter name="toolbar">document-basket-actions-process</parameter>
                <parameter name="download" from="download"/>
                <parameter name="print" from="print"/>
                <parameter name="filter">
                    <parameter name="byDocStatus">tn_corrected</parameter>
                </parameter>
            </view>
        </node-template>
        <node-template id="incoming_treated_destroyed" title="Аннулированные">
            <parameter name="query-for-add">alias/uzdo_search_incoming_all</parameter>

            <view module="DocumentsSearch">
                <parameter name="ds">cesearch</parameter>
                <parameter name="query">alias/uzdo_search_incoming_all</parameter>
                <parameter name="toolbar">document-basket-actions-process</parameter>
                <parameter name="download" from="download"/>
                <parameter name="print" from="print"/>
                <parameter name="filter">
                    <parameter name="byDocStatus">sys_annuled</parameter>
                </parameter>
            </view>
        </node-template>
        <node-template id="incoming_treated_destroy_rejected" title="Отказано в аннулировании">
            <parameter name="query-for-add">alias/uzdo_search_incoming_all</parameter>

            <view module="DocumentsSearch">
                <parameter name="ds">cesearch</parameter>
                <parameter name="query">alias/uzdo_search_incoming_all</parameter>
                <parameter name="toolbar">document-basket-actions-process</parameter>
                <parameter name="download" from="download"/>
                <parameter name="print" from="print"/>
                <parameter name="filter">
                    <parameter name="byDocStatus">sys_annulment_refused</parameter>
                </parameter>
            </view>
        </node-template>
        <node-template id="incoming_treated_sign_rejected" title="Отказано в подписании">
            <parameter name="query-for-add">alias/uzdo_search_incoming_all</parameter>

            <view module="DocumentsSearch">
                <parameter name="ds">cesearch</parameter>
                <parameter name="query">alias/uzdo_search_incoming_all</parameter>
                <parameter name="toolbar">document-basket-actions-process</parameter>
                <parameter name="download" from="download"/>
                <parameter name="print" from="print"/>
                <parameter name="filter">
                    <parameter name="byDocStatus">sys_sign_rejected</parameter>
                </parameter>
            </view>
        </node-template>
        <node-template id="incoming_morgue" title="Завершившие ЭДО">
            <parameter name="query-for-add">alias/uzdo_search_incoming_all</parameter>

            <view module="DocumentsSearch">
                <parameter name="ds">cesearch</parameter>
                <parameter name="query">alias/uzdo_search_incoming_all</parameter>
                <parameter name="toolbar">document-basket-actions-process</parameter>
                <parameter name="download" from="download"/>
                <parameter name="print" from="print"/>
                <parameter name="filter">
                    <parameter name="byDocStatus">sys_completed</parameter>
                </parameter>
            </view>
        </node-template>

        <auto-open ds="cesearch" query="alias:uzdo_search_incoming_all">
            <set-filter name="byDocStatus" from="tn_amendedParam" />
            <set-filter name="byDocStatus" from="tn_correctedParam" />
            <set-filter name="byDocStatus" from="sys_annuledParam" />
            <set-filter name="byDocStatus" from="sys_annulment_refusedParam" />
            <set-filter name="byDocStatus" from="sys_sign_rejectedParam" />
            <set-filter name="byDocStatus" from="sys_completedParam" />
        </auto-open>

        <view module="DocumentsSearch">
            <parameter name="ds">cesearch</parameter>
            <parameter name="query">alias/uzdo_search_incoming_all</parameter>
            <parameter name="toolbar">document-basket-actions-process</parameter>
            <parameter name="download" from="download"/>
            <parameter name="print" from="print"/>
            <parameter name="filter">
                <parameter name="byDocStatus">
                    <parameter name="0">tn_amended</parameter>
                    <parameter name="1">tn_corrected</parameter>
                    <parameter name="2">sys_annuled</parameter>
                    <parameter name="3">sys_annulment_refused</parameter>
                    <parameter name="4">sys_sign_rejected</parameter>
                    <parameter name="5">sys_completed</parameter>
                </parameter>
            </parameter>
        </view>
    </node-template>

    <node-template id="incoming_system" title="Системные">
        <parameter name="query-for-add">alias/uzdo_search_incoming_all</parameter>

        <node-template id="incoming_send_to_is" title="Отправка в смежную ИС">
            <parameter name="query-for-add">alias/uzdo_search_sending_linked_systems_incoming</parameter>

            <view module="DocumentsSearch">
                <parameter name="ds">cesearch</parameter>
                <parameter name="query">alias/uzdo_search_sending_linked_systems_incoming</parameter>
                <parameter name="toolbar">document-basket-actions-process</parameter>
                <parameter name="download" from="download"/>
                <parameter name="print" from="print"/>
                <parameter name="filter">
                    <parameter name="byDocStatus">
                        <parameter name="0">tn_ehd_sending</parameter>
                        <parameter name="1">tn_sed_sending</parameter>
                        <parameter name="2">tn_us_sending</parameter>
                    </parameter>
                </parameter>
            </view>
        </node-template>
        <node-template id="incoming_system_error" title="Ошибка в обработке">
            <parameter name="query-for-add">alias/incoming_error_documents</parameter>
            <view module="DocumentsSearch">
                <parameter name="ds">cesearch</parameter>
                <parameter name="query">alias/incoming_error_documents</parameter>
                <parameter name="toolbar">document-basket-actions-process</parameter>
                <parameter name="download" from="download"/>
                <parameter name="print" from="print"/>
                <parameter name="filter">
                    <parameter name="byDocStatus">tn_error</parameter>
                </parameter>
            </view>
        </node-template>

        <auto-open ds="cesearch" query="alias:uzdo_search_incoming_all">
            <set-filter name="byDocStatus" from="tn_ehd_sendingParam" />
            <set-filter name="byDocStatus" from="tn_sed_sendingParam" />
            <set-filter name="byDocStatus" from="tn_us_sendingParam" />
            <set-filter name="byDocStatus" from="tn_errorParam" />
        </auto-open>

        <view module="DocumentsSearch">
            <parameter name="ds">cesearch</parameter>
            <parameter name="query">alias/uzdo_search_incoming_all</parameter>
            <parameter name="toolbar">document-basket-actions-process</parameter>
            <parameter name="download" from="download"/>
            <parameter name="print" from="print"/>
            <parameter name="filter">
                <parameter name="byDocStatus">
                    <parameter name="0">tn_ehd_sending</parameter>
                    <parameter name="1">tn_sed_sending</parameter>
                    <parameter name="2">tn_us_sending</parameter>
                    <parameter name="3">tn_error</parameter>
                </parameter>
            </parameter>
        </view>
    </node-template>

    <auto-open ds="cesearch" query="alias:uzdo_search_incoming_all">

    </auto-open>

    <view module="DocumentsSearch">
        <parameter name="ds">cesearch</parameter>
        <parameter name="query">alias/uzdo_search_incoming_all</parameter>
        <parameter name="toolbar">document-basket-actions-process</parameter>
        <parameter name="download" from="download"/>
        <parameter name="print" from="print"/>
        <parameter name="defaultSearch"/>
    </view>
</node-template>