<?xml version="1.0" encoding="UTF-8" standalone="yes"?>
<query>
    <page-size>20</page-size>

    <table id="Folder" alias="folder"/>

    <where>folder.Parent = OBJECT('/')</where>

    <column	title="Идентификатор"       table="folder" id="ID"                  type="ID"       hidden="false" primary-key="true"/>
    <column	title="Имя папки" table="folder" id="FolderName"          type="STRING"   hidden="false"/>

    <parameter name="hidden">ID</parameter>

    <filter id="byFolderName"	table="folder" column="FolderName"   operation="EQ"  multivalue="false"/>
</query>