<?xml version="1.0" encoding="UTF-8" standalone="yes"?>
<query>
    <where><![CDATA[
        S.[Id] IN SD.[LbEdfSignListId]
    ]]></where>

    <table id="LbEdfSecondaryDocument" alias="SD"/>
    <table id="LbEdfSecondaryDocSignature" alias="S"/>

    <table-join join="INNER" operation="EQ">
        <left table="SD" column="AnnotatedObject" />
        <right table="S" column="AnnotatedObject" />
    </table-join>

    <column table="SD" id="Id" alias="SecDocId" type="ID" hidden="true" />
    <column table="SD" id="AnnotatedObject" type="OBJECT" hidden="true" />
    <column table="S"  id="Id" type="ID" hidden="true" primary-key="true" />
    <column table="S"  id="AnnotatedObject" type="OBJECT" hidden="true" />
    <column table="S"  id="LbEdfVersionNumber" type="INTEGER" hidden="true" />

    <sort-rule table="S" column="LbEdfVersionNumber" order="ASC" />

    <filter table="SD" column="SecDocId" id="Id" operation="EQ" hidden="true" />
</query>