<?xml version="1.0" encoding="UTF-8" ?>
<!-- Типы связей документов -->
<data-source id="link_types" class="ru.blogic20.gp.services.list.modules.xml.XmlModule" xmlns:st="http://blogic20.ru/2016/ConfigModuleUtils.xml">
    <parameter name="tables">LINKTYPES;allow</parameter>
    <parameter name="uri"><st:property id="rootdir" default=""/>/lists/link_types.xml</parameter>
    <parameter name="LINKTYPES.tag">LINKTYPE</parameter>
    <parameter name="LINKTYPES.key">code</parameter>
    <parameter name="LINKTYPES.xpath_key">@code</parameter>
    <parameter name="LINKTYPES.key_value">@code='$condition'</parameter>
    <parameter name="LINKTYPES.columns">code;name;document_kinds</parameter>
    <parameter name="LINKTYPES.xpath_columns">@code;@name;@document_kinds</parameter>
    <parameter name="LINKTYPES.modify">MODIFY</parameter>
    <parameter name="LINKTYPES.create">CREATE</parameter>
    <parameter name="allow.tag">allow</parameter>
    <parameter name="allow.key">id</parameter>
    <parameter name="allow.xpath_key">@id</parameter>
    <parameter name="allow.key_value">@id='$condition'</parameter>
    <parameter name="allow.columns">id;link;for;value</parameter>
    <parameter name="allow.xpath_columns">@id;@link;@for;@value</parameter>
    <parameter name="allow.modify">MODIFY</parameter>
    <parameter name="allow.create">CREATE</parameter>
</data-source>