<?xml version="1.0" encoding="UTF-8" ?>
<!-- Связанный документ -->
<data-source id="linked_documents" class="ru.blogic20.gp.services.list.modules.ce.CeModule" xmlns:st="http://blogic20.ru/2016/ConfigModuleUtils.xml">
    <parameter name="ce_uri"><st:property id="filenetEngine" default=""/></parameter>
    <parameter name="domain"><st:property id="filenetDomain" default=""/></parameter>
    <parameter name="os"><st:property id="objectStore" default=""/></parameter>
    <parameter name="user"><st:property id="filenetUser" default=""/></parameter>
    <parameter name="password"><st:property id="filenetPassword" default=""/></parameter>
    <parameter name="tables">LinkedDocument</parameter>

    <parameter name="LinkedDocument.key">Id</parameter>
    <parameter name="LinkedDocument.columns">Id;VersionSeries;IsCurrentVersion;DateCreated;DateLastModified;LbEdfBarcode</parameter>
    <parameter name="LinkedDocument.create">DateCreated</parameter>
    <parameter name="LinkedDocument.modify">DateLastModified</parameter>
</data-source>