<?xml version="1.0" encoding="UTF-8"?>
<node-template id="lists" title="Справочники"
               allowed-roles="Справочники.Контрагенты,Справочники.Договоры,Справочники.Валюты,Справочники.ВидыДокументов,Справочники.Подписанты,Справочники.Пользователи,Справочники.СерверноеПодписание">
    <view module="MessageModule">
        <parameter name="message">Нет данных для отображения</parameter>
    </view>

    <node-template id="contractors" title="Контрагенты" allowed-roles="Справочники.Контрагенты">
        <view module="DocumentsSearch">
            <parameter name="ds">list</parameter>
            <parameter name="query">alias/uzdo_search_contractors</parameter>
            <parameter name="toolbar">contractor-basket-actions</parameter>
        </view>
    </node-template>

    <node-template id="contracts" title="Договоры" allowed-roles="Справочники.Договоры">
        <view module="DocumentsSearch">
            <parameter name="ds">cesearch</parameter>
            <parameter name="query">alias/uzdo_search_contracts</parameter>
            <parameter name="toolbar">contract-basket-actions</parameter>
        </view>
    </node-template>

    <node-template id="currencies" title="Валюты" allowed-roles="Справочники.Валюты">
        <view module="DocumentsSearch">
            <parameter name="ds">list</parameter>
            <parameter name="query">alias/uzdo_search_currencies</parameter>
            <parameter name="toolbar">currencies-basket-actions</parameter>
            <parameter name="filter">
                <parameter name="selectable">true</parameter>
            </parameter>
        </view>
    </node-template>

    <node-template id="doc_kinds" title="Виды документов" allowed-roles="Справочники.ВидыДокументов">
        <view module="DocumentsSearch">
            <parameter name="ds">list</parameter>
            <parameter name="query">alias/uzdo_search_doc_kinds</parameter>
            <parameter name="toolbar">dockinds-basket-actions</parameter>
        </view>
    </node-template>

    <node-template id="signers" title="Подписанты" allowed-roles="Справочники.Подписанты">
        <view module="DocumentsSearch">
            <parameter name="ds">list</parameter>
            <parameter name="query">alias/uzdo_search_signers</parameter>
            <parameter name="toolbar">signer-basket-actions</parameter>
        </view>
    </node-template>

    <node-template id="sign_service" title="Серверное подписание" allowed-roles="Справочники.СерверноеПодписание">
        <view module="DocumentsSearch">
            <parameter name="ds">sqlsearch</parameter>
            <parameter name="query">alias/sign-service-endpoint-baskets</parameter>
            <parameter name="toolbar">sign-service-endpoint-basket-actions</parameter>
        </view>
    </node-template>

</node-template>