<?xml version="1.0" encoding="UTF-8" ?>
<!-- Источник документов для связывания, возвращающий список документов, у которых нет связей типа "Счет-фактура" -->
<data-source id="documents_for_link_without_invoice_link" class="ru.blogic20.gp.services.list.modules.ce.CeModule" xmlns:st="http://blogic20.ru/2016/ConfigModuleUtils.xml">
    <parameter name="ce_uri"><st:property id="filenetEngine" default=""/></parameter>
    <parameter name="domain"><st:property id="filenetDomain" default=""/></parameter>
    <parameter name="os"><st:property id="objectStore" default=""/></parameter>
    <parameter name="user"><st:property id="filenetUser" default=""/></parameter>
    <parameter name="password"><st:property id="filenetPassword" default=""/></parameter>
    <parameter name="tables">LbEdfPrimaryDocument</parameter>

    <parameter name="LbEdfPrimaryDocument.query">SELECT PD.This, PD.Id, PD.VersionSeries, PD.LbEdfDocumentNumber, PD.LbEdfBarcode, PD.LbEdfDocumentDate, PD.LbEdfDocumentKind, PD.LbEdfSumma, PD.LbEdfContragentId, PD.DateCreated, PD.DateLastModified FROM LbEdfPrimaryDocument PD WHERE PD.IsCurrentVersion=true AND PD.LbEdfDocumentNumber IS NOT NULL AND NOT EXISTS (SELECT DL.This FROM DocumentLink DL WHERE DL.LinkType = 'INVOICE' AND DL.SourceDocumentVsid = PD.VersionSeries) AND ($condition) ORDER BY $orderBy</parameter>
    <parameter name="LbEdfPrimaryDocument.key">Id</parameter>
    <parameter name="LbEdfPrimaryDocument.columns">Id;VersionSeries;LbEdfDocumentNumber;LbEdfBarcode;LbEdfDocumentDate;LbEdfDocumentKind;LbEdfSumma;LbEdfContragentId;DateCreated;DateLastModified</parameter>
    <parameter name="LbEdfPrimaryDocument.create">DateCreated</parameter>
    <parameter name="LbEdfPrimaryDocument.modify">DateLastModified</parameter>
</data-source>