<?xml version="1.0" encoding="UTF-8" ?>
<resources>

    <group name="default" default="true" theme-name="claro">

        <resource alias="layout" value="/shared/core/main_transneft_layout.html" redirect="true" mime-type="text/html"/>

        <resource alias="dojo_theme" value="/webjars/dojo/1.10.4/dijit/themes/claro/claro.css" redirect="true" mime-type="text/css"/>
        <resource alias="dojo_table" value="/webjars/dojo/1.10.4/dojox/grid/resources/claroGrid.css" redirect="true" mime-type="text/css"/>
        <resource alias="dojo_extend_table" value="/webjars/dojo/1.10.4/dojox/grid/enhanced/resources/claro/EnhancedGrid.css" redirect="true" mime-type="text/css" />

        <resource   redirect="true"             mime-type="text/html"
                    alias="list-selector"       value="/list_selector"/>

    </group>


      <!--me - имя группы
      default = true|*false является ли темой по умолчанию
      theme-name - имя класса который надо добавить в body документа

    <group name="default" default="true" theme-name="soria">


            alias - имя группы
            value - путь к ресурсу, или ссылка на файл доступный ConfigModule.
            redirect - Если истинно, то сервис отправит клиенту код статуса 303 и ссылку указанную в value
            mime-type - тип контента, не обязателен, в случае отсутствия будет взять из ConfigModule

        <resource alias="layout" value="/shared/core/main_layout.html" redirect="true" mime-type="text/html"/>

        <resource alias="dojo_theme" value="/webjars/dojo/1.10.4/dijit/themes/soria/soria.css" redirect="true" mime-type="text/css"/>
        <resource alias="dojo_table" value="/webjars/dojo/1.10.4/dojox/grid/resources/soriaGrid.css" redirect="true" mime-type="text/css"/>
        <resource alias="dojo_extend_table" value="/webjars/dojo/1.10.4/dojox/grid/enhanced/resources/EnhancedGrid.css" redirect="true" mime-type="text/css" />

    </group>

    <group name="rosneft" theme-name="nihilo">

        <resource alias="layout" value="/shared/core/main_rosneft_layout.html" redirect="true" mime-type="text/html"/>

        <resource alias="dojo_theme" value="/webjars/dojo/1.10.4/dijit/themes/nihilo/nihilo.css" redirect="true" mime-type="text/css"/>
        <resource alias="dojo_table" value="/webjars/dojo/1.10.4/dojox/grid/resources/nihiloGrid.css" redirect="true" mime-type="text/css"/>
        <resource alias="dojo_extend_table" value="/webjars/dojo/1.10.4/dojox/grid/enhanced/resources/EnhancedGrid.css" redirect="true" mime-type="text/css" />

    </group>
  -->
</resources>
