<?xml version="1.0" encoding="UTF-8" ?>
<!-- Справочник корзин внутренних документов -->
<data-source id="baskets_internal" class="ru.blogic20.gp.services.list.modules.xml.XmlModule" xmlns:st="http://blogic20.ru/2016/ConfigModuleUtils.xml">
    <parameter name="tables">baskets</parameter>
    <parameter name="uri"><st:property id="rootdir" default=""/>/lists/baskets_internal.xml</parameter>
    <parameter name="baskets.tag">basket</parameter>
    <parameter name="baskets.key">id</parameter>
    <parameter name="baskets.xpath_key">@id</parameter>
    <parameter name="baskets.key_value">@id='$condition'</parameter>
    <parameter name="baskets.columns">id;title;query;dir;value</parameter>
    <parameter name="baskets.xpath_columns">@id;@title;@query;@dir;text();</parameter>
    <parameter name="baskets.modify">MODIFY</parameter>
    <parameter name="baskets.create">CREATE</parameter>
</data-source>