<?xml version="1.0" encoding="UTF-8" ?>
<!-- Справочник подписантов -->
<data-source id="doceventtypes" class="ru.blogic20.gp.services.list.modules.xml.XmlModule" xmlns:st="http://blogic20.ru/2016/ConfigModuleUtils.xml">
    <parameter name="tables">doceventtypes</parameter>
    <parameter name="uri"><st:property id="rootdir" default=""/>/lists/doceventtypes.xml</parameter>
    <parameter name="doceventtypes.tag">doceventtype</parameter>
    <parameter name="doceventtypes.key">code</parameter>
    <parameter name="doceventtypes.xpath_key">@code</parameter>
    <parameter name="doceventtypes.key_value">@code='$condition'</parameter>
    <parameter name="doceventtypes.columns">code;name;create;</parameter>
    <parameter name="doceventtypes.xpath_columns">@code;@name;@create;</parameter>
    <parameter name="doceventtypes.modify">MODIFY</parameter>
    <parameter name="doceventtypes.create">CREATE</parameter>
    <parameter name="enable_cache">true</parameter>
</data-source>