<?xml version="1.0" encoding="UTF-8" ?>
<!-- текущая ревизия 1 -->
<models revision="1" xmlns:xi="http://www.w3.org/2001/XInclude">
    <xi:include href="${rootdir}/metadata/models/DocEventLogEntry.xml"/>
    <xi:include href="${rootdir}/metadata/models/Folder.xml"/>
    <xi:include href="${rootdir}/metadata/models/Document.xml"/>
    <xi:include href="${rootdir}/metadata/models/Annotation.xml"/>
    <xi:include href="${rootdir}/metadata/models/CustomObject.xml"/>
    <xi:include href="${rootdir}/metadata/models/DocumentLink.xml"/>
    <xi:include href="${rootdir}/metadata/models/LbEdfOperatorConnectionInfo.xml"/>
    <xi:include href="${rootdir}/metadata/models/LbEdfOrgMailBoxesInfo.xml"/>
    <xi:include href="${rootdir}/metadata/models/TnDocument.xml"/>
    <xi:include href="${rootdir}/metadata/models/LinkedDocument.xml"/>
    <xi:include href="${rootdir}/metadata/models/LbEdfDocument.xml"/>
    <xi:include href="${rootdir}/metadata/models/LbEdfContract.xml"/>
    <xi:include href="${rootdir}/metadata/models/LbEdfShippingDocInfo.xml"/>
    <xi:include href="${rootdir}/metadata/models/LbEdfPrimaryDocument.xml"/>
    <xi:include href="${rootdir}/metadata/models/InternalDocument.xml"/>
    <xi:include href="${rootdir}/metadata/models/LbEdfErrorIncomingDocument.xml"/>
    <xi:include href="${rootdir}/metadata/models/Signer.xml"/>
    <xi:include href="${rootdir}/metadata/models/PowerOfAttorney.xml"/>
    <xi:include href="${rootdir}/metadata/models/UserCertificate.xml"/>
    <xi:include href="${rootdir}/metadata/models/Contractor.xml"/>
    <xi:include href="${rootdir}/metadata/models/ContractorOperator.xml"/>
    <xi:include href="${rootdir}/metadata/models/ArchiveFolder.xml"/>
    <xi:include href="${rootdir}/metadata/models/LbEdfApprovalList.xml"/>
    <xi:include href="${rootdir}/metadata/models/LbEdfSecondaryDocument.xml"/>
    <xi:include href="${rootdir}/metadata/models/LbEdfSignature.xml"/>
    <xi:include href="${rootdir}/metadata/models/LbEdfMainDocSignature.xml"/>
    <xi:include href="${rootdir}/metadata/models/LbEdfSecondaryDocSignature.xml"/>
    <xi:include href="${rootdir}/metadata/models/LinkedDocumentSignature.xml"/>
    <xi:include href="${rootdir}/metadata/models/LinkedDocumentsInfo.xml"/>
    <xi:include href="${rootdir}/metadata/models/DssSignature.xml"/>
    <xi:include href="${rootdir}/metadata/models/LbEdfAgreementEdo.xml"/>
    <xi:include href="${rootdir}/metadata/models/LbEdfAgreementEdoContent.xml"/>
    <xi:include href="${rootdir}/metadata/models/LbEdfAgreementEdoSignature.xml"/>
    <xi:include href="${rootdir}/metadata/models/KsddMessageEvent.xml"/>
    <xi:include href="${rootdir}/metadata/models/OperatorPackageData.xml"/>
    <xi:include href="${rootdir}/metadata/models/SignServiceEndpoints.xml"/>
</models>