<?xml version="1.0" encoding="UTF-8" ?>
<model id="LinkedDocumentsInfo" system-name="LINKED_DOCUMENTS_INFO" primary-key="ID" name-key="ID" system="false" dao="SqlDao">
    <integer id="ID" title="ID"/>
    <string id="MUZEDO_CODE" title="ID МЮЗЭДО"/>
    <string id="SOURCE_KIND" title="Вид документа"/>
    <string id="SOURCE_NUMBER" title="Номер документа"/>
    <date id="SOURCE_DATE" title="Дата документа"/>
    <string id="SOURCE_CONTRAGENT_ID" title="Код контрагента"/>
    <string id="TARGET_SYSTEM" title="Система-источник связанного документа"/>
    <string id="TARGET_KIND" title="Вид связанного документа"/>
    <string id="TARGET_NUMBER" title="Номер связанного документа"/>
    <date id="TARGET_DATE" title="Дата связанного документа"/>
    <string id="TARGET_CONTENT_ID" title="ID контента связанного документа"/>
    <string id="TARGET_CONTRAGENT_ID" title="Код контрагента связанного документа"/>
    <string id="TARGET_BARCODE" title="Штрихкод связанного документа"/>
    <string id="TARGET_CURRENCY" title="Валюта связанного документа"/>
    <double id="TARGET_SUMMA" title="Сумма связанного документа"/>
    <double id="TARGET_SUMMA_NDS" title="Сумма НДС связанного документа"/>
    <date id="CHECK_DATE" title="Дата проверки"/>
    <string id="LINK_TYPE" title="Тип связи"/>

    <processor id="DefaultSaveProcessor" stage="MANUAL"/>
</model>