<?xml version="1.0" encoding="UTF-8" ?>
<model id="PowerOfAttorney" system-name="POWER_OF_ATTORNEYS" primary-key="ID" name-key="NUMBER" system="false" dao="SqlDao">
    <integer id="ID" title="ID"/>
    <string id="NUMBER" title="Номер доверенности" max-length="256"/>
    <string id="SIGNER" title="Владелец доверенности" max-length="32"/>
    <string id="KIND" title="Вид документа" max-length="32"/>
    <date   id="BEGIN_DATE" title="Дата начала действия доверенности"/>
    <date   id="END_DATE" title="Дата завершения действия доверенности"/>
    <string id="SUM" title="Сумма доверенности" max-length="256"/>
    <string id="CONTENT" title="Содержание доверенности" max-length="256"/>
    <string id="LINK" title="Ссылка на доверенность в КИС СЭД" max-length="256"/>
    <string id="STATUS" title="Статус активности" max-length="16"/>
    <date   id="CREATED_DATE" title="Дата создания" />
    <date   id="UPDATED_DATE" title="Дата обновления" />

    <processor id="DefaultSaveProcessor" stage="MANUAL"/>

    <security-templates>
        <security-template id="DEFAULT">
            <add-rule rule="READ|CREATE|EDIT" allowed-roles="Пользователь"/>
            <add-rule for="*" rule="READ|CREATE|EDIT" allowed-roles="Пользователь" />
        </security-template>
    </security-templates>
</model>