<?xml version="1.0" encoding="UTF-8" ?>
<!-- Агрегирующий источник договоров, который связывает договоры с именами кураторов -->
<data-source id="custom_contracts_with_curator_names" class="ru.blogic20.gp.services.list.modules.aggregation.AggregationModule"
             xmlns:st="http://blogic20.ru/2016/ConfigModuleUtils.xml">
    <data-source-reference name="ds1">custom_contracts</data-source-reference>
    <data-source-reference name="ds2">ad_users</data-source-reference>
    <parameter name="data_source_positions">left;right</parameter>
    <parameter name="aggregation_strategy">LEFT_JOIN</parameter>
    <parameter name="tables">CustomContract</parameter>
    <parameter name="CustomContract.columns">Id;LbEdfContractCode;LbEdfContractNumber;LbEdfContractDate;LbEdfContractSumma;LbEdfContractCurrency;LbEdfContractStatus;LbEdfContractValidityBegin;LbEdfContractValidityEnd;LbEdfContractCustomer;LbEdfContractExecutor;LbEdfCurator;LbEdfCurator2;LbEdfContractParentCode;LbEdfContractKind;LbEdfContractLinkEhd;LbEdfContractor;RootParentCode;Departments;Departments1;Departments2;displayName;LbEdfDateCreated;LbEdfDateLastModified</parameter>
    <parameter name="CustomContract.left">ds1.CustomContract</parameter>
    <parameter name="CustomContract.right">ds2.Users</parameter>
    <parameter name="CustomContract.right.left.key">userPrincipalName</parameter>
    <parameter name="CustomContract.left.right.key">LbEdfCurator</parameter>
    <parameter name="CustomContract.key">Id</parameter>
</data-source>