<?xml version="1.0" encoding="UTF-8" standalone="yes"?>
<query>
    <where><![CDATA[
        doc.IsCurrentVersion = true
        AND doc.LbEdfIsDocIncomming = false
        AND doc.DocumentType <> 'INTERNAL'
        AND doc.LbEdfDocStatus <> 'tn_ehd'
    ]]></where>
    <page-size>100</page-size>

    <table id="LbEdfDocument" alias="doc"/>
    <column title="Идентификатор"       table="doc" id="ID"                     type="ID"       hidden="true"  primary-key="true"/>
    <column title="Ид.Версии"           table="doc" id="VersionSeries"          type="ID"       hidden="true"/>
    <column title="Дата и время поступления документа"  table="doc" id="LbEdfCreateDate"    type="DATE" hidden="false"/>
    <column title="Штрихкод"            table="doc" id="LbEdfBarcode"           type="STRING"   hidden="false"/>
    <column title="Дата документа"      table="doc" id="LbEdfDocumentDate"      type="DATE"     hidden="false"/>
    <column title="Тип документооборота в ЭДО" table="doc" id="LbEdfDocflowType" type="STRING" hidden="true"/>
    <column title="Код типа документа"  table="doc" id="LbEdfDocType"           type="STRING"   hidden="true"/>
    <column title="Код вида документа"  table="doc" id="LbEdfDocumentKind"      type="STRING"   hidden="true"/>
    <column title="Вид документа"       table="doc" id="LbEdfDocumentKind"      type="STRING"   hidden="false" alias="LbEdfDocumentKindTitle" sortable="false"/>
    <column title="Номер документа"     table="doc" id="LbEdfDocumentNumber"    type="STRING"   hidden="false"/>
    <column title="Куратор договора"    table="doc" id="LbEdfCurator"           type="STRING"   hidden="false" sortable="false"/>
    <column title="РНУ"                 table="doc" id="LbEdfRnuCode"           type="STRING"   hidden="false" sortable="false"/>
    <column title="Код статуса документа" table="doc" id="LbEdfDocStatus"       type="STRING"   hidden="true"/>
    <column title="Статус документа"    table="doc" id="LbEdfDocStatus"         type="STRING"   hidden="false" alias="LbEdfDocStatusTitle" sortable="false"/>
    <column title="Код контрагента"     table="doc" id="LbEdfContragentId"      type="STRING"   hidden="true"/>
    <column title="Контрагент"          table="doc" id="LbEdfContragentName"    type="STRING"   hidden="false"/>
    <column title="Код договора"        table="doc" id="LbEdfContractCode"      type="STRING"   hidden="true"/>
    <column title="Номер договора"      table="doc" id="LbEdfContractNumber"    type="STRING"   hidden="false"/>
    <column title="Система подписания"  table="doc" id="LbEdfSigningSystem"     type="STRING"   hidden="true"/>
    <column title="Подписант"           table="doc" id="LbEdfDocumentSigner"    type="STRING"   hidden="true"/>
    <column title="Входящий"            table="doc" id="LbEdfIsDocIncomming"    type="BOOLEAN"  hidden="true"/>
    <column title="ИОПы"                table="doc" id="LbEdfIopSentMask"       type="INTEGER"  hidden="true"/>
    <column title="Маска невалидности"  table="doc" id="LbEdfInvalidSignatureMask" type="INTEGER"   hidden="true"/>
    <column title="Код системы УС"      table="doc" id="LinkedSystemCodeUs"     type="STRING"   hidden="true"/>
    <column title="Код системы КИСЭХД"  table="doc" id="LinkedSystemCodeEhd"    type="STRING"   hidden="true"/>
    <column title="Код вида документа УС" table="doc" id="LbEdfDocumentKindUs"  type="STRING"   hidden="true"/>
    <column title="Статус контрагента"  table="doc" id="LbEdfContractorStatus"  type="STRING"   hidden="true"/>
    <column title="Дата и время регистрации" table="doc" id="LbEdfRegisterDate" type="DATE"     hidden="true"/>
    <column title="Статус подписи"      table="doc" id="LbEdfSignatureStatus"   type="INTEGER"  hidden="true"/>
    <column title="Операция с ошибкой"  table="doc" id="LbEdfFailedOperation"   type="STRING"   hidden="true"/>
    <column title="Дата выгрузки в КИС ЭХД" table="doc" id="LbEdfExportEhdDate" type="DATE"     hidden="true"/>
    <column title="Сумма документа"     table="doc" id="LbEdfSumma"             type="DOUBLE"   hidden="true"/>
    <column title="Дата договора"       table="doc" id="LbEdfContractDate"      type="DATE"     hidden="true"/>
    <column title="ИНН контрагента"     table="doc" id="LbEdfContragentINN"     type="STRING"   hidden="true"/>
    <column title="КПП контрагента"     table="doc" id="LbEdfContragentKPP"     type="STRING"   hidden="true"/>
    <column table="doc" id="LbEdfXmlErrorCode" type="INTEGER" hidden="true" />
    <column table="doc" id="LbEdfAdditionalAgreementCode" type="STRING" hidden="true"/>
    <column table="doc" id="LbEdfAdditionalAgreementNumber" type="STRING" hidden="true"/>
    <column table="doc" id="LbEdfAdditionalAgreementDate" type="DATE" hidden="true"/>
    <column table="doc" id="ID" type="ID" hidden="true" alias="ApprovalList"/>
    <column table="doc" id="LbEdfCorrectedDocumentIdList" type="STRING" hidden="true"/>
    <column table="doc" id="LbEdfDocumentKind" type="STRING" hidden="true" alias="RESPONSE_SIGNATURE_REQUIRED"/>
    <column table="doc" id="LbEdfDocumentKind" type="STRING" hidden="true" alias="US_SUPPORT"/>
    <column table="doc" id="LbEdfDocumentKind" type="STRING" hidden="true" alias="IOP_CONFIRM_REQUIRED"/>
    <column table="doc" id="LbEdfDocumentKind" type="STRING" hidden="true" alias="EARLY_EXPORT_TO_US_SUPPORT"/>
    <column table="doc" id="LbEdfDocumentKind" type="STRING" hidden="true" alias="REVISION_SUPPORT"/>
    <column table="doc" id="LbEdfDocumentKind" type="STRING" hidden="true" alias="CORRECTION_SUPPORT"/>
    <column table="doc" id="LbEdfDocumentKind" type="STRING" hidden="true" alias="CORRECTION"/>
    <column table="doc" id="LbEdfDocumentKind" type="STRING" hidden="true" alias="ORDERNUM"/>
    <column table="doc" id="LbEdfDocumentKind" type="STRING" hidden="true" alias="OUTDATED"/>
    <column table="doc" id="LbEdfDocumentKind" type="STRING" hidden="true" alias="OUTDATED_FORMATTED"/>

    <!-- Список правил сортировки. -->
    <sort-rule table="doc" column="LbEdfCreateDate" order="DESC"/>

    <parameter name="LbEdfCreateDate.format">dd.MM.yyyy HH:mm</parameter>
    <parameter name="LbEdfDocumentDate.format">dd.MM.yyyy</parameter>

    <parameter name="LbEdfCurator.list">ad_users.Users</parameter>
    <parameter name="LbEdfCurator.key">userPrincipalName</parameter>
    <parameter name="LbEdfCurator.view">displayName</parameter>

    <parameter name="LbEdfContractNumber.list">custom_contracts_with_curator_names_filter.CustomContract</parameter>
    <parameter name="LbEdfContractNumber.key">LbEdfContractNumber</parameter>
    <parameter name="LbEdfContractNumber.view">LbEdfContractNumber</parameter>

    <parameter name="LbEdfRnuCode.list">rnus.rnus</parameter>
    <parameter name="LbEdfRnuCode.key">id</parameter>
    <parameter name="LbEdfRnuCode.view">name</parameter>

    <parameter name="LbEdfDocStatusTitle.list">statuses.statuses</parameter>
    <parameter name="LbEdfDocStatusTitle.key">id</parameter>
    <parameter name="LbEdfDocStatusTitle.view">outgoingName</parameter>

    <parameter name="LbEdfDocumentKindTitle.list">doc_kinds.DOCUMENTKINDS</parameter>
    <parameter name="LbEdfDocumentKindTitle.key">CODE</parameter>
    <parameter name="LbEdfDocumentKindTitle.view">NAME</parameter>

    <parameter name="RESPONSE_SIGNATURE_REQUIRED.list">doc_kinds.DOCUMENTKINDS</parameter>
    <parameter name="RESPONSE_SIGNATURE_REQUIRED.key">CODE</parameter>
    <parameter name="RESPONSE_SIGNATURE_REQUIRED.view">RESPONSE_SIGNATURE_REQUIRED</parameter>

    <parameter name="US_SUPPORT.list">doc_kinds.DOCUMENTKINDS</parameter>
    <parameter name="US_SUPPORT.key">CODE</parameter>
    <parameter name="US_SUPPORT.view">US_SUPPORT</parameter>

    <parameter name="IOP_CONFIRM_REQUIRED.list">doc_kinds.DOCUMENTKINDS</parameter>
    <parameter name="IOP_CONFIRM_REQUIRED.key">CODE</parameter>
    <parameter name="IOP_CONFIRM_REQUIRED.view">IOP_CONFIRM_REQUIRED</parameter>

    <parameter name="EARLY_EXPORT_TO_US_SUPPORT.list">doc_kinds.DOCUMENTKINDS</parameter>
    <parameter name="EARLY_EXPORT_TO_US_SUPPORT.key">CODE</parameter>
    <parameter name="EARLY_EXPORT_TO_US_SUPPORT.view">EARLY_EXPORT_TO_US_SUPPORT</parameter>

    <parameter name="REVISION_SUPPORT.list">doc_kinds.DOCUMENTKINDS</parameter>
    <parameter name="REVISION_SUPPORT.key">CODE</parameter>
    <parameter name="REVISION_SUPPORT.view">REVISION_SUPPORT</parameter>

    <parameter name="CORRECTION_SUPPORT.list">doc_kinds.DOCUMENTKINDS</parameter>
    <parameter name="CORRECTION_SUPPORT.key">CODE</parameter>
    <parameter name="CORRECTION_SUPPORT.view">CORRECTION_SUPPORT</parameter>

    <parameter name="CORRECTION.list">doc_kinds.DOCUMENTKINDS</parameter>
    <parameter name="CORRECTION.key">CODE</parameter>
    <parameter name="CORRECTION.view">CORRECTION</parameter>

    <parameter name="ORDERNUM.list">doc_kinds.DOCUMENTKINDS</parameter>
    <parameter name="ORDERNUM.key">CODE</parameter>
    <parameter name="ORDERNUM.view">ORDERNUM</parameter>

    <parameter name="OUTDATED.list">doc_kinds.DOCUMENTKINDS</parameter>
    <parameter name="OUTDATED.key">CODE</parameter>
    <parameter name="OUTDATED.view">OUTDATED</parameter>

    <parameter name="OUTDATED_FORMATTED.list">doc_kinds.DOCUMENTKINDS</parameter>
    <parameter name="OUTDATED_FORMATTED.key">CODE</parameter>
    <parameter name="OUTDATED_FORMATTED.view">OUTDATED_FORMATTED</parameter>

    <parameter name="LbEdfContragentName.list">contractors.CONTRACTORS</parameter>
    <parameter name="LbEdfContragentName.key">SHORT_NAME</parameter>
    <parameter name="LbEdfContragentName.view">SHORT_NAME</parameter>

    <parameter name="ApprovalList.list">approval_lists.LbEdfApprovalList</parameter>
    <parameter name="ApprovalList.key">AnnotatedObject</parameter>
    <parameter name="ApprovalList.view">Id</parameter>

    <parameter name="hidden">ID,VersionSeries,LbEdfDocflowType,LbEdfDocType,LbEdfDocumentKind,LbEdfDocStatus,LbEdfContractorStatus,LbEdfSigningSystem,LbEdfDocumentSigner,LbEdfIsDocIncomming,LbEdfIopSentMask,LinkedSystemCodeUs,LinkedSystemCodeEhd,LbEdfDocumentKindUs,LbEdfContractorStatus,LbEdfContractCode,LbEdfContragentId,LbEdfInvalidSignatureMask,LbEdfRegisterDate,LbEdfSignatureStatus,LbEdfFailedOperation,LbEdfExportEhdDate,LbEdfSumma,LbEdfContractDate,LbEdfContragentINN,LbEdfContragentKPP,LbEdfAdditionalAgreementCode,LbEdfAdditionalAgreementNumber,LbEdfAdditionalAgreementDate,ApprovalList,LbEdfCorrectedDocumentIdList,LbEdfXmlErrorCode,RESPONSE_SIGNATURE_REQUIRED,US_SUPPORT,IOP_CONFIRM_REQUIRED,EARLY_EXPORT_TO_US_SUPPORT,REVISION_SUPPORT,CORRECTION_SUPPORT,CORRECTION,ORDERNUM,OUTDATED,OUTDATED_FORMATTED</parameter>

    <filter title="Статус документа равен"  table="doc" column="LbEdfDocStatus"         id="byDocStatus"            operation="EQ"  multivalue="false"           hidden="true"/>
    <filter title="Ид.Версии"               table="doc" column="VersionSeries"          id="VersionSeries"          operation="EQ"  multivalue="false"          hidden="true"/>
    <filter title="Дата и время поступления документа"  table="doc" column="LbEdfCreateDate"    id="LbEdfCreateDate"    operation="INTERVAL"    multivalue="false"/>
    <filter title="Штрихкод"                table="doc" column="LbEdfBarcode"           id="LbEdfBarcode"           operation="LIKE"    multivalue="false"/>
    <filter title="Дата документа"          table="doc" column="LbEdfDocumentDate"      id="LbEdfDocumentDate"      operation="INTERVAL"    multivalue="false"/>
    <filter title="Вид документа"           table="doc" column="LbEdfDocumentKindTitle" id="LbEdfDocumentKindTitle" operation="EQ"  multivalue="true"/>
    <filter title="Куратор договора"        table="doc" column="LbEdfCurator"           id="LbEdfCurator"           operation="EQ"  multivalue="true"/>
    <filter title="РНУ"                     table="doc" column="LbEdfRnuCode"           id="LbEdfRnuCode"           operation="EQ"  multivalue="false"/>
    <filter title="Номер документа"         table="doc" column="LbEdfDocumentNumber"    id="LbEdfDocumentNumber"    operation="LIKE"    multivalue="false"/>
    <filter title="Статус документа"        table="doc" column="LbEdfDocStatusTitle"    id="LbEdfDocStatusTitle"    operation="EQ"  multivalue="false"/>
    <filter title="Контрагент"              table="doc" column="LbEdfContragentName"    id="LbEdfContragentName"    operation="EQ"    multivalue="true"/>
    <filter title="Номер договора"          table="doc" column="LbEdfContractNumber"    id="LbEdfContractNumber"    operation="EQ"    multivalue="true"/>
</query>