<?xml version="1.0" encoding="UTF-8" ?>
<model id="LinkedDocument" extend="TnDocument">
    <string id="LinkedDocumentKind"                 title="Вид связанного документа в системе-источнике"    max-length="64"/>
    <string id="LinkedDocumentKindCode"                 title="Код вида связанного документа в системе-источнике"    max-length="16"/>
    <string id="LinkedDocumentSourceSystem"         title="Система-источник связанного документа"           max-length="64">
        <list-link ds="link_source_systems" model="LINKSOURCESYSTEMS" key-field="code" value-field="name"/>
    </string>
    <string id="LinkedDocumentRemoteSourceSystem"   title="Система-источник связанного документа из другого МЮЗ ЭДО" max-length="64"/>
    <string id="LinkedDocumentLink"                 title="Ссылка на документ в системе-источнике"          max-length="255"/>
    <string id="LinkedDocumentExternalId"           title="Идентификатор документа в системе-источнике"     max-length="128"/>
    <string id="LbEdfBarcode"                       title="Штрихкод"                                        max-length="64"/>
    <string id="LbEdfCurrency"                      title="Валюта документа"             defaultValue="643" max-length="3"/>
    <double id="LbEdfSumma"                         title="Сумма документа"/>
    <double id="LbEdfSummaNds"                      title="Сумма НДС"/>
    <string id="LinkedDocumentSystemCode"           title="Код смежной системы"                             max-length="64"/>
    <string id="LbEdfContragentId"                  title="Код контрагента"                                 max-length="256"/>
    <string id="LinkedSystemCodeEhd"                title="Код смежной системы - КИСЭХД"                    max-length="255"/>
    <string id="LbEdfDocumentLinkEhd"               title="Ссылка на документ в КИС ЭХД"                    max-length="64"/>
    <date   id="LbEdfExportEhdDate"                 title="Дата выгрузки в КИС ЭХД"/>

    <string id="DocumentRelatedSystemLink"          title="Ссылка на документ в смежной системе"            virtual="true"/>
    <string id="LinkType"                           title="Тип связи"                                       virtual="true"/>
    <string id="DocumentLinkEhd"                    title="Ссылка на документ в КИС ЭХД"                    virtual="true"/>
    <string id="DocumentLink" virtual="true">
        <list-link ds="document_links" model="DocumentLink" key-field="TargetDocumentVsid" value-field="TargetDocumentVsid"/>
    </string>

    <processor id="FieldDependencyProcessor" stage="AFTER" operation="GET">
        <filter-expression> <![CDATA[
            present("DocumentRelatedSystemLink")
            || present("DocumentLinkEhd")
            || present("DocumentLink")
        ]]> </filter-expression>
        <config>
            <field name="DocumentRelatedSystemLink" dependsOn="LinkedDocumentSystemCode;LinkedDocumentSourceSystem;LinkedDocumentLink"><![CDATA[
                var systemCode = bo.getAttributeValue("LinkedDocumentSystemCode");
                var sourceSystem = bo.getAttributeValue("LinkedDocumentSourceSystem");
                var linkedDocLink = bo.getAttributeValue("LinkedDocumentLink");

                var system = null;
                if (systemCode != null && linkedDocLink != null) {
                    if (sourceSystem == 'EHD') {
                        system = ost.getLinkedSystems().getEhdBySystemCode(systemCode);
                    } else if (sourceSystem == "ACCOUNTING") {
                        system = ost.getLinkedSystems().getAccountingBySystemCode(systemCode);
                    } else if (sourceSystem == "MUZEDO") {
                        system = ost.getLinkedSystems().getMuzedoBySystemCode(systemCode);
                    } else if (sourceSystem == "MUZEDO_LINKED") {
                        if (systemCode == ost.getCode()) {
                            system = ost;
                        }
                    }
                }
                if (system != null && system.getDocumentLink() != null) {
                    return system.getDocumentLink().replace("%VALUE%", linkedDocLink);
                }
                return null;
            ]]></field>
            <field name="DocumentLinkEhd" dependsOn="LinkedSystemCodeEhd;LbEdfDocumentLinkEhd"><![CDATA[
                var code = bo.getAttributeValue("LinkedSystemCodeEhd");
                var link_ehd = bo.getAttributeValue("LbEdfDocumentLinkEhd");
                var system = ost.getLinkedSystems().getEhdBySystemCode(code);
                return ((system != null && link_ehd != null && system.getDocumentLink() != null) ?
                    system.getDocumentLink().replace('%VALUE%', link_ehd)
                    : "null"
                );
            ]]></field>
            <field name="DocumentLink"><![CDATA[
                return bo.getVersionableId();
            ]]></field>
        </config>
    </processor>

    <security-templates>
        <security-template id="DEFAULT">
            <add-rule rule="READ"         allowed-roles="Пользователь"/>
            <add-rule for="*" rule="READ" allowed-roles="Пользователь"/>
        </security-template>
    </security-templates>
</model>