<?xml version="1.0" encoding="UTF-8" standalone="yes"?>
<!--
SELECT TOP 10 D.[Id] AS DocId, SD.[Id] AS SecDocId, S.[Id], S.[DateLastModified]
FROM ([LbEdfDocument] D INNER JOIN [LbEdfSecondaryDocument] SD ON D.[This] = SD.[AnnotatedObject]) INNER JOIN [LbEdfSecondaryDocSignature] S ON D.[This] = S.[AnnotatedObject]
WHERE (D.[IsCurrentVersion] = True)
  AND (S.[Id] IN SD.[LbEdfSignListId]) AND (S.[LbEdfVersionNumber] = 1) AND (S.[LbEdfVerificationResult] = True) AND (S.[LbEdfVerificationMessage] IS NULL)
  AND (S.[DescriptiveText] <> 'CAdES-XLT1') AND (S.[LbEdfEnhanceResult] IS NULL)
ORDER BY S.[DateLastModified]
-->
<query>
    <page-size>10</page-size>

    <where><![CDATA[
        (D.[IsCurrentVersion] = True)
        AND (S.[Id] IN SD.[LbEdfSignListId]) AND (S.[LbEdfVersionNumber] = 1) AND (S.[LbEdfVerificationResult] = True) AND (S.[LbEdfVerificationMessage] IS NULL)
        AND (S.[DescriptiveText] <> 'CAdES-XLT1') AND (S.[LbEdfEnhanceResult] IS NULL)
    ]]></where>

    <table id="LbEdfDocument" alias="D"/>
    <table id="LbEdfSecondaryDocument" alias="SD"/>
    <table id="LbEdfSecondaryDocSignature" alias="S"/>

    <table-join join="INNER" operation="EQ">
        <left table="D" column="This" />
        <right table="SD" column="AnnotatedObject" />
    </table-join>
    <table-join join="INNER" operation="EQ">
        <left table="D" column="This" />
        <right table="S" column="AnnotatedObject" />
    </table-join>

    <column table="D" id="This" type="OBJECT" hidden="true" />
    <column table="D" id="Id" alias="DocId" type="ID" hidden="true" />
    <column table="SD" id="Id" alias="SecDocId" type="ID" hidden="true" />
    <column table="SD" id="AnnotatedObject" type="OBJECT" hidden="true" />
    <column table="S" id="Id" type="ID" hidden="true" primary-key="true" />
    <column table="S" id="AnnotatedObject" type="OBJECT" hidden="true" />
    <column table="S" id="DateLastModified" type="DATE" hidden="true" />

    <sort-rule table="S" column="DateLastModified" order="ASC" />
</query>