<?xml version="1.0" encoding="UTF-8" ?>
<model id="LbEdfContract" extend="Document">
    <string id="LbEdfContractCode" title="Код договора" max-length="30"/>
    <string id="LbEdfContractNumber" title="Номер договора" max-length="150"/>
    <date id="LbEdfContractDate" title="Дата договора"/>
    <string id="LbEdfCurator" title="Куратор договора 1" max-length="250" defaultValue="">
        <list-link ds="curators" model="Curator" key-field="userPrincipalName" value-field="displayName"/>
    </string>
    <string id="LbEdfCurator2" title="Куратор договора 2" max-length="250" defaultValue="">
        <list-link ds="curators" model="Curator" key-field="userPrincipalName" value-field="displayName"/>
    </string>
    <string id="LbEdfContractCustomer" title="Заказчик договора" max-length="30">
        <list-link ds="contractors" model="CONTRACTORS" key-field="REMOTE_KEY" value-field="SHORT_NAME"/>
    </string>
    <string id="LbEdfContractExecutor" title="Исполнитель договора" max-length="30">
        <list-link ds="contractors" model="CONTRACTORS" key-field="REMOTE_KEY" value-field="SHORT_NAME"/>
    </string>
    <double id="LbEdfContractSumma" title="Сумма договора"/>
    <string id="LbEdfContractStatus" title="Статус договора" max-length="150"/>
    <date id="LbEdfContractValidityBegin" title="Дата начала действия договора"/>
    <date id="LbEdfContractValidityEnd" title="Дата окончания действия договора"/>
    <string id="LbEdfContractParentCode" title="Код основного договора" max-length="30">
        <list-link ds="contracts" model="LbEdfContract" key-field="LbEdfContractCode" value-field="LbEdfContractCode"/>
    </string>
    <string id="LbEdfContractCurrency" title="Валюта взаиморасчетов" max-length="3">
        <list-link ds="currencies" model="currencies" key-field="id" value-field="name"/>
    </string>
    <string id="LbEdfContractKind" title="Вид договорного документа" max-length="30"/>
    <string id="LbEdfContractSystemCode" title="Код системы-КИСЭХД договора" max-length="64"/>
    <string id="LbEdfContractLinkEhd" title="Ссылка на КИС ЭХД" max-length="30"/>

    <string id="LinkedEhdCode" title="Код связанной системы КИС ЭХД" virtual="true"/>
    <string id="EhdContractLink" title="Шаблон ссылки на договор" virtual="true"/>

    <string id="CuratorContractRole" title="AD-группа роли куратора договора" virtual="true"/>
    <string id="CurrentUserDepartments" title="AD-группа отдела текущего пользователя" virtual="true"/>

    <processor id="FieldDependencyProcessor" stage="AFTER" operation="GET">
        <config>
            <field name="LinkedEhdCode" dependsOn="LbEdfContractSystemCode"><![CDATA[
                var accountingCode = bo.getAttributeValue("LbEdfContractSystemCode");
                var accountingSystem = ost.getLinkedSystems().getAccountingBySystemCode(accountingCode);
                var ehdCode = accountingSystem.getEhd();
                if (ehdCode == null) {
                    var primaryEhd = ost.getLinkedSystems().getPrimaryEhd();
                    if (primaryEhd != null) {
                        ehdCode = primaryEhd.getCode();
                    }
                }
                return ehdCode;
            ]]></field>

            <!-- dependsOn должен быть пустой, это не ошибка -->
            <field name="EhdContractLink" dependsOn=""><![CDATA[
                var ehdCode = bo.getAttributeValue("LinkedEhdCode");
                var ehdSystem = ost.getLinkedSystems().getEhdBySystemCode(ehdCode);
                return (ehdSystem == null) ? null : ehdSystem.getContractLink();
            ]]></field>

            <field name="CuratorContractRole"><![CDATA[
                return ost.getRoleCuratorContract();
            ]]></field>

            <field name="CurrentUserDepartments" dependsOn=""><![CDATA[
                var userGroups = user.getMemberOf();
                var deps = [];
                for (dep : ost.getDepartments()) {
                    for(String group : userGroups){
                        if(group.contains(ost.getRoleAdmin()))
                            return '*';
                        if(dep.getGroups().contains(group))
                            deps.add(group);
                    }
                }
                return deps;
            ]]></field>
        </config>
    </processor>

    <security-templates>
        <security-template id="DEFAULT">
            <add-rule rule="READ" allowed-roles="Договор.Просмотр"/>
            <add-rule rule="EDIT" allowed-roles="Договор.Изменить"
                      apply-when="LbEdfCurator == null || LbEdfCurator == ''
                                || LbEdfCurator2 == null || LbEdfCurator2 == ''
                                || LbEdfContractLinkEhd == null || LbEdfContractLinkEhd == ''"/>
            <add-rule for="*" rule="READ" allowed-roles="Договор.Просмотр"/>
            <add-rule for="LbEdfCurator" rule="EDIT" allowed-roles="Договор.Изменить"
                      apply-when="LbEdfCurator == null || LbEdfCurator == ''"/>
            <add-rule for="LbEdfCurator2" rule="EDIT" allowed-roles="Договор.Изменить"
                      apply-when="LbEdfCurator2 == null || LbEdfCurator2 == ''"/>
            <add-rule for="LbEdfContractLinkEhd" rule="EDIT" allowed-roles="Договор.Изменить"
                      apply-when="LbEdfContractLinkEhd == null || LbEdfContractLinkEhd == ''"/>
        </security-template>
    </security-templates>
</model>