<?xml version="1.0" encoding="UTF-8" standalone="yes"?>
<replication-service xmlns:st="http://blogic20.ru/2016/ConfigModuleUtils.xml">
    <!--Репликация справочника видов документов УС-->
    <data-source id="doc_kinds_accounting_replication">
        <connection>
            <parameter name="databaseJndiName"><st:property id="db2uri" default=""/></parameter>
        </connection>
        <clearData>false</clearData>
        <manualRunOnly>false</manualRunOnly>
        <forceUpdate>false</forceUpdate>
        <createReplicationTable>false</createReplicationTable>
        <sourceModule id="doc_kinds_accounting_remote" modelId="DOCUMENT_KINDS" />
        <targetModule id="doc_kinds_accounting" modelId="DOCUMENT_KINDS" />
        <notice sendNotice="true" noticeTopic="Репликация справочника видов документов УС завершена"/>
        <schedule scheduleRule="${docKindsCron}"/>
    </data-source>

    <!--Репликация справочника договоров УС-->
    <data-source id="contracts_accounting_replication">
        <connection>
            <parameter name="ce_uri"><st:property id="filenetEngine" default=""/></parameter>
            <parameter name="domain"><st:property id="filenetDomain" default=""/></parameter>
            <parameter name="os"><st:property id="objectStore" default=""/></parameter>
            <parameter name="user"><st:property id="filenetUser" default=""/></parameter>
            <parameter name="password"><st:property id="filenetPassword" default=""/></parameter>
        </connection>
        <clearData>false</clearData>
        <forceUpdate>false</forceUpdate>
        <sourceModule id="contracts_accounting_remote" modelId="LbEdfContract" />
        <targetModule id="contracts" modelId="LbEdfContract" bindId="LbEdfContractCode"/>
        <notice sendNotice="true" noticeTopic="Репликация справочника договоров УС завершена"/>
        <schedule scheduleRule="${contractsCron}"/>
    </data-source>

    <!--Репликация справочника контрагентов АСУ-НСИ-->
    <data-source id="contractors_nsi_replication">
        <connection>
            <parameter name="databaseJndiName"><st:property id="db2uri" default=""/></parameter>
        </connection>
        <clearData>false</clearData>
        <forceUpdate>false</forceUpdate>
        <exclude-fields>
            <field name="STATUS" defaultValue="OPERATOR_NOT_PRESENT"/>
            <field name="STATUS_LAST_UPDATE" defaultValue="1970-01-01-00:00:00"/>
        </exclude-fields>
        <createReplicationTable>false</createReplicationTable>
        <sourceModule id="contractors_remote" modelId="CONTRACTORS" />
        <targetModule id="contractors" modelId="CONTRACTORS" />
        <notice sendNotice="true" noticeTopic="Репликация справочника контрагентов АСУ-НСИ завершена"/>
        <schedule scheduleRule="${contractorsCron}"/>
    </data-source>
</replication-service>