<?xml version="1.0" encoding="UTF-8" standalone="yes"?>
<config id="primary_document_download" title="Массовая выгрузка" xmlns:xi="http://www.w3.org/2001/XInclude">
    <!--options-->
    <xi:include href="common/download_common_parts.xml" xpointer="element(/1/1)" />

    <!--ui-orderby-->
    <xi:include href="common/download_common_parts.xml" xpointer="element(/1/2)" />

    <!--columns-->
    <xi:include href="common/download_common_parts.xml" xpointer="element(/1/3)" />

    <!--generate-registries-->
    <xi:include href="common/download_common_parts.xml" xpointer="element(/1/4)" />

    <node id="@rootDownload" search="registry:cesearch:primary_document_reg" no-content="true">
        <!--filters-->
        <xi:include href="common/download_common_parts.xml" xpointer="element(/1/5/1)" />

        <!--static-node id="printForm"-->
        <xi:include href="common/download_common_parts.xml" xpointer="element(/1/5/2)" />

        <!--static-node id="uzedWithSignature"-->
        <xi:include href="common/download_common_parts.xml" xpointer="element(/1/5/3)" />

        <!--static-node id="docFlowPackage"-->
        <xi:include href="common/download_common_parts.xml" xpointer="element(/1/5/4)" />

        <!--static-node id="linked-documents-download"-->
        <xi:include href="common/download_common_parts.xml" xpointer="element(/1/5/5)" />
    </node>

    <xi:include href="common/baskets_structure.xml"/>
</config>