<?xml version="1.0" encoding="UTF-8" ?>
<!-- Справочник подписантов -->
<data-source id="event_statuses" class="ru.blogic20.gp.services.list.modules.xml.XmlModule" xmlns:st="http://blogic20.ru/2016/ConfigModuleUtils.xml">
    <parameter name="tables">statuses</parameter>
    <parameter name="uri"><st:property id="rootdir" default=""/>/lists/journal_event_statuses.xml</parameter>
    <parameter name="statuses.tag">status</parameter>
    <parameter name="statuses.key">id</parameter>
    <parameter name="statuses.xpath_key">@id</parameter>
    <parameter name="statuses.key_value">@id='$condition'</parameter>
    <parameter name="statuses.columns">id;create;name;</parameter>
    <parameter name="statuses.xpath_columns">@id;@create;@name;</parameter>
    <parameter name="statuses.modify">create</parameter>
    <parameter name="statuses.create">create</parameter>
    <parameter name="enable_cache">true</parameter>
</data-source>