<?xml version="1.0" encoding="UTF-8" ?>
<log4j:configuration xmlns:log4j='http://jakarta.apache.org/log4j/'>

    <!-- общий лог -->
    <appender name="FILE" class="org.apache.log4j.RollingFileAppender">
        <param name="file" value="logs/UZDO-integration.log"/>
        <param name="encoding" value="UTF-8"/>
        <param name="Append" value="true"/>
        <param name="MaxFileSize" value="4MB"/>
        <param name="MaxBackupIndex" value="5"/>
        <layout class="org.apache.log4j.PatternLayout">
            <param name="ConversionPattern" value="%d{dd.MM.yy HH:mm:ss,SSS} %-5p [%.3t] %c{1}: %m%n"/>
        </layout>
    </appender>
	
	  <!-- Логгирование интеграции с КСДД -->
    <appender name="KSDD_INTEGRATION_FILE" class="org.apache.log4j.RollingFileAppender">
        <param name="file" value="logs/UZDO-ksdd-integration.log"/>
        <param name="encoding" value="UTF-8"/>
        <param name="Append" value="true"/>
        <param name="MaxFileSize" value="4MB"/>
        <param name="MaxBackupIndex" value="5"/>
        <layout class="org.apache.log4j.PatternLayout">
            <param name="ConversionPattern" value="%d{dd.MM.yy HH:mm:ss,SSS} %-5p [%.3t] %c{1}: %m%n"/>
        </layout>
    </appender>

    <!-- Логгирование интеграции с Учетной системой -->
    <appender name="WEBSERVICES_ACCOUNTING_FILE" class="org.apache.log4j.RollingFileAppender">
        <param name="file" value="logs/UZDO-webservices-accounting.log"/>
        <param name="encoding" value="UTF-8"/>
        <param name="Append" value="true"/>
        <param name="MaxFileSize" value="4MB"/>
        <param name="MaxBackupIndex" value="5"/>
        <layout class="org.apache.log4j.PatternLayout">
            <param name="ConversionPattern" value="%d{dd.MM.yy HH:mm:ss,SSS} %-5p [%.3t] %c{1}: %m%n"/>
        </layout>
    </appender>

    <!-- Логгирование интеграции с ЭХД -->
    <appender name="WEBSERVICES_EHD_FILE" class="org.apache.log4j.RollingFileAppender">
        <param name="file" value="logs/UZDO-webservices-ehd.log"/>
        <param name="encoding" value="UTF-8"/>
        <param name="Append" value="true"/>
        <param name="MaxFileSize" value="4MB"/>
        <param name="MaxBackupIndex" value="5"/>
        <layout class="org.apache.log4j.PatternLayout">
            <param name="ConversionPattern" value="%d{dd.MM.yy HH:mm:ss,SSS} %-5p [%.3t] %c{1}: %m%n"/>
        </layout>
    </appender>        

    <!-- Логгирование выгрузки в ЭХД -->
    <appender name="SAMBA_EXPORT_EHD_FILE" class="org.apache.log4j.RollingFileAppender">
        <param name="file" value="logs/UZDO-samba-ehd.log"/>
        <param name="encoding" value="UTF-8"/>
        <param name="Append" value="true"/>
        <param name="MaxFileSize" value="4MB"/>
        <param name="MaxBackupIndex" value="5"/>
        <layout class="org.apache.log4j.PatternLayout">
            <param name="ConversionPattern" value="%d{dd.MM.yy HH:mm:ss,SSS} %-5p [%.3t] %c{1}: %m%n"/>
        </layout>
    </appender>     

    <!-- Логгирование интеграции с Другой МЮЗЭДО -->
    <appender name="WEBSERVICES_MUZEDO_FILE" class="org.apache.log4j.RollingFileAppender">
        <param name="file" value="logs/UZDO-webservices-muzedo.log"/>
        <param name="encoding" value="UTF-8"/>
        <param name="Append" value="true"/>
        <param name="MaxFileSize" value="4MB"/>
        <param name="MaxBackupIndex" value="5"/>
        <layout class="org.apache.log4j.PatternLayout">
            <param name="ConversionPattern" value="%d{dd.MM.yy HH:mm:ss,SSS} %-5p [%.3t] %c{1}: %m%n"/>
        </layout>
    </appender>  

    <!-- Логгирование интеграции с НСИ -->
    <appender name="WEBSERVICES_NSI_FILE" class="org.apache.log4j.RollingFileAppender">
        <param name="file" value="logs/UZDO-webservices-nsi.log"/>
        <param name="encoding" value="UTF-8"/>
        <param name="Append" value="true"/>
        <param name="MaxFileSize" value="4MB"/>
        <param name="MaxBackupIndex" value="5"/>
        <layout class="org.apache.log4j.PatternLayout">
            <param name="ConversionPattern" value="%d{dd.MM.yy HH:mm:ss,SSS} %-5p [%.3t] %c{1}: %m%n"/>
        </layout>
    </appender>  


    <!-- Логгирование интеграции с Гейтом -->
    <appender name="WEBSERVICES_GATE_FILE" class="org.apache.log4j.RollingFileAppender">
        <param name="file" value="logs/UZDO-webservices-gate.log"/>
        <param name="encoding" value="UTF-8"/>
        <param name="Append" value="true"/>
        <param name="MaxFileSize" value="4MB"/>
        <param name="MaxBackupIndex" value="5"/>
        <layout class="org.apache.log4j.PatternLayout">
            <param name="ConversionPattern" value="%d{dd.MM.yy HH:mm:ss,SSS} %-5p [%.3t] %c{1}: %m%n"/>
        </layout>
    </appender>   
	
	<logger name="ru.brbpm.tnuzdo.gp.datasources.EhdQueryVisitor" additivity="false">
        <level value="TRACE" />
        <appender-ref ref="FILE" />
    </logger>
	
	<logger name="ru.brbpm.tnuzdo.gp.schedule" additivity="false">
        <level value="TRACE" />
        <appender-ref ref="FILE" />
    </logger>
	
	<logger name="ru.brbpm.tnuzdo.services.operator" additivity="false">
        <level value="TRACE" />
        <appender-ref ref="FILE" />
    </logger>
	
    <logger name="ru.brbpm.tnuzdo.gp.datasources.EhdQueryVisitor" additivity="false">
        <level value="TRACE" />
        <appender-ref ref="FILE" />
    </logger>
    
    <logger name="ru.brbpm.tnuzdo.integration.operator.impl.services.UnicloudConnector" additivity="false">
        <level value="TRACE" />
        <appender-ref ref="FILE" />
    </logger>
    
    <logger name="ru.brbpm.tnuzdo.support.BarcodeSupport" additivity="false">
        <level value="TRACE" />
        <appender-ref ref="FILE" />
    </logger>
    
    <logger name="ru.brbpm.tnuzdo.services.notification.NotifyService" additivity="false">
        <level value="TRACE" />
        <appender-ref ref="FILE" />
    </logger>
    
    
    <logger name="ru.brbpm.tnuzdo.gp.handlers.UpdatePropertiesProcessor" additivity="false">
        <level value="TRACE" />
        <appender-ref ref="FILE" />
    </logger>
    
    <logger name="ru.brbpm.tnuzdo.services.LinkedDocumentsService" additivity="false">
        <level value="TRACE" />
        <appender-ref ref="FILE" />
    </logger>
    
    <logger name="ru.brbpm.tnuzdo.mappers.customproperties.CustomPropertiesMapper" additivity="false">
        <level value="TRACE" />
        <appender-ref ref="FILE" />
    </logger>
 
    <logger name="ru.brbpm.tnuzdo.services.processing.ProcessingServiceImpl" additivity="false">
        <level value="TRACE" />
        <appender-ref ref="FILE" />
    </logger>
 
    <logger name="ru.brbpm.tnuzdo.client.SimpleRestClient" additivity="false">
        <level value="TRACE" />
        <appender-ref ref="FILE" />
    </logger>
 
    <logger name="ru.brbpm.tnuzdo.gp.dao.operator" additivity="false">
        <level value="TRACE" />
        <appender-ref ref="FILE" />
    </logger>

    <logger name="ru.brbpm.tnuzdo.integration.operator" additivity="false">
        <level value="TRACE" />
        <appender-ref ref="FILE" />
    </logger>

    <logger name="ru.brbpm" additivity="false">
        <level value="DEBUG" />
        <appender-ref ref="FILE" />
    </logger>
    
    <logger name="ru.brbpm.tnuzdo.gp.handlers.ContentProcessor" additivity="false">
        <level value="TRACE" />
        <appender-ref ref="FILE" />
    </logger>
    
    <logger name="ru.blogic20" additivity="false">
        <level value="DEBUG" />
        <appender-ref ref="FILE" />
    </logger>

    <logger name="ru.brbpm.uzdo.integration.ksdd" additivity="false">
        <level value="TRACE" />
        <appender-ref ref="KSDD_INTEGRATION_FILE" />
    </logger>

    <logger name="webservices.accounting" additivity="false">
        <level value="TRACE" />
        <appender-ref ref="WEBSERVICES_ACCOUNTING_FILE" />
    </logger>

    <logger name="webservices.ehd" additivity="false">
        <level value="TRACE" />
        <appender-ref ref="WEBSERVICES_EHD_FILE" />
    </logger>

    <logger name="samba.export.ehd" additivity="false">
        <level value="TRACE" />
        <appender-ref ref="SAMBA_EXPORT_EHD_FILE" />
    </logger>

    <logger name="webservices.muzedo" additivity="false">
        <level value="TRACE" />
        <appender-ref ref="WEBSERVICES_MUZEDO_FILE" />
    </logger>

    <logger name="webservices.nsi" additivity="false">
        <level value="TRACE" />
        <appender-ref ref="WEBSERVICES_NSI_FILE" />
    </logger>

    <logger name="webservices.gate" additivity="false">
        <level value="TRACE" />
        <appender-ref ref="WEBSERVICES_GATE_FILE" />
    </logger>

    <root>
        <level value="ERROR"/>
        <appender-ref ref="FILE"/>
    </root>

    <!-- Журнал назначения прав доступа к документам -->
    <appender name="DOC_SECURITY" class="org.apache.log4j.rolling.RollingFileAppender">
        <rollingPolicy class="org.apache.log4j.rolling.TimeBasedRollingPolicy">
            <param name="ActiveFileName" value="logs/UZDO-doc-security.log"/>
            <param name="FileNamePattern" value="logs/UZDO-doc-security.%d{yyyyMMdd-HH}.%i.log.gz"/>
        </rollingPolicy>
        <triggeringPolicy class="org.apache.log4j.rolling.SizeBasedTriggeringPolicy">
            <param name="MaxFileSize" value="4000000" />
        </triggeringPolicy>
        <param name="encoding" value="UTF-8"/>
        <layout class="org.apache.log4j.PatternLayout">
            <param name="ConversionPattern" value="%d{dd.MM.yy HH:mm:ss,SSS} %-5p [%t] %c{1}: %m%n"/>
        </layout>
    </appender>

    <logger name="ru.brbpm.tnuzdo.services.AdUserService" additivity="false">
        <level value="TRACE" />
        <appender-ref ref="DOC_SECURITY" />
    </logger>

    <logger name="ru.brbpm.tnuzdo.support.DepartmentSecuritySupport" additivity="false">
        <level value="TRACE" />
        <appender-ref ref="DOC_SECURITY" />
    </logger>

    <!-- Журнал создания/модификации ЭП документов -->
    <appender name="SIGNATURE_OPERATIONS" class="org.apache.log4j.rolling.RollingFileAppender">
        <rollingPolicy class="org.apache.log4j.rolling.TimeBasedRollingPolicy">
            <param name="ActiveFileName" value="logs/UZDO-signature-operations.log"/>
            <param name="FileNamePattern" value="logs/UZDO-signature-operations.%d{yyyyMMdd-HH}.%i.log.gz"/>
        </rollingPolicy>
        <triggeringPolicy class="org.apache.log4j.rolling.SizeBasedTriggeringPolicy">
            <param name="MaxFileSize" value="4000000" />
        </triggeringPolicy>
        <param name="encoding" value="UTF-8"/>
        <layout class="org.apache.log4j.PatternLayout">
            <param name="ConversionPattern" value="%d{dd.MM.yy HH:mm:ss,SSS} %-5p [%t] %c{1}: %m%n"/>
        </layout>
    </appender>

    <logger name="ru.brbpm.tnuzdo.dto.abstractive.GpDaoSupportClass" additivity="false">
        <level value="TRACE" />
        <appender-ref ref="SIGNATURE_OPERATIONS" />
    </logger>

    <logger name="ru.brbpm.tnuzdo.gp.dao.cards.SignatureWithCertificateDao" additivity="false">
        <level value="TRACE" />
        <appender-ref ref="SIGNATURE_OPERATIONS" />
    </logger>

    <logger name="ru.brbpm.tnuzdo.integration.signservice" additivity="false">
        <level value="TRACE" />
        <appender-ref ref="SIGNATURE_OPERATIONS" />
    </logger>
</log4j:configuration>
