<?xml version="1.0" encoding="UTF-8" ?>
<!--
 Описывает особенности отображения справочников в пользовательском интерфейсе
 Описывается модель каждого справочника
    <list module="модуль в котором определена модель" model="модель данных" title="имя в ui">
        <title>Заголовок справочника</title>

        <column name="имя поля в модели" title="заголовок поля в модели"
            [type="INTEGER|DATE|STRING|FLOAT|DOUBLE|BOOLEAN|LONG|BINARY|GUID|OBJECT_AS_ID|BLOB" - тип значений; по умолчанию определяется по модели данных]
            [visible="*true|false" - отображается ли в табличной части]
            [width - ширина колонки в табличной части]
            [format - шаблон форматирования чисел]
            [pattern - шаблон форматирования дат]
            [sortable="*true|false" - можно ли сортировать по данной колонке]
            [default-sort="ASC|DESC" - сортировка по умолчанию]
            [filter="*true|false" - отображается в разделе фильтров]
            [filter-default="true|*false" - отображается по умолчанию в разделе фильтров]
            [searchMode="CONTAINS|NOT_CONTAINS|STARTS_WITH|ENDS_WITH|NEQ|*EQ|GT|LT|GE|LE|IS_NULL|IS_NOT_NULL|INTERVAL|CHECK_DEPARTMENT|CHECK_DEPARTMENT_POSITION|CHECK_USER" - условие сравнения по умолчанию в фильтре]
            [can-change-mode="*true|false" - можно ли менять условие сравнения в фильтре]
            [list_source - id другого справочника, откуда должны выбираться значения колонки]
            [list_filters - условия отбора данных из другого справочника (не работает по состоянию на ЕПП 1.4.23!)]
            [list_key - имя колонки-ключа из другого справочника]
            [list_view - имя отображаемой колонки из другого справочника]
            />
    </list>
-->
<list-ui>

    <list module="ad_users" model="Users" title="Справочник доменных пользователей">
        <title>Доменные пользователи</title>
        <column name="displayName" title="Имя пользователя" width="50%" searchMode="CONTAINS" sortable="false" default-sort="ASC"/>
        <column name="mail" title="Почтовый адрес" width="50%" searchMode="CONTAINS" />
    </list>

    <list module="curators" model="Curator" title="Справочник кураторов">
        <title>Кураторы</title>
        <column name="displayName" title="Имя пользователя" width="50%" searchMode="CONTAINS"
                sortable="false" default-sort="ASC"/>
        <column name="mail" title="Почтовый адрес" width="50%" searchMode="CONTAINS" />
    </list>

    <list module="curators" model="CuratorAny" title="Справочник кураторов и кураторов внутренних документов">
        <title>Кураторы</title>
        <column name="displayName" title="Имя пользователя" width="50%" searchMode="CONTAINS"
                sortable="false" default-sort="ASC"/>
        <column name="mail" title="Почтовый адрес" width="50%" searchMode="CONTAINS" />
    </list>

    <list module="statuses" model="statuses" title="Справочник статусов">
        <title>Статусы</title>
        <column name="outgoingName" title="Исходящее наименование" searchMode="CONTAINS" width="50%" default-sort="ASC"/>
        <column name="incomingName" title="Входящее наименование" searchMode="CONTAINS" width="50%" default-sort="ASC"/>
    </list>

    <list module="statuses_internal" model="statuses" title="Справочник статусов внутренних документов">
        <title>Статусы</title>
        <column name="incomingName" title="Наименование" searchMode="CONTAINS" width="100%" default-sort="ASC"/>
    </list>

    <list module="currencies" model="currencies" title="Справочник валют">
        <title>Справочник валют</title>
        <column name="id" title="Код валюты" width="20%" searchMode="CONTAINS"/>
        <column name="name" title="Название валюты" width="80%" searchMode="CONTAINS" default-sort="ASC"/>
    </list>

    <list module="basis_documents" model="LbEdfPrimaryDocument" title="Поиск документов">
        <title>Поиск документов</title>
        <column name="LbEdfContragentId" title="Контрагент" searchMode="EQ" list_source="contractors.CONTRACTORS" list_key="REMOTE_KEY" list_view="SHORT_NAME" visible="false" filter="true"/>
        <column name="SHORT_NAME" title="Контрагент" width="20%" visible="true" filter="false" sortable="false"/>
        <column name="LbEdfDocumentKind" title="Вид документа" searchMode="EQ" list_source="doc_kinds.DOCUMENTKINDS" list_key="CODE" list_view="NAME" visible="false" filter="true"/>
        <column name="NAME" title="Вид документа" width="20%" visible="true" filter="false" sortable="false"/>
        <column name="LbEdfDocumentDate" title="Дата документа" width="15%" searchMode="EQ" pattern="dd.MM.yyyy"/>
        <column name="LbEdfDocumentNumber" title="Номер документа" width="15%" searchMode="EQ" default-sort="ASC"/>
        <column name="LbEdfBarcode" title="Штрихкод" width="15%" searchMode="EQ"/>
        <column name="LbEdfSumma" title="Сумма документа" width="15%" searchMode="EQ"/>
    </list>

    <list module="signers" model="SIGNERS" title="Справочник подписантов">
        <column name="LOGIN" title="Логин AD" width="10%" filter="false" searchMode="CONTAINS"/>
        <column name="ORGANIZATION" title="Наименование организации" width="10%" searchMode="CONTAINS"/>
        <column name="ADDRESS" title="Адрес организации" filter="false" width="15%" searchMode="CONTAINS"/>
        <column name="NAME" title="Имя" filter="false" width="10%" searchMode="CONTAINS"/>
        <column name="SURNAME" title="Фамилия" filter="false" width="10%" searchMode="CONTAINS" default-sort="ASC"/>
        <column name="PATRONYMIC" title="Отчество" filter="false" width="10%" searchMode="CONTAINS"/>
        <column name="POSITION" title="Должность подписанта" width="10%" searchMode="CONTAINS"/>
        <column name="SIGN_BASIS" title="Основание для права подписи" filter="false" width="10%" searchMode="CONTAINS"/>
        <column name="INN" title="ИНН" filter="false" width="10%" searchMode="CONTAINS"/>
        <column name="KPP" title="КПП" filter="false" width="10%" searchMode="CONTAINS"/>
        <column name="TITLE" title="Наименование" filter="false" width="10%" searchMode="CONTAINS"/>
    </list>

    <!-- Справочник договоров для выбора в карточке создания документа -->
    <list module="custom_contracts_with_curator_names" model="CustomContract" title="Справочник договоров">
        <column name="LbEdfContractCode" title="Код договора" visible="false"/>
        <column name="LbEdfContractNumber" title="Номер договора" width="20%" searchMode="CONTAINS" default-sort="ASC"/>
        <column name="LbEdfContractDate" title="Дата договора" width="10%" searchMode="CONTAINS" pattern="dd.MM.yyyy"/>
        <column name="LbEdfCurator" title="Куратор договора" searchMode="CONTAINS" list_source="ad_users.Users" list_key="userPrincipalName" list_view="displayName" visible="false" filter="true"/>
        <column name="displayName" title="Куратор договора" width="10%" visible="true" filter="false" sortable="false"/>
        <column name="LbEdfCurator2" title="Куратор2 договора" searchMode="CONTAINS" visible="false" list_source="ad_users.Users" list_key="userPrincipalName" list_view="displayName"/>
        <column name="LbEdfContractSumma" title="Сумма договора" width="10%" searchMode="CONTAINS" format="#.00"/>
        <column name="LbEdfContractStatus" title="Статус договора" width="10%" searchMode="CONTAINS"/>
        <column name="LbEdfContractValidityBegin" title="Дата начала действия договора" visible="false"/>
        <column name="LbEdfContractValidityEnd" title="Дата окончания действия договора" visible="false"/>
        <column name="LbEdfContractLinkEhd" title="Ссылка на КИС ЭХД" visible="false"/>
        <column name="LbEdfContractParentCode" title="Код основного договора" visible="false"/>
        <column name="LbEdfContractCurrency" title="Валюта взаиморасчетов" visible="false"/>
        <column name="LbEdfContractKind" title="Вид договорного документа" visible="false"/>
    </list>

    <list module="contractors" model="CONTRACTORS" title="Справочник контрагентов">
        <column name="INN" title="ИНН" width="10%" searchMode="CONTAINS"/>
        <column name="KPP" title="КПП" width="10%" searchMode="CONTAINS"/>
        <column name="SHORT_NAME" title="Контрагент" width="50%" filter-default="true" searchMode="CONTAINS" default-sort="ASC"/>
        <column name="LONG_NAME" title="Полное наименование" width="10%" filter="false"/>
        <column name="ADDRESS" title="Юридический адрес" width="10%" filter="false"/>
        <column name="POST_ADDRESS" title="Почтовый адрес" width="10%" filter="false"/>
    </list>

    <list module="contracts" model="LbEdfContract" title="Справочник договоров">
        <column name="LbEdfContractNumber" title="Номер договора" width="25%" searchMode="CONTAINS"/>
        <column name="LbEdfContractSumma" title="Сумма договора" width="25%" searchMode="CONTAINS" format="#.00"/>
        <column name="LbEdfCurator" title="Куратор договора" searchMode="CONTAINS" list_source="ad_users.Users" list_key="userPrincipalName" list_view="displayName" filter="true"/>
        <column name="LbEdfContractStatus" title="Статус договора" width="25%" searchMode="CONTAINS"/>
    </list>

    <!-- Справочник договоров для выбора в фильтре по номеру договора -->
    <list module="custom_contracts_with_curator_names_filter" model="CustomContract" title="Справочник договоров">
        <column name="LbEdfContractNumber" title="Номер договора" width="25%" searchMode="CONTAINS"/>
        <column name="LbEdfContractSumma" title="Сумма договора" width="25%" searchMode="CONTAINS" format="#.00"/>
        <column name="LbEdfCurator" title="Куратор договора" searchMode="CONTAINS" list_source="ad_users.Users" list_key="userPrincipalName" list_view="displayName" visible="false" filter="true"/>
        <column name="displayName" title="Куратор договора" width="25%" visible="true" filter="false" sortable="false"/>
        <column name="LbEdfContractStatus" title="Статус договора" width="25%" searchMode="CONTAINS"/>
    </list>

    <list module="doc_kinds" model="DOCUMENTKINDS" title="Справочник видов документов">
        <column name="NAME" title="Наименование вида документа" width="100%" searchMode="CONTAINS" default-sort="ASC"/>
    </list>

    <list module="ehd_doc_titles" model="EHD_DOC_TITLES" title="Справочник видов документов КИС ЭХД">
        <column name="EHD_DOC_TITLE_CODE" title="Код вида документа" width="40%" searchMode="CONTAINS" default-sort="ASC"/>
        <column name="EHD_DOC_TITLE" title="Наименование вида документа" width="40%" searchMode="CONTAINS" default-sort="ASC"/>
        <column name="UZDO_IS_USED" title="Используется в ЮЗДО" width="20%" searchMode="EQ" default-sort="ASC"/>
    </list>

    <list module="doc_kinds_to_ehd_titles" model="DOC_KIND_TO_EHD_TITLE" title="Справочник видов документов КИС ЭХД">
        <column name="EHD_DOC_TITLE_CODE" title="Код КИС ЭХД" width="32%" searchMode="CONTAINS" default-sort="ASC"/>
        <column name="UZDO_DOCUMENTKIND_ID" title="Код МЮЗ ЭДО" width="32%" filter="false" default-sort="ASC"/>
        <column name="EHD_DOC_TITLE" title="Заголовок документа КИС ЭХД" width="36%" searchMode="CONTAINS" default-sort="ASC"/>
    </list>

    <list module="doc_kinds_internal" model="DOCUMENTKINDS" title="Справочник видов внутренних документов">
        <column name="NAME" title="Наименование вида документа" width="100%" searchMode="CONTAINS" default-sort="ASC"/>
    </list>

    <list module="doc_kinds_not_confirm" model="DOCUMENTKINDS" title="Справочник видов документов">
        <column name="NAME" title="Наименование вида документа" width="100%" searchMode="CONTAINS" default-sort="ASC"/>
    </list>

    <list module="doc_kinds_external" model="DOCUMENTKINDS" title="Справочник видов документов">
        <column name="NAME" title="Наименование вида документа" width="100%" searchMode="CONTAINS" default-sort="ASC"/>
    </list>

    <list module="baskets" model="baskets" title="Справочник корзин">
        <column name="title" title="Корзина" width="60%" searchMode="CONTAINS" default-sort="ASC"/>
        <column name="dir" title="Направление" width="40%" searchMode="CONTAINS"/>
    </list>

    <list module="baskets_internal" model="baskets" title="Справочник корзин">
        <column name="title" title="Корзина" width="60%" searchMode="CONTAINS" default-sort="ASC"/>
        <column name="dir" title="Направление" width="40%" searchMode="CONTAINS"/>
    </list>

    <list module="baskets_external" model="baskets" title="Справочник корзин">
        <column name="title" title="Корзина" width="60%" searchMode="CONTAINS" default-sort="ASC"/>
        <column name="dir" title="Направление" width="40%" searchMode="CONTAINS"/>
    </list>

    <list module="doceventtypes" model="doceventtypes" title="Cправочник событий документа">
        <title>Типы событий документа</title>
        <column name="code" title="Код" searchMode="EQ" width="50%"/>
        <column name="name" title="Наименование" searchMode="EQ" width="50%" default-sort="ASC"/>
    </list>

    <list module="doc_kinds_accounting" model="DOCUMENT_KINDS" title="Справочник видов документов во внешней учетной системе">
        <title>Виды документов во внешней учетной системе</title>
        <column name="CODE" title="Код" searchMode="EQ" width="30%"/>
        <column name="MUZEDO_CODE" title="Код в МЮЗ ЭДО" filter="false" width="30%"/>
        <column name="NAME" title="Наименование" searchMode="EQ" width="40%" default-sort="ASC"/>
    </list>

    <list module="link_types" model="LINKTYPES" title="Справочник типов связей документов">
        <title>Типы связей документов</title>
        <column name="code" title="Код" searchMode="EQ" width="50%"/>
        <column name="name" title="Наименование" searchMode="EQ" width="50%" default-sort="ASC"/>
    </list>

    <list module="link_source_systems" model="LINKSOURCESYSTEMS" title="Справочник систем-источников документов">
        <title>Системы-источники документов</title>
        <column name="code" title="Код" searchMode="EQ" width="50%"/>
        <column name="name" title="Наименование" searchMode="EQ" width="50%" default-sort="ASC"/>
    </list>

    <list module="operators" model="operators" title="Справочник доступных операторов">
        <title>Операторы ЭДО</title>
        <column name="code" title="Код" searchMode="EQ" width="20%"/>
        <column name="name" title="Название" searchMode="EQ" width="80%" default-sort="ASC"/>
    </list>

    <list module="directions" model="directions" title="Справочник направлений документов">
        <title>Справочник направлений документов</title>
        <column name="name" title="Направление" searchMode="CONTAINS" width="100%" default-sort="ASC"/>
    </list>

    <list module="documenttypes" model="documenttypes" title="Справочник типов документов">
        <title>Справочник типов документов</title>
        <column name="name" title="Имя типа" searchMode="CONTAINS" width="100%" default-sort="ASC"/>
    </list>

    <list module="documenttypes_no_confirming" model="documenttypes" title="Справочник типов документов">
        <title>Справочник типов документов</title>
        <column name="name" title="Имя типа" searchMode="CONTAINS" width="100%" default-sort="ASC"/>
    </list>

    <list module="event_statuses" model="statuses" title="Справочник статусов событий">
        <title>Справочник статусов событий</title>
        <column name="name" title="Статус события" searchMode="CONTAINS" width="100%" default-sort="ASC"/>
    </list>

    <list module="audit_events" model="events" title="Справочник событий аудита">
        <title>Справочник событий аудита</title>
        <column name="name" title="Событие" searchMode="CONTAINS" width="100%" default-sort="ASC"/>
    </list>

    <list module="audit_login_logout_events" model="events" title="Справочник событий аудита">
        <title>Справочник событий аудита</title>
        <column name="name" title="Событие" searchMode="CONTAINS" width="100%" default-sort="ASC"/>
    </list>

    <list module="barcodes" model="TnDocument" title="Штрихкоды">
        <title>Штрихкоды</title>
        <column name="LbEdfBarcode" title="Штрихкод" searchMode="CONTAINS" width="100%"/>
    </list>

    <list module="contractor_statuses" model="statuses" title="Справочник статусов">
        <title>Статусы контрагентов</title>
        <column name="name" title="Наименование" searchMode="CONTAINS" width="100%" default-sort="ASC"/>
    </list>

    <list module="rnus" model="rnus" title="Справочник РНУ">
        <title>Справочник РНУ</title>
        <column name="id"   title="Код РНУ" width="20%" searchMode="EQ"/>
        <column name="name" title="Наименование РНУ" width="80%" searchMode="CONTAINS" default-sort="ASC"/>
    </list>

    <list module="commodity_control_types" model="commoditycontroltypes" title="Контроль за движением товара">
        <title>Контроль за движением товара</title>
        <column name="name" title="Наименование" searchMode="CONTAINS" width="100%" default-sort="ASC"/>
    </list>

    <list module="invoice_formation_circs" model="invoiceformation" title="Обстоятельства формирования счета-фактуры">
        <title>Обстоятельства формирования счета-фактуры</title>
        <column name="name" title="Наименование" searchMode="CONTAINS" width="100%" default-sort="ASC"/>
    </list>

    <list module="operator_package_names_concat" model="OPERATOR_PACKAGE_DATA" title="Наименования пакетов">
        <title>Наименования пакетов</title>
        <column name="OPERATOR_PACKAGE_NAME_CONCAT" title="Идентификатор пакета" searchMode="CONTAINS" width="100%" default-sort="ASC"/>
    </list>

    <list module="sign_service_endpoints" model="SIGN_SERVICE_ENDPOINTS" title="Точки подключения к ЕИС Коннектору АСУ Закупки">
        <title>Справочник точек подключения к ЕИС Коннектору</title>
        <column name="ACTIVE"   title="Активен" searchMode="CONTAINS" width="15%" default-sort="ASC"/>
        <column name="LOGIN"    title="Логин"   searchMode="CONTAINS" width="20%" default-sort="ASC"/>
        <column name="PASSWORD" title="Пароль"  searchMode="CONTAINS" width="20%" default-sort="ASC"/>
        <column name="ENDPOINT" title="Адрес"   searchMode="CONTAINS" width="25%" default-sort="ASC"/>
        <column name="SIGN_CERT_ID"  title="Идентификатор сертификата подписи"
                searchMode="CONTAINS" width="20%" default-sort="ASC"/>
        <column name="DECRYPT_CERT_ID"
                title="Идентификатор сертификата аутентификации в Диадок"
                searchMode="CONTAINS" width="20%" default-sort="ASC"/>
    </list>

    <list module="endpoint_statuses" model="endpoint_statuses" title="Справочник статусов точек подключения">
        <title>Справочник статусов точек подключения</title>
        <column name="name" title="Статус активности точки подключения" searchMode="EQ" width="100%" default-sort="ASC"/>
    </list>
</list-ui>