<notification-service db="${db2xauri}" retry-rule="${notificationCron}" retry-count="5" lock-prefix="notify_" xmlns:xi="http://www.w3.org/2001/XInclude">

    <!-- Адресная книга, которая ищет в AD "email" по полю "userPrincipalName" -->
    <list-book for="mailto" search-in="ad_users.Users" search-by="userPrincipalName" result-field="mail"/>

    <role-book for="mailto" search-in="ad_users.Users" search-by="userPrincipalName" result-field="mail"/>

    <!-- Коннектор выполняющий отправку уведомления по email -->
    <connector protocol="mailto"
               connector-name="java:app/notification-service/EmailConnector"
               retry-period="180"
               xmlns:st="http://blogic20.ru/2016/ConfigModuleUtils.xml">
        <!-- параметры коннектора -->
        <parameter name="mail.transport.protocol">smtp</parameter>
        <parameter name="mail.smtp.host"><st:property id="mail.smtp.host" default=""/></parameter>
        <parameter name="mail.smtp.port"><st:property id="mail.smtp.port" default=""/></parameter>
        <parameter name="mail.smtp.auth"><st:property id="mail.smtp.auth" default=""/></parameter>
        <parameter name="username"><st:property id="mail.smtp.username" default=""/></parameter>
        <parameter name="password"><st:property id="mail.smtp.password" default=""/></parameter>
        <parameter name="$SENDER"><st:property id="mail.sender" default=""/></parameter>
    </connector>


    <!-- Описание шаблонов уведомлений -->
    <xi:include href="${rootdir}/metadata/templates/AnnulNoticeReceived.xml"/>
    <xi:include href="${rootdir}/metadata/templates/AnnulNoticeReceivedUnilateral.xml"/>
    <xi:include href="${rootdir}/metadata/templates/ClarificationNoticeReceived.xml"/>
    <xi:include href="${rootdir}/metadata/templates/ClarificationNoticeReceivedOld.xml"/>
    <xi:include href="${rootdir}/metadata/templates/ClarificationRequestReceived.xml"/>
    <xi:include href="${rootdir}/metadata/templates/ReworkRequestReceived.xml"/>
    <xi:include href="${rootdir}/metadata/templates/ClarificationRejectSent.xml"/>
    <xi:include href="${rootdir}/metadata/templates/ClarificationRejectReceived.xml"/>
    <xi:include href="${rootdir}/metadata/templates/DocAgreed.xml"/>
    <xi:include href="${rootdir}/metadata/templates/DocCuratorChanged.xml"/>
    <xi:include href="${rootdir}/metadata/templates/DocForSigning.xml"/>
    <xi:include href="${rootdir}/metadata/templates/DocNotAgreed.xml"/>
    <xi:include href="${rootdir}/metadata/templates/DocSigned.xml"/>
    <xi:include href="${rootdir}/metadata/templates/DocStatusChanged.xml"/>
    <xi:include href="${rootdir}/metadata/templates/EdfAgreementApproved.xml"/>
    <xi:include href="${rootdir}/metadata/templates/EdfAgreementReceived.xml"/>
    <xi:include href="${rootdir}/metadata/templates/EdfAgreementReceivedForAbsentKA.xml"/>
    <xi:include href="${rootdir}/metadata/templates/EdfAgreementRejected.xml"/>
    <xi:include href="${rootdir}/metadata/templates/EdfAgreementSended.xml"/>
    <xi:include href="${rootdir}/metadata/templates/IOPConfirmationReceived.xml"/>
    <xi:include href="${rootdir}/metadata/templates/IOPConfirmationReceivedOld.xml"/>
    <xi:include href="${rootdir}/metadata/templates/IOPDocStatusChanged.xml"/>
    <xi:include href="${rootdir}/metadata/templates/NewDocFromAccounting.xml"/>
    <xi:include href="${rootdir}/metadata/templates/NewDocIncoming.xml"/>
    <xi:include href="${rootdir}/metadata/templates/NewDocIncomingNotSorted.xml"/>
    <xi:include href="${rootdir}/metadata/templates/ProcessingDocError.xml"/>
    <xi:include href="${rootdir}/metadata/templates/RejectAnnulAgreementReceived.xml"/>
    <xi:include href="${rootdir}/metadata/templates/RejectBySigner.xml"/>
    <xi:include href="${rootdir}/metadata/templates/RejectBySedSigner.xml"/>
    <xi:include href="${rootdir}/metadata/templates/SignedAnnulAgreementReceived.xml"/>
    <xi:include href="${rootdir}/metadata/templates/LinkedReceived.xml"/>
    <xi:include href="${rootdir}/metadata/templates/LogValidation.xml"/>
    <xi:include href="${rootdir}/metadata/templates/CheckValidation.xml"/>
    <xi:include href="${rootdir}/metadata/templates/BlockedBySecurity.xml"/>
</notification-service>
