<?xml version="1.0" encoding="utf-8"?>
<signServiceErrorMapping>
    <errors>
        <error>
            <pattern><![CDATA[(?is).*(0x800B010C|0x80092010).*]]></pattern>
            <message>Сертификат отозван</message>
        </error>
        <error>
            <pattern><![CDATA[(?is).*(0x800B0101|0x80090328).*]]></pattern>
            <message>Истек срок действия сертификата</message>
        </error>
        <error>
            <pattern><![CDATA[(?is).*0x80091007.*]]></pattern>
            <message>ЭП не соответствует файлу документа</message>
        </error>
        <error>
            <pattern><![CDATA[(?is).*0x80093103.*]]></pattern>
            <message>Неверный формат файла документа</message>
        </error>
        <error>
            <pattern><![CDATA[(?is).*0x8009310b.*]]></pattern>
            <message>Неверный формат файла подписи</message>
        </error>
        <!-- TODO Добавить в постановку?
        <error>
            <pattern><![CDATA[(?is).*0xC21001\d{2}.*]]></pattern>
            <message>Ошибка обращения к службе штампов времени</message>
        </error>
        <error>
            <pattern><![CDATA[(?is).*0xC21101\d{2}.*]]></pattern>
            <message>Ошибка обращения к службе OCSP</message>
        </error>
        -->
    </errors>
</signServiceErrorMapping>