<?xml version="1.0" encoding="UTF-8" standalone="yes"?>
<operators>
    <operator create="2000-01-01" code="TSD" name="Внутренний оператор ТСД" agreements-enabled="false">
        <auth type="LOGIN">
            <params>
                <item name="login" value="${tsd.login}"/>
                <item name="password" value="${tsd.password}"/>
            </params>
        </auth>
        <routing>
            <criteria>
                <property name="LbEdfDocType" value="NON_FORMALIZED" />
                <property name="LbEdfRecipientINN" value="6317099159" />
                <property name="LbEdfRecipientKPP" value="631801001" />
            </criteria>
        </routing>
    </operator>
    <operator create="2000-01-01" code="NVR" name="Внутренний оператор ЧТН" agreements-enabled="false">
        <auth type="LOGIN">
            <params>
                <item name="login" value="${nvr.login}"/>
                <item name="password" value="${nvr.password}"/>
            </params>
        </auth>
        <routing>
            <criteria>
                <property name="LbEdfDocType" value="NON_FORMALIZED" />
                <property name="LbEdfRecipientINN" value="2315072242" />
                <property name="LbEdfRecipientKPP" value="997250001" />
            </criteria>
        </routing>
    </operator>
    <operator create="2000-01-01" code="2BM" name="Диадок" agreements-enabled="true" disableRoamingAbonents="false">
        <auth type="LOGIN">
            <params>
                <item name="login" value="${2bm.login}"/>
                <item name="password" value="${2bm.password}"/>
            </params>
        </auth>
        <routing default="true" />
    </operator>
</operators>