<?xml version="1.0" encoding="UTF-8" standalone="yes"?>
<query>
    <where>doc.IsCurrentVersion = true</where>

    <page-size>100</page-size>

    <table id="LbEdfPrimaryDocument" alias="doc"/>

    <column table="doc" id="ID" type="ID" hidden="false" primary-key="true"/>
    <column table="doc" id="VersionSeries" type="ID" hidden="false"/>
    <column table="doc" id="LbEdfIsDocIncomming" type="BOOLEAN" hidden="false"/>
    <column table="doc" id="LbEdfDocStatus" type="STRING" hidden="false"/>
    <column table="doc" id="LbEdfStatusChangeDate" type="DATE" hidden="false"/>

    <filter table="doc" column="LbEdfIsDocIncomming" id="byLbEdfIsDocIncomming" operation="EQ" multivalue="false"/>
    <filter table="doc" column="LbEdfDocStatus" id="byLbEdfDocStatus" operation="EQ" multivalue="false"/>
    <filter table="doc" column="LbEdfStatusChangeDate" id="byLbEdfStatusChangeDate" operation="LT" multivalue="false"/>
</query>