<?xml version="1.0" encoding="UTF-8" ?>
<!-- Настройки генераторов печатных форм для ЮЗДО. -->
<uzdo-printform xmlns:st="http://blogic20.ru/2016/ConfigModuleUtils.xml">

    <!-- MVEL-выражение для вычисления имени файла ПФ. -->
    <fileNameTemplate><![CDATA[
        if (instanceOf("LbEdfAgreementEdo")) {
            return "Соглашение об ЭДО_Печатная форма";
        }

        var fileName = "";

        var barcode = value("LbEdfBarcode");
        if ((barcode != null) && !barcode.isEmpty()) {
            fileName += barcode + "_";
        }

        var documentTitle = value("DocumentTitle");
        if ((documentTitle != null) && !documentTitle.isEmpty()) {
            fileName += documentTitle;
        } else {
            fileName += "Документ";

            var number = value("LbEdfDocumentNumber");
            if ((number != null) && !number.isEmpty()) {
                fileName += " №" + number;
            }

            var date = value("LbEdfDocumentDate");
            if (date != null) {
                fileName += " от " + new java.text.SimpleDateFormat("dd.MM.yyyy").format(date);
            }
        }

        fileName += "_Печатная форма";

        return fileName;
    ]]></fileNameTemplate>


    <!-- Список поддерживаемых генераторов. -->
    <generators>

        <!-- Генератор ПФ для формализованных документов. -->
        <generator class="ru.blogic20.gp.uzdo.printform.generator.barcode.FormalizedGenerator">
            <when><![CDATA[
                instanceOf("LbEdfDocument")
                && {
                    "AKT",
                    "TORG12",
                    "INVOICE", "INVOICE_REVISION", "INVOICE_CORRECTION", "INVOICE_CORRECTION_REVISION",
                    "UPD_INVOICE", "UPD_INVOICE_REVISION", "UCD_INVOICE", "UCD_INVOICE_REVISION",
                    "UPD", "UPD_REVISION", "UPD_DOP", "UPD_DOP_REVISION",
                    "UCD", "UCD_REVISION", "UCD_DOP", "UCD_DOP_REVISION"
                } contains value("LbEdfDocType")
            ]]></when>
            <parameters>
                <!-- Параметры поиска контента ответного документа. -->
                <parameter name="response_content.query_path" value="cesearch:alias:printform_ResponseDocument" />
                <parameter name="response_content.filter.obj_id" value="DocId" />
                <parameter name="response_content.model_name" value="LbEdfSecondaryDocument" />
                <!-- Параметры поиска ЭП основного документа. -->
                <parameter name="main_signature.query_path" value="cesearch:alias:printform_MainSignature" />
                <parameter name="main_signature.filter.obj_id" value="DocId" />
                <parameter name="main_signature.model_name" value="LbEdfMainDocSignature" />
                <!-- Параметры поиска ЭП ответного документа. -->
                <parameter name="response_signature.query_path" value="cesearch:alias:printform_ResponseSignature" />
                <parameter name="response_signature.filter.obj_id" value="DocId" />
                <parameter name="response_signature.model_name" value="LbEdfSecondaryDocSignature" />
                <!-- Дата обновления печатных форм -->
                <parameter name="parameter_pf_update_date" value="01.07.2021" />
            </parameters>
        </generator>

        <!-- Генератор ПФ для неформализованных документов. -->
        <generator class="ru.blogic20.gp.uzdo.printform.generator.barcode.NonFormalizedGenerator">
            <when><![CDATA[
                instanceOf("LbEdfDocument")
                && value("LbEdfDocType") == "NON_FORMALIZED"
            ]]></when>
            <parameters>
                <!-- Параметры поиска ЭП основного документа. -->
                <parameter name="main_signature.query_path" value="cesearch:alias:printform_MainSignature" />
                <parameter name="main_signature.filter.obj_id" value="DocId" />
                <parameter name="main_signature.model_name" value="LbEdfMainDocSignature" />
                <!-- Параметры поиска ЭП ответного документа. -->
                <parameter name="response_signature.query_path" value="cesearch:alias:printform_ResponseSignature" />
                <parameter name="response_signature.filter.obj_id" value="DocId" />
                <parameter name="response_signature.model_name" value="LbEdfSecondaryDocSignature" />
                <!-- Параметры маппинга атрибутов документа на внутреннюю структуру. -->
                <parameter name="mapping.barcode" value="LbEdfBarcode" />
            </parameters>
        </generator>

        <!-- Генератор ПФ для внутренних документов. -->
        <generator class="ru.blogic20.gp.uzdo.printform.generator.barcode.InternalDocumentBarcodeGenerator">
            <when><![CDATA[
                instanceOf("LbEdfDocument") && value("LbEdfDocType") == "INTERNAL"
            ]]></when>
            <parameters>
                <!-- Параметры поиска ЭП основного документа. -->
                <parameter name="internal_signatures.query_path" value="cesearch:alias:MainSignatures" />
                <parameter name="internal_signatures.filter.obj_id" value="DocId" />
                <parameter name="internal_signatures.model_name" value="LbEdfMainDocSignature" />
                <!-- Параметры маппинга атрибутов документа на внутреннюю структуру. -->
                <parameter name="mapping.barcode" value="LbEdfBarcode" />
            </parameters>
        </generator>

        <!-- Генератор ПФ для соглашений об ЭДО. -->
        <generator class="ru.blogic20.gp.uzdo.printform.generator.stamp.NonFormalizedGenerator">
            <when><![CDATA[
                instanceOf("LbEdfAgreementEdo")
            ]]></when>
            <parameters>
                <!-- Параметры поиска контента основного документа. -->
                <parameter name="main_content.query_path" value="cesearch:alias:printform_AgreementEdoContent" />
                <parameter name="main_content.filter.obj_id" value="ObjId" />
                <parameter name="main_content.model_name" value="LbEdfAgreementEdoContent" />
                <!-- Параметры поиска ЭП основного документа. -->
                <parameter name="main_signature.query_path" value="cesearch:alias:printform_AgreementEdoMainSignature" />
                <parameter name="main_signature.filter.obj_id" value="ObjId" />
                <parameter name="main_signature.model_name" value="LbEdfAgreementEdoSignature" />
                <!-- Параметры поиска ЭП ответного документа. -->
                <parameter name="response_signature.query_path" value="cesearch:alias:printform_AgreementEdoResponseSignature" />
                <parameter name="response_signature.filter.obj_id" value="ObjId" />
                <parameter name="response_signature.model_name" value="LbEdfAgreementEdoSignature" />
            </parameters>
        </generator>

        <!-- Генератор ПФ для связанных документов. -->
        <generator class="ru.blogic20.gp.uzdo.printform.generator.barcode.NonFormalizedGenerator">
            <when><![CDATA[
                instanceOf("LinkedDocument") && instanceMimeTypeOf("application/pdf")
            ]]></when>
            <parameters>
                <!-- Параметры поиска ЭП связанного документа. -->
                <parameter name="curator_signature.query_path" value="cesearch:alias:printform_LinkedDocumentCuratorSignature" />
                <parameter name="curator_signature.filter.obj_id" value="DocId" />
                <parameter name="curator_signature.model_name" value="LbEdfMainDocSignature" />
                <!-- Параметры маппинга атрибутов документа на внутреннюю структуру. -->
                <parameter name="mapping.barcode" value="LbEdfBarcode" />
            </parameters>
        </generator>

        <!-- Генератор ПФ для связанного подтверждающего формализованного документа с локального диска. -->
        <generator class="ru.blogic20.gp.uzdo.printform.generator.barcode.FormalizedGenerator">
            <when><![CDATA[
                (instanceOf("LbEdfDocument")
                && value("LbEdfDocType") == "CONFIRMING"
                && value("LbEdfDocflowType") != "NON_FORMALIZED") || (instanceOf("LinkedDocument") && instanceMimeTypeOf("text/xml"))
            ]]></when>
            <parameters>
                <!-- Параметры поиска контента ответного документа. -->
                <parameter name="response_content.query_path" value="cesearch:alias:printform_ResponseDocument" />
                <parameter name="response_content.filter.obj_id" value="DocId" />
                <parameter name="response_content.model_name" value="LbEdfSecondaryDocument" />
                <!-- Параметры поиска ЭП основного документа. -->
                <parameter name="main_signature.query_path" value="cesearch:alias:printform_LinkedDocumentSignerSignature" />
                <parameter name="main_signature.filter.obj_id" value="DocId" />
                <parameter name="main_signature.model_name" value="LbEdfMainDocSignature" />
                <!-- Параметры поиска ЭП ответного документа. -->
                <parameter name="response_signature.query_path" value="cesearch:alias:printform_ResponseSignature" />
                <parameter name="response_signature.filter.obj_id" value="DocId" />
                <parameter name="response_signature.model_name" value="LbEdfSecondaryDocSignature" />
                <!-- Параметры поиска ЭП куратора. -->
                <parameter name="curator_signature.query_path" value="cesearch:alias:printform_LinkedDocumentCuratorSignature" />
                <parameter name="curator_signature.filter.obj_id" value="DocId" />
                <parameter name="curator_signature.model_name" value="LbEdfMainDocSignature" />
                <!-- Дата обновления печатных форм -->
                <parameter name="parameter_pf_update_date" value="01.07.2021" />
            </parameters>
        </generator>

        <!-- Генератор ПФ для связанного подтверждающего НЕформализованного документа с локального диска. -->
        <generator class="ru.blogic20.gp.uzdo.printform.generator.barcode.NonFormalizedGenerator">
            <when><![CDATA[
                instanceOf("LbEdfDocument")
                && value("LbEdfDocType") == "CONFIRMING"
                && value("LbEdfDocflowType") == "NON_FORMALIZED"
            ]]></when>
            <parameters>
                <!-- Параметры поиска ЭП основного документа. -->
                <parameter name="main_signature.query_path" value="cesearch:alias:printform_LinkedDocumentSignerSignature"/>
                <parameter name="main_signature.filter.obj_id" value="DocId"/>
                <parameter name="main_signature.model_name" value="LbEdfMainDocSignature"/>
                <!-- Параметры поиска ЭП ответного документа. -->
                <parameter name="response_signature.query_path" value="cesearch:alias:printform_ResponseSignature"/>
                <parameter name="response_signature.filter.obj_id" value="DocId"/>
                <parameter name="response_signature.model_name" value="LbEdfSecondaryDocSignature"/>
                <!-- Параметры поиска ЭП куратора. -->
                <parameter name="curator_signature.query_path" value="cesearch:alias:printform_LinkedDocumentCuratorSignature"/>
                <parameter name="curator_signature.filter.obj_id" value="DocId"/>
                <parameter name="curator_signature.model_name" value="LbEdfMainDocSignature"/>
                <!-- Параметры маппинга атрибутов документа на внутреннюю структуру. -->
                <parameter name="mapping.barcode" value="LbEdfBarcode"/>
            </parameters>
        </generator>
    </generators>


    <!-- Настройки подключения к сервису контента ЕПП. -->
    <content>
        <contentServiceDownload>ejb/<st:property id="appName" default=""/>-GP/ContentServiceDownload</contentServiceDownload>
        <contentServiceUpload>ejb/<st:property id="appName" default=""/>-GP/ContentServiceUpload</contentServiceUpload>
    </content>


    <!-- Настройки кэширования. -->
    <caching>

        <!-- Максимальное время нахождения в кэше (в часах). -->
        <lifeTime>1</lifeTime>

        <!-- MVEL-выражение для определения времени последнего изменения объекта. -->
        <lastModifiedTemplate><![CDATA[
            value("DateLastModified")
        ]]></lastModifiedTemplate>

    </caching>


    <!-- Настройки справочников. -->
    <lists>

        <!-- Справочник стран (ОКСМ). -->
        <list id="countries" listId="countries.countries" class="ru.blogic20.gp.uzdo.printform.generator.impl.utils.CountryUtils">
            <field name="Code" listName="code" />
            <field name="Name" listName="short_name" />
        </list>

        <!-- Справочник субъектов РФ (регионов). -->
        <list id="regions" listId="regions.regions" class="ru.blogic20.gp.uzdo.printform.generator.impl.utils.RegionUtils">
            <field name="Code" listName="code" />
            <field name="Name" listName="name" />
        </list>

        <!-- Справочник валют (ОКВ). -->
        <list id="currencies" listId="currencies.currencies" class="ru.blogic20.gp.uzdo.printform.generator.impl.utils.CurrencyUtils">
            <field name="Id" listName="id" />
            <field name="Code" listName="code" />
            <field name="Name" listName="name" />
            <field name="OneUnit" listName="oneUnit" />
            <field name="TwoUnit" listName="twoUnit" />
            <field name="FiveUnit" listName="fiveUnit" />
            <field name="Sex" listName="sex" />
            <field name="FractionOneUnit" listName="fractionOneUnit" />
            <field name="FractionTwoUnit" listName="fractionTwoUnit" />
            <field name="FractionFiveUnit" listName="fractionFiveUnit" />
            <field name="FractionSex" listName="fractionSex" />
        </list>

        <!-- Справочник единиц измерения (ОКЕИ). -->
        <list id="units" listId="units.units" class="ru.blogic20.gp.uzdo.converter.utils.common.UnitUtils">
            <field name="Code" listName="code" />
            <field name="Symbol" listName="symbol" />
        </list>

    </lists>

</uzdo-printform>
