<?xml version="1.0" encoding="UTF-8" ?>
<!-- Справочник типов документов -->
<data-source id="endpoint_statuses" class="ru.blogic20.gp.services.list.modules.xml.XmlModule" xmlns:st="http://blogic20.ru/2016/ConfigModuleUtils.xml">
    <parameter name="tables">endpoint_statuses</parameter>
    <parameter name="uri"><st:property id="rootdir" default=""/>/lists/endpoint_statuses.xml</parameter>
    <parameter name="endpoint_statuses.tag">endpoint_status</parameter>
    <parameter name="endpoint_statuses.key">id</parameter>
    <parameter name="endpoint_statuses.xpath_key">@id</parameter>
    <parameter name="endpoint_statuses.key_value">@id='$condition'</parameter>
    <parameter name="endpoint_statuses.columns">id;create;name;</parameter>
    <parameter name="endpoint_statuses.xpath_columns">@id;@create;@name;</parameter>
    <parameter name="endpoint_statuses.modify">MODIFY</parameter>
    <parameter name="endpoint_statuses.create">CREATE</parameter>
    <parameter name="enable_cache">true</parameter>
</data-source>