<?xml version="1.0" encoding="UTF-8" ?>
<!-- Кэширующий справочник контрагентов -->
<data-source id="contractors_cached" class="ru.blogic20.gp.services.list.modules.CacheModule">
    <data-source-reference name="wrapped_source">contractors</data-source-reference>
    <!-- Время жизни записи в кэше (в минутах) -->
    <parameter name="live_interval">5</parameter>

    <!-- TODO: Параметр не используется, но необходим для работы ru.blogic20.gp.services.list.ds.CacheDataSource -->
    <!-- Максимальное количество записей в кэше -->
    <parameter name="max_storage_count">100</parameter>

    <!-- TODO: Параметр не используется, но необходим для работы ru.blogic20.gp.services.list.ds.CacheDataSource -->
    <!-- Признак кэширования результатов запросов -->
    <parameter name="query_cache">true</parameter>

    <!-- Максимальное количество кэшируемых запросов -->
    <parameter name="query_cache_max_size">100</parameter>
</data-source>
