<?xml version="1.0" encoding="UTF-8" standalone="yes"?>
<query>
    <page-size>100</page-size>

    <table id="LbEdfFriendshipInfo" alias="agreements"/>

    <column title="Идентификатор" table="agreements" id="Id" type="ID" hidden="false" primary-key="true"/>
    <column title="Дата создания соглашения" table="agreements" id="DateCreated" type="DATE" hidden="false"/>
    <column title="Дата последнего изменения" table="agreements" id="DateLastModified" type="DATE" hidden="true"/>
    <column title="Идентификатор в ЭДО" table="agreements" id="LbEdfFriendshipEdfId" type="STRING" hidden="true"/>
    <column title="Код оператора ЭДО" table="agreements" id="LbEdfOperatorCode" type="STRING" hidden="false"/>
    <column title="Код контрагента" table="agreements" id="LbEdfFriendshipContragentCode" type="STRING" hidden="false"/>
    <column title="Статус соглашения у оператора" table="agreements" id="LbEdfFriendshipStatus" type="STRING" hidden="false"/>
    <column title="Статус соглашения" table="agreements" id="LbEdfFriendshipStatusLocal" type="STRING" hidden="false"/>
    <column title="Признак входящего соглашения об ЭДО" table="agreements" id="LbEdfFriendshipIsIncoming" type="BOOLEAN" hidden="true"/>

    <sort-rule table="agreements" column="DateCreated" order="DESC"/>

    <filter id="LbEdfFriendshipEdfId" table="agreements" column="LbEdfFriendshipEdfId" operation="EQ" multivalue="false"/>
    <filter id="LbEdfOperatorCode" table="agreements" column="LbEdfOperatorCode" operation="EQ" multivalue="false"/>
    <filter id="LbEdfFriendshipContragentCode" table="agreements" column="LbEdfFriendshipContragentCode" operation="EQ" multivalue="false"/>
    <filter id="LbEdfFriendshipStatus" table="agreements" column="LbEdfFriendshipStatus" operation="EQ" multivalue="false"/>
    <filter id="LbEdfFriendshipStatusLocal" table="agreements" column="LbEdfFriendshipStatusLocal" operation="EQ" multivalue="false"/>
    <filter id="LbEdfFriendshipIsIncoming" table="agreements" column="LbEdfFriendshipIsIncoming" operation="EQ" multivalue="false"/>

</query>