<?xml version="1.0" encoding="UTF-8" ?>
<model id="Contractor" system-name="CONTRACTORS" primary-key="REMOTE_KEY" name-key="SHORT_NAME" system="false" dao="SqlDao">
    <string id="REMOTE_KEY"         title="Код"                 max-length="16"/>
    <string id="SHORT_NAME"         title="Контрагент"          max-length="255"/>
    <string id="LONG_NAME"          title="Полное наименование" max-length="500"/>
    <string id="INN"                title="ИНН"                 max-length="255"/>
    <string id="KPP"                title="КПП"                 max-length="255"/>
    <date   id="CREATION_DATE"      title="Дата создания записи"/>
    <date   id="LAST_UPDATE"        title="Дата обновления записи"/>
    <string id="OKPO"               title="ОКПО"                max-length="255"/>
    <string id="OKOPF"              title="ОКОПФ"               max-length="255"/>
    <string id="CONTRACTOR_TYPE"    title="Тип контрагента"     max-length="255"/>
    <string id="OFFICIAL"           title="Должностное лицо"    max-length="255"/>
    <string id="ADDRESS"            title="Юридический адрес"   max-length="255"/>
    <string id="COUNTRY"            title="Страна"              max-length="255"/>
    <string id="POST_INDEX"         title="Индекс"              max-length="255"/>
    <string id="REGION_CODE"        title="Код региона"         max-length="2"/>
    <string id="DISTRICT"           title="Округ"               max-length="255"/>
    <string id="CITY"               title="Город"               max-length="255"/>
    <string id="LOCATION"           title="Населенный пункт"    max-length="255"/>
    <string id="STREET"             title="Улица"               max-length="255"/>
    <string id="HOUSE"              title="Номер дома"          max-length="255"/>
    <string id="BUILDING"           title="Строение / Корпус"   max-length="255"/>
    <string id="OFFICE"             title="Офис"                max-length="255"/>
    <string id="POST_ADDRESS"       title="Почтовый адрес"      max-length="255"/>
    <string id="PHONE"              title="Телефон"             max-length="255"/>
    <string id="FAX"                title="Факс"                max-length="255"/>
    <string id="BANK_NAME"          title="Банк"                max-length="255"/>
    <string id="BIK"                title="Бик банка"           max-length="255"/>
    <string id="CURRENT_ACCOUNT"    title="Расчетный счет"      max-length="255"/>
    <string id="LEGAL_STATUS"       title="Юридический статус"  max-length="2"/>
    <string id="STATUS"             title="Статус контрагента"   max-length="32">
        <list-link ds="contractor_statuses" model="statuses" key-field="id" value-field="name"/>
    </string>
    <date   id="STATUS_LAST_UPDATE" title="Дата последнего обновления статуса"/>
    <string id="EDO_OPERATORS"      title="Доступные операторы" max-length="500"/>

    <string id="ExternalLinkMuzedo" titl="Ссылка на карточку контрагента" virtual="true" defaultValue="http://${appHost}/${appName}/#/card/Contractor/%VALUE%"/>

    <processor id="DefaultSaveProcessor" stage="MANUAL"/>

    <security-templates>
        <security-template id="DEFAULT">
            <add-rule rule="READ"         allowed-roles="Пользователь"/>
            <add-rule for="*" rule="READ" allowed-roles="Пользователь"/>
        </security-template>
    </security-templates>
</model>