<?xml version="1.0" encoding="UTF-8" ?>
<!-- Справочник типов документов -->
<data-source id="documenttypes_no_confirming" class="ru.blogic20.gp.services.list.modules.xml.XmlModule" xmlns:st="http://blogic20.ru/2016/ConfigModuleUtils.xml">
    <parameter name="tables">documenttypes</parameter>
    <parameter name="uri"><st:property id="rootdir" default=""/>/lists/document_types_no_confirming.xml</parameter>
    <parameter name="documenttypes.tag">documenttype</parameter>
    <parameter name="documenttypes.key">id</parameter>
    <parameter name="documenttypes.xpath_key">@id</parameter>
    <parameter name="documenttypes.key_value">@id='$condition'</parameter>
    <parameter name="documenttypes.columns">id;create;name;</parameter>
    <parameter name="documenttypes.xpath_columns">@id;@create;@name;</parameter>
    <parameter name="documenttypes.modify">MODIFY</parameter>
    <parameter name="documenttypes.create">CREATE</parameter>
    <parameter name="enable_cache">true</parameter>
</data-source>