<?xml version="1.0" encoding="UTF-8" standalone="yes"?>

<query>

    <where>doc.IsCurrentVersion = true</where>

    <page-size>100</page-size>

    <table id="DocumentLink"    alias="link"/>
    <table id="TnDocument"      alias="doc"/>

    <table-join join="LEFT" operation="EQ">
        <left   table="link"    column="TargetDocumentVsid"/>
        <right  table="doc"     column="VersionSeries"/>
    </table-join>

    <column title="Ид. связи"                                       table="link"    id="Id"                           type="ID"       hidden="false" primary-key="true"/>
    <column title="Ид. связи"                                       table="link"    id="Id"                           type="ID"       hidden="true"  alias="ID"/>
    <column title="Ид. версии документа"                            table="link"    id="SourceDocumentVsid"           type="ID"       hidden="false"/>
    <column title="Ид. версии связанного документа"                 table="link"    id="TargetDocumentVsid"           type="ID"       hidden="false"/>
    <column title="Код типа связи"                                  table="link"    id="LinkType"                     type="STRING"   hidden="false" sortable="false"/>
    <column title="Код системы-источника"                           table="link"    id="SourceSystemCode"             type="STRING"   hidden="false" sortable="false"/>
    <column title="Вид целевого документа"                          table="link"    id="TargetDocumentKind"           type="STRING"   hidden="false"/>
    <column title="Признак отправки связанного документа"           table="link"    id="TargetDocumentIsSent"         type="BOOLEAN"  hidden="true"/>

    <column title="Ид. связанного документа"                        table="doc"     id="ID"                           type="ID"       hidden="true" alias="TargetDocId"/>
    <column title="Ид. связанного документа"                        table="doc"     id="ID"                           type="ID"       hidden="true" alias="DocumentId"/>
    <column title="Ид. версии связанного документа"                 table="doc"     id="VersionSeries"                type="ID"       hidden="false"/>
    <column title="Направление документа"                           table="doc"     id="LbEdfIsDocIncomming"          type="BOOLEAN"  hidden="false"/>
    <column title="Номер документа"                                 table="doc"     id="LbEdfDocumentNumber"          type="STRING"   hidden="false"/>
    <column title="Дата документа"                                  table="doc"     id="LbEdfDocumentDate"            type="DATE"     hidden="false"/>
    <column title="Штрихкод"                                        table="doc"     id="LbEdfBarcode"                 type="STRING"   hidden="false"/>
    <column title="Статус документа"                                table="doc"     id="LbEdfDocStatus"               type="STRING"   hidden="true"/>
    <column title="Статус документа"                                table="doc"     id="LbEdfDocStatus"               type="STRING"   hidden="false" alias="LbEdfDocStatusTitle" sortable="false"/>
    <column title="Код вида документа"                              table="doc"     id="LbEdfDocumentKind"            type="STRING"   hidden="true"/>
    <column title="Сумма документа"                                 table="doc"     id="LbEdfSumma"                   type="DOUBLE"   hidden="false"/>
    <column title="Сумма НДС"                                       table="doc"     id="LbEdfSummaNds"                type="DOUBLE"   hidden="false"/>
    <column title="Грузополучатель"                                 table="doc"     id="LbEdfConsigneeName"           type="STRING"   hidden="false"/>
    <column title="ИНН Грузополучателя"                             table="doc"     id="LbEdfConsigneeINN"            type="STRING"   hidden="false"/>
    <column title="КПП Грузополучателя"                             table="doc"     id="LbEdfConsigneeKPP"            type="STRING"   hidden="false"/>
    <column title="Грузоотправитель"                                table="doc"     id="LbEdfConsignerName"           type="STRING"   hidden="false"/>
    <column title="ИНН Грузоотправителя"                            table="doc"     id="LbEdfConsignerINN"            type="STRING"   hidden="false"/>
    <column title="КПП Грузоотправителя"                            table="doc"     id="LbEdfConsignerKPP"            type="STRING"   hidden="false"/>
    <column title="Вид документа"                                   table="doc"     id="LbEdfDocumentKind"            type="STRING"   hidden="false" alias="LbEdfDocumentKindTitle" sortable="false"/>
    <column title="Контрагент"                                      table="doc"     id="LbEdfContragentId"            type="STRING"   hidden="true" sortable="false"/>
    <column title="Наименование контрагента"                        table="doc"     id="LbEdfContragentName"          type="STRING"   hidden="true" sortable="false"/>
    <column title="Куратор договора"                                table="doc"     id="LbEdfCurator"                 type="STRING"   hidden="false" sortable="false"/>
    <column title="Код смежной системы"                             table="doc"     id="LinkedDocumentSystemCode"     type="STRING"   hidden="true"/>
    <column title="Ссылка"                                          table="doc"     id="LinkedDocumentLink"           type="STRING"   hidden="true"/>
    <column title="Номер исправления счета-фактуры"                 table="doc"     id="LbEdfInvoiceCorrNum"          type="STRING"   hidden="true"/>
    <column title="Дата исправления счета-фактуры"                  table="doc"     id="LbEdfInvoiceCorrDate"         type="DATE"     hidden="true"/>
    <column title="Валюта документа"                                table="doc"     id="LbEdfCurrency"                type="STRING"   hidden="false" sortable="false"/>
    <column title="Сумма документа"                                 table="doc"     id="LbEdfSumma"                   type="DOUBLE"   hidden="false"/>
    <column title="Сумма НДС"                                       table="doc"     id="LbEdfSummaNds"                type="DOUBLE"   hidden="false"/>
    <column title="Отправитель"                                     table="doc"     id="LbEdfSenderId"                type="STRING"   hidden="true"/>
    <column title="Продавец"                                        table="doc"     id="LbEdfSellerId"                type="STRING"   hidden="true"/>
    <column title="Идентификатор документа в системе-источнике"     table="doc"     id="LinkedDocumentExternalId"     type="STRING"   hidden="true"/>
    <column title="Номер договора"                                  table="doc"     id="LbEdfContractNumber"          type="STRING"   hidden="false"/>
    <column title="Дата договора"                                   table="doc"     id="LbEdfContractDate"            type="DATE"     hidden="false"/>
    <column title="Дата выгрузки в КИС ЭХД"                         table="doc"     id="LbEdfExportEhdDate"           type="DATE"     hidden="true"/>
    <column title="Код смежной системы - КИС ЭХД"                   table="doc"     id="LinkedSystemCodeEhd"          type="STRING"   hidden="true"/>
    <column title="Тип документа"                                   table="doc"     id="DocumentType"                 type="STRING"   hidden="false"/>

    <parameter name="hidden">Id,ID,SourceDocumentVsid,TargetDocumentVsid,TargetDocumentIsSent,VersionSeries,LinkedDocumentExternalId,LbEdfExportEhdDate,LinkedSystemCodeEhd</parameter>

    <parameter name="LbEdfDocumentDate.format">dd.MM.yyyy</parameter>
    <parameter name="LbEdfInvoiceCorrDate.format">dd.MM.yyyy</parameter>
    <parameter name="LbEdfContractDate.format">dd.MM.yyyy</parameter>
    <parameter name="LbEdfSumma.format">#.00</parameter>
    <parameter name="LbEdfSummaNds.format">#.00</parameter>

    <parameter name="LinkType.list">link_types.LINKTYPES</parameter>
    <parameter name="LinkType.key">code</parameter>
    <parameter name="LinkType.view">name</parameter>

    <parameter name="SourceSystemCode.list">link_source_systems.LINKSOURCESYSTEMS</parameter>
    <parameter name="SourceSystemCode.key">code</parameter>
    <parameter name="SourceSystemCode.view">name</parameter>

    <parameter name="LbEdfCurator.list">ad_users.Users</parameter>
    <parameter name="LbEdfCurator.key">userPrincipalName</parameter>
    <parameter name="LbEdfCurator.view">displayName</parameter>

    <parameter name="LbEdfDocStatusTitle.list">statuses.statuses</parameter>
    <parameter name="LbEdfDocStatusTitle.key">id</parameter>
    <parameter name="LbEdfDocStatusTitle.view">incomingName</parameter>

    <parameter name="LbEdfDocumentKind.list">doc_kinds.DOCUMENTKINDS</parameter>
    <parameter name="LbEdfDocumentKind.key">CODE</parameter>
    <parameter name="LbEdfDocumentKind.view">NAME</parameter>

    <parameter name="LbEdfDocumentKindTitle.list">doc_kinds.DOCUMENTKINDS</parameter>
    <parameter name="LbEdfDocumentKindTitle.key">CODE</parameter>
    <parameter name="LbEdfDocumentKindTitle.view">NAME</parameter>

    <parameter name="LbEdfContragentId.list">contractors.CONTRACTORS</parameter>
    <parameter name="LbEdfContragentId.key">REMOTE_KEY</parameter>
    <parameter name="LbEdfContragentId.view">SHORT_NAME</parameter>

    <parameter name="LbEdfCurrency.list">currencies.currencies</parameter>
    <parameter name="LbEdfCurrency.key">id</parameter>
    <parameter name="LbEdfCurrency.view">name</parameter>


    <parameter name="LbEdfIsDocIncomming.list">directions.directions</parameter>
    <parameter name="LbEdfIsDocIncomming.key">id</parameter>
    <parameter name="LbEdfIsDocIncomming.view">name</parameter>

    <filter table="link"    column="SourceDocumentVsid" id="SourceDocumentVsid" operation="EQ"  multivalue="false"/>
    <filter table="link"    column="TargetDocumentVsid" id="TargetDocumentVsid" operation="EQ"  multivalue="false"/>
    <filter table="link"    column="SourceSystemCode"   id="SourceSystemCode"   operation="EQ"  multivalue="false"/>
    <filter table="link"    column="LinkType"           id="LinkType"           operation="EQ"  multivalue="false"/>

    <!--<linked-documents enabled="true" ds="cesearch" query="alias/uzdo_search_incoming_all">-->
        <!--<set-filter name="VersionSeries" column="SourceDocumentVsid"/>-->
    <!--</linked-documents>-->

    <!--<linked-documents enabled="true" ds="cesearch" query="alias/uzdo_search_outgoing_all">-->
        <!--<set-filter name="VersionSeries" column="TargetDocumentVsid"/>-->
    <!--</linked-documents>-->
</query>