<?xml version="1.0" encoding="UTF-8" ?>
<!-- Справочник доверенностей/уставов -->
<data-source id="power_of_attorneys" class="ru.blogic20.gp.services.list.modules.sql.SqlModule"
             xmlns:st="http://blogic20.ru/2016/ConfigModuleUtils.xml">
    <jndi-reference name="ds"><st:property id="db2uri" default=""/></jndi-reference>
    <parameter name="tables">POWER_OF_ATTORNEYS</parameter>
    <parameter name="POWER_OF_ATTORNEYS.key">ID</parameter>
    <parameter name="POWER_OF_ATTORNEYS.columns">ID;NUMBER;SIGNER;KIND;BEGIN_DATE;END_DATE;SUM;CONTENT;LINK;STATUS;AREA</parameter>
    <parameter name="POWER_OF_ATTORNEYS.create">CREATED_DATE</parameter>
    <parameter name="POWER_OF_ATTORNEYS.modify">UPDATED_DATE</parameter>
</data-source>