<?xml version="1.0" encoding="UTF-8" standalone="yes"?>
<query>
    <page-size>100</page-size>

	<table id="LbEdfContract" alias="list"/>

	<column	title="Идентификатор"				table="list"	id="Id"						type="ID"		hidden="true" primary-key="true"/>
	<column	title="Код договора"				table="list"	id="LbEdfContractCode"		type="STRING"	hidden="true"/>
	<column	title="Номер договора"				table="list"	id="LbEdfContractNumber"	type="STRING" 	hidden="false"/>
	<column	title="Дата договора"				table="list"	id="LbEdfContractDate"		type="DATE" 	hidden="false"/>
	<column	title="Сумма договора"				table="list"	id="LbEdfContractSumma"		type="DOUBLE"	hidden="false"/>
	<column	title="Вид договорного документа"	table="list"	id="LbEdfContractKind"		type="STRING" 	hidden="false"/>
	<column	title="Статус договора"				table="list"	id="LbEdfContractStatus"	type="STRING" 	hidden="false"/>
	<column	title="Заказчик по договору"		table="list"	id="LbEdfContractCustomer"	type="STRING" 	hidden="false" sortable="false"/>
	<column	title="Исполнитель по договору"		table="list"	id="LbEdfContractExecutor"	type="STRING"	hidden="false" sortable="false"/>
	<column	title="Куратор договора"			table="list"	id="LbEdfCurator"			type="STRING"	hidden="false" sortable="false"/>

	<sort-rule table="list" column="LbEdfContractNumber" order="ASC"/>

	<parameter name="hidden">Id</parameter>

	<parameter name="LbEdfContractDate.format">dd.MM.yyyy</parameter>
	<parameter name="LbEdfContractSumma.format">#.00</parameter>

	<parameter name="LbEdfContractCustomer.list">contractors.CONTRACTORS</parameter>
	<parameter name="LbEdfContractCustomer.key">REMOTE_KEY</parameter>
	<parameter name="LbEdfContractCustomer.view">SHORT_NAME</parameter>

	<parameter name="LbEdfContractExecutor.list">contractors.CONTRACTORS</parameter>
	<parameter name="LbEdfContractExecutor.key">REMOTE_KEY</parameter>
	<parameter name="LbEdfContractExecutor.view">SHORT_NAME</parameter>

	<parameter name="LbEdfCurator.list">ad_users.Users</parameter>
	<parameter name="LbEdfCurator.key">userPrincipalName</parameter>
	<parameter name="LbEdfCurator.view">displayName</parameter>

	<filter title="Номер договора"				table="list"	column="LbEdfContractNumber"	id="LbEdfContractNumber"	operation="LIKE"	multivalue="false"/>
	<filter	title="Дата договора"				table="list"	column="LbEdfContractDate"		id="LbEdfContractDate"		operation="EQ"		multivalue="false"/>
    <filter	title="Сумма договора"				table="list"	column="LbEdfContractSumma"		id="LbEdfContractSumma"		operation="EQ"		multivalue="false"/>
    <filter	title="Вид договорного документа"	table="list"	column="LbEdfContractKind"		id="LbEdfContractKind"		operation="LIKE"	multivalue="false"/>
    <filter	title="Статус договора"				table="list"	column="LbEdfContractStatus"	id="LbEdfContractStatus"	operation="LIKE"	multivalue="false"/>
    <filter	title="Заказчик по договору"		table="list"	column="LbEdfContractCustomer"	id="LbEdfContractCustomer"	operation="EQ"		multivalue="false"/>
	<filter	title="Исполнитель по договору"		table="list"	column="LbEdfContractExecutor"	id="LbEdfContractExecutor"	operation="EQ"		multivalue="false"/>
    <filter	title="Куратор договора"			table="list"	column="LbEdfCurator"	        id="LbEdfCurator"	        operation="EQ"		multivalue="false"/>
</query>
