<?xml version="1.0" encoding="UTF-8"?>
<toolbars xmlns:xi="http://www.w3.org/2001/XInclude">
    <xi:include href="${rootdir}/metadata/views/toolbars/_default-journal-basket-actions.xml"/>
    <xi:include href="${rootdir}/metadata/views/toolbars/agreement-card-create-actions.xml"/>
    <xi:include href="${rootdir}/metadata/views/toolbars/agreement-card-view-actions.xml"/>
    <xi:include href="${rootdir}/metadata/views/toolbars/archive-basket-actions.xml"/>
    <xi:include href="${rootdir}/metadata/views/toolbars/audit-events-basket-actions.xml"/>
    <xi:include href="${rootdir}/metadata/views/toolbars/audit-login-logout-events-basket-actions.xml"/>
    <xi:include href="${rootdir}/metadata/views/toolbars/contract-basket-actions.xml"/>
    <xi:include href="${rootdir}/metadata/views/toolbars/contract-card-actions.xml"/>
    <xi:include href="${rootdir}/metadata/views/toolbars/contractor-basket-actions.xml"/>
    <xi:include href="${rootdir}/metadata/views/toolbars/contractor-card-actions.xml"/>
    <xi:include href="${rootdir}/metadata/views/toolbars/currencies-basket-actions.xml"/>
    <xi:include href="${rootdir}/metadata/views/toolbars/dockinds-basket-actions.xml"/>
    <xi:include href="${rootdir}/metadata/views/toolbars/document-basket-actions.xml"/>
    <xi:include href="${rootdir}/metadata/views/toolbars/document-basket-actions-on_sign.xml"/>
    <xi:include href="${rootdir}/metadata/views/toolbars/document-basket-actions-process.xml"/>
    <xi:include href="${rootdir}/metadata/views/toolbars/internal-document-basket-actions-process.xml"/>
    <xi:include href="${rootdir}/metadata/views/toolbars/document-card-actions.xml"/>
    <xi:include href="${rootdir}/metadata/views/toolbars/internal-document-card-actions.xml"/>
    <xi:include href="${rootdir}/metadata/views/toolbars/error-document-card-actions.xml"/>
    <xi:include href="${rootdir}/metadata/views/toolbars/linked_document-card-actions.xml"/>
    <xi:include href="${rootdir}/metadata/views/toolbars/new-document-card-actions.xml"/>
    <xi:include href="${rootdir}/metadata/views/toolbars/no-card-journal-basket-actions.xml"/>
    <xi:include href="${rootdir}/metadata/views/toolbars/register-journal-basket-actions.xml"/>
    <xi:include href="${rootdir}/metadata/views/toolbars/sign-journal-basket-actions.xml"/>
    <xi:include href="${rootdir}/metadata/views/toolbars/signer-basket-actions.xml"/>
    <xi:include href="${rootdir}/metadata/views/toolbars/documents-search-dialog-actions.xml"/>

    <xi:include href="${rootdir}/metadata/views/toolbars/custom-search/custom-search-basket-actions.xml"/>
    <xi:include href="${rootdir}/metadata/views/toolbars/custom-search/my-custom-search-basket-actions.xml"/>
    <xi:include href="${rootdir}/metadata/views/toolbars/custom-search/primary-document-search-actions.xml"/>

    <xi:include href="${rootdir}/metadata/views/toolbars/operator-package-documents-actions.xml"/>

    <xi:include href="${rootdir}/metadata/views/toolbars/sign-service-endpoint-basket-actions.xml"/>
    <xi:include href="${rootdir}/metadata/views/toolbars/new-sign-service-endpoint-actions.xml"/>
    <xi:include href="${rootdir}/metadata/views/toolbars/sign-service-endpoint-actions.xml"/>
</toolbars>