<?xml version="1.0" encoding="UTF-8" ?>
<!-- Агрегирующий источник документов-оснований, связанный с контрагентами и видами документов -->
<data-source id="basis_documents" class="ru.blogic20.gp.services.list.modules.aggregation.AggregationModule">
    <data-source-reference name="ds1">custom_basis_documents</data-source-reference>
    <data-source-reference name="ds2">contractors_cached</data-source-reference>
    <data-source-reference name="ds3">doc_kinds</data-source-reference>
    <parameter name="data_source_positions">documents;contractors;doc_kinds</parameter>
    <parameter name="aggregation_strategy">LEFT_JOIN</parameter>
    <parameter name="tables">LbEdfPrimaryDocument</parameter>
    <parameter name="LbEdfPrimaryDocument.columns">Id;VersionSeries;LbEdfDocumentNumber;LbEdfBarcode;LbEdfDocumentDate;LbEdfDocumentKind;LbEdfSumma;LbEdfContragentId;SHORT_NAME;NAME;DateCreated;DateLastModified</parameter>
    <parameter name="LbEdfPrimaryDocument.documents">ds1.LbEdfPrimaryDocument</parameter>
    <parameter name="LbEdfPrimaryDocument.contractors">ds2.CONTRACTORS</parameter>
    <parameter name="LbEdfPrimaryDocument.doc_kinds">ds3.DOCUMENTKINDS</parameter>
    <parameter name="LbEdfPrimaryDocument.documents.contractors.key">LbEdfContragentId</parameter>
    <parameter name="LbEdfPrimaryDocument.contractors.documents.key">REMOTE_KEY</parameter>
    <parameter name="LbEdfPrimaryDocument.documents.doc_kinds.key">LbEdfDocumentKind</parameter>
    <parameter name="LbEdfPrimaryDocument.doc_kinds.documents.key">CODE</parameter>
    <parameter name="LbEdfPrimaryDocument.key">Id</parameter>
</data-source>