<?xml version="1.0" encoding="UTF-8" ?>
<model id="OperatorPackageData" system-name="OPERATOR_PACKAGE_DATA"
       primary-key="ID"
       system="true" dao="SqlDao">
    <!--gp-1.6:SqlDao:140 boolean isNew = businessObject.getId() == null-->
    <integer id="ID" title="ID"/>

    <string id="OPERATOR_PACKAGE_ID" title="OPERATOR_PACKAGE_ID" max-length="72"/>
    <date id="OPERATOR_PACKAGE_RECEIVE_DATE" title="OPERATOR_PACKAGE_RECEIVE_DATE"/>
    <string id="OPERATOR_PACKAGE_SENDER_NAME" title="OPERATOR_PACKAGE_SENDER_NAME" max-length="1000" defaultValue="Не определен"/>

    <processor id="DefaultSaveProcessor" stage="MANUAL"/>

    <security-templates>
        <security-template id="DEFAULT">
            <add-rule rule="READ|CREATE|EDIT" allowed-roles="Пользователь"/>
            <add-rule for="*" rule="READ|CREATE|EDIT" allowed-roles="Пользователь" />
        </security-template>
    </security-templates>
</model>