<?xml version="1.0" encoding="UTF-8" ?>
<!-- Совокупный источник данных для отображения истории обработки документа в карточке документа c названием статуса-->
<data-source id="doceventlog_titles" class="ru.blogic20.gp.services.list.modules.aggregation.AggregationModule">
    <data-source-reference name="ds1">doc_history_events</data-source-reference>
    <data-source-reference name="ds2">doceventtypes</data-source-reference>
    <parameter name="data_source_positions">left;right</parameter>
    <parameter name="aggregation_strategy">LEFT_JOIN</parameter>
    <parameter name="tables">DocEventsWithTitle</parameter>
    <parameter name="DocEventsWithTitle.columns">id;vsid;event_code;event_date;username;comment;code;name;_modified;_created</parameter>
    <parameter name="DocEventsWithTitle.left">ds1.DOC_HISTORY_EVENTS_LOG</parameter>
    <parameter name="DocEventsWithTitle.right">ds2.doceventtypes</parameter>
    <parameter name="DocEventsWithTitle.left.right.key">event_code</parameter>
    <parameter name="DocEventsWithTitle.right.left.key">code</parameter>
    <parameter name="DocEventsWithTitle.key">vsid</parameter>
    <parameter name="DocEventsWithTitle.modify">_modified</parameter>
    <parameter name="DocEventsWithTitle.create">_created</parameter>
</data-source>