<?xml version="1.0" encoding="UTF-8" standalone="yes"?>
<query xmlns:st="http://blogic20.ru/2016/ConfigModuleUtils.xml">
    <page-size>100</page-size>

    <table id="GP_JOURNAL" alias="journal"/>

    <column title="Идентификатор"        table="journal" id="ID"          type="LONG"   hidden="true" primary-key="true"/>
    <column title="Тип журнала"          table="journal" id="SYSTEM"      type="STRING" hidden="true"/>
    <column title="Уникальный номер"     table="journal" id="OBJECT_ID"   type="STRING" hidden="false"/>
    <column title="Дата и время"         table="journal" id="CREATED"     type="DATE"   hidden="false"/>
    <column title="Наименование события" table="journal" id="EVENT_TYPE"  type="STRING" hidden="false"/>
    <column title="Статус события"       table="journal" id="STATUS"      type="STRING" hidden="false"/>
    <column title="Заголовок"            table="journal" id="OBJECT_NAME" type="STRING" hidden="false"/>
    <column title="Комментарий"          table="journal" id="MESSAGE"     type="STRING" hidden="false"/>

    <sort-rule table="journal" column="CREATED" order="DESC"/>

    <parameter name="hidden">ID,SYSTEM</parameter>

    <parameter name="CREATED.format">dd.MM.yyyy HH:mm:ss</parameter>

    <parameter name="STATUS.list">event_statuses.statuses</parameter>
    <parameter name="STATUS.key">id</parameter>
    <parameter name="STATUS.view">name</parameter>

    <filter title="Тип журнала"          table="journal" column="SYSTEM"      id="SYSTEM"      operation="EQ"       multivalue="false" hidden="true">SIGN_SERVICE</filter>
    <filter title="Уникальный номер"     table="journal" column="OBJECT_ID"   id="OBJECT_ID"   operation="STARTS"   multivalue="false"/>
    <filter title="Дата и время"         table="journal" column="CREATED"     id="CREATED"     operation="INTERVAL" multivalue="false"/>
    <filter title="Наименование события" table="journal" column="EVENT_TYPE"  id="EVENT_TYPE"  operation="LIKE"     multivalue="false"/>
    <filter title="Статус события"       table="journal" column="STATUS"      id="STATUS"      operation="EQ"       multivalue="false"/>
    <filter title="Заголовок"            table="journal" column="OBJECT_NAME" id="OBJECT_NAME" operation="LIKE"     multivalue="false"/>
    <filter title="Комментарий"          table="journal" column="MESSAGE"     id="MESSAGE"     operation="LIKE"     multivalue="false"/>
</query>
