<?xml version="1.0" encoding="UTF-8" ?>
<!-- Справочник событий входа выхода -->
<data-source id="audit_login_logout_events" class="ru.blogic20.gp.services.list.modules.xml.XmlModule"
             xmlns:st="http://blogic20.ru/2016/ConfigModuleUtils.xml">
    <parameter name="tables">events</parameter>
    <parameter name="uri"><st:property id="rootdir" default=""/>/lists/audit_login_logout_events.xml</parameter>
    <parameter name="events.tag">event</parameter>
    <parameter name="events.key">code</parameter>
    <parameter name="events.xpath_key">@code</parameter>
    <parameter name="events.key_value">@code='$condition'</parameter>
    <parameter name="events.columns">code;name;create;</parameter>
    <parameter name="events.xpath_columns">@code;@name;@create;</parameter>
    <parameter name="events.modify">create</parameter>
    <parameter name="events.create">create</parameter>
    <parameter name="enable_cache">true</parameter>
</data-source>