<?xml version="1.0" encoding="UTF-8" ?>
<!-- Справочник типов контроля за движением товара -->
<data-source id="commodity_control_types" class="ru.blogic20.gp.services.list.modules.xml.XmlModule" xmlns:st="http://blogic20.ru/2016/ConfigModuleUtils.xml">
    <parameter name="tables">commoditycontroltypes</parameter>
    <parameter name="uri"><st:property id="rootdir" default=""/>/lists/commodity_control_types.xml</parameter>
    <parameter name="commoditycontroltypes.tag">type</parameter>
    <parameter name="commoditycontroltypes.key">id</parameter>
    <parameter name="commoditycontroltypes.xpath_key">@id</parameter>
    <parameter name="commoditycontroltypes.key_value">@id='$condition'</parameter>
    <parameter name="commoditycontroltypes.columns">id;create;name;</parameter>
    <parameter name="commoditycontroltypes.xpath_columns">@id;@create;@name;</parameter>
    <parameter name="commoditycontroltypes.modify">MODIFY</parameter>
    <parameter name="commoditycontroltypes.create">CREATE</parameter>
    <parameter name="enable_cache">true</parameter>
</data-source>