<?xml version="1.0" encoding="UTF-8" standalone="yes"?>
<query>
    <page-size>100</page-size>

	<table id="documents_ehd_remote.EhdDocuments" alias="doc"/>

	<column	title="Идентификатор"		table="doc"	id="Id"					type="ID"		hidden="true" primary-key="true"/>
	<column	title="Код смежной системы"	table="doc"	id="SYSTEM_CODE"		type="STRING"	hidden="true"/>
	<column	title="Имя контрагента"			table="doc"	id="CONTRAGENT_NAME"	type="STRING"	hidden="true"/>
	<column	title="Контрагент"			table="doc"	id="CONTRAGENT_ID"	    type="STRING"	hidden="false" sortable="false"/>
	<column	title="Вид документа"		table="doc"	id="KIND"				type="STRING" 	hidden="false"/>
	<column	title="Дата документа"		table="doc"	id="DATE"				type="DATE" 	hidden="false"/>
	<column	title="Номер документа"		table="doc"	id="NUMBER"				type="STRING"	hidden="false"/>
	<column	title="Штрихкод"			table="doc"	id="BARCODE"			type="STRING" 	hidden="false"/>
	<column	title="Сумма документа"		table="doc"	id="SUMM_TOTAL"			type="DOUBLE"	hidden="false"/>
	<column title="ИНН"     table="doc" id="CONTRAGENT_INN"     type="STRING"   hidden="false"/>
	<column title="КПП"     table="doc" id="CONTRAGENT_KPP"     type="STRING"   hidden="false"/>

	<sort-rule table="doc" column="SUMM_TOTAL" order="ASC"/>

	<parameter name="hidden">Id</parameter>

	<parameter name="DATE.format">dd.MM.yyyy</parameter>
	<parameter name="DATE.filterCheck"><![CDATA[[
		{"rule":"(this.value === null)","error":"Необходимо указать дату начала и окончания периода"},
		{"rule":"(this.value[0] === null)","error":"Необходимо указать дату начала периода"},
		{"rule":"(this.value[1] === null)","error":"Необходимо указать дату окончания периода"}
	]]]></parameter>
	<parameter name="SUMM_TOTAL.format">#.00</parameter>

	<parameter name="CONTRAGENT_ID.list">contractors.CONTRACTORS</parameter>
	<parameter name="CONTRAGENT_ID.key">REMOTE_KEY</parameter>
	<parameter name="CONTRAGENT_ID.view">SHORT_NAME</parameter>
	<parameter name="CONTRAGENT_ID.presentation">this.CONTRAGENT_NAME != null ? this.CONTRAGENT_NAME : ''</parameter>

	<parameter name="KIND.list">doc_kinds.DOCUMENTKINDS</parameter>
	<parameter name="KIND.key">NAME</parameter>
	<parameter name="KIND.view">NAME</parameter>

	<filter	title="Код смежной системы"	table="doc"	column="SYSTEM_CODE"		id="SYSTEM_CODE"	    operation="EQ"		multivalue="false" hidden="true"/>
	<filter	title="Имя контрагента"		table="doc"	column="CONTRAGENT_NAME"	id="CONTRAGENT_NAME"	operation="EQ"		multivalue="false" hidden="true"/>
	<filter	title="Контрагент"			table="doc"	column="CONTRAGENT_ID"	    id="CONTRAGENT_ID"	    operation="EQ"		multivalue="false" />
	<filter	title="ИНН"					table="doc"	column="CONTRAGENT_INN"	    id="CONTRAGENT_INN"	    operation="EQ"		multivalue="false" />
	<filter	title="КПП"					table="doc"	column="CONTRAGENT_KPP"	    id="CONTRAGENT_KPP"	    operation="EQ"		multivalue="false" />
	<filter	title="Вид документа"		table="doc"	column="KIND"				id="KIND"				operation="EQ"		multivalue="true"/>
	<filter	title="Дата документа"		table="doc"	column="DATE"				id="DATE"				operation="INTERVAL"		multivalue="false"/>
	<filter	title="Номер документа"		table="doc"	column="NUMBER"				id="NUMBER"				operation="EQ"		multivalue="false"/>
	<filter	title="Штрихкод"			table="doc"	column="BARCODE"			id="BARCODE"			operation="LIKE"	multivalue="false"/>
	<filter	title="Сумма документа"		table="doc"	column="SUMM_TOTAL"			id="SUMM_TOTAL"			operation="EQ"		multivalue="false"/>
</query>
