<?xml version="1.0" encoding="UTF-8" ?>
<log4j:configuration xmlns:log4j='http://jakarta.apache.org/log4j/'>

    <appender name="FILE" class="org.apache.log4j.rolling.RollingFileAppender">
        <rollingPolicy class="org.apache.log4j.rolling.TimeBasedRollingPolicy">
            <param name="ActiveFileName" value="logs/UZDO_GP.log"/>
            <param name="FileNamePattern" value="logs/UZDO_GP.%d{yyyyMMdd-HH}.%i.log.gz"/>
        </rollingPolicy>
        <triggeringPolicy class="org.apache.log4j.rolling.SizeBasedTriggeringPolicy">
            <param name="MaxFileSize" value="10000000" />
        </triggeringPolicy>
        <param name="encoding" value="UTF-8"/>
        <layout class="org.apache.log4j.PatternLayout">
            <param name="ConversionPattern" value="%d{dd.MM.yy HH:mm:ss,SSS} %-5p [%.3t] %c{1}: %.1000m%n"/>
        </layout>
    </appender>
    
    <appender name="FILE_TRIMMED" class="org.apache.log4j.rolling.RollingFileAppender">
        <rollingPolicy class="org.apache.log4j.rolling.TimeBasedRollingPolicy">
            <param name="ActiveFileName" value="logs/UZDO_GP.log"/>
            <param name="FileNamePattern" value="logs/UZDO_GP.%d{yyyyMMdd-HH}.%i.log.gz"/>
        </rollingPolicy>
        <triggeringPolicy class="org.apache.log4j.rolling.SizeBasedTriggeringPolicy">
            <param name="MaxFileSize" value="10000000" />
        </triggeringPolicy>
        <param name="encoding" value="UTF-8"/>
        <layout class="org.apache.log4j.PatternLayout">
            <param name="ConversionPattern" value="%d{dd.MM.yy HH:mm:ss,SSS} %-5p [%t] %c{1}: %.1000m%n"/>
        </layout>
    </appender>

    <logger name="ru.blogic20" additivity="false">
        <level value="DEBUG"/>
        <appender-ref ref="FILE"/>
    </logger>
    <logger name="ru.blogic20.gp.services.authorization.impl.service.AuthorizationServiceImpl">
        <level value="INFO"/>
    </logger>
    <logger name="ru.blogic20.gp.services.bootstrap.impl.BootstrapServiceImpl">
        <level value="INFO"/>
    </logger>
    <logger name="ru.blogic20.trace.collection">
        <level value="TRACE"/>
    </logger>
    <logger name="ru.blogic20.gp.services.card.impl.processor.ProcessorServiceImpl">
        <level value="DEBUG"/>
        <appender-ref ref="FILE_TRIMMED"/>
    </logger>

    <root>
        <level value="INFO"/>
        <appender-ref ref="FILE"/>
    </root>
</log4j:configuration>
