<?xml version="1.0" encoding="UTF-8" ?>
<model id="LbEdfAgreementEdo" system-name="LbEdfFriendshipInfo" name-key="Id" extend="CustomObject" xmlns:st="http://blogic20.ru/2016/ConfigModuleUtils.xml">
    <string id="LbEdfFriendshipEdfId" title="Идентификатор в ЭДО" max-length="100"/>
    <string id="LbEdfFriendshipNumber" title="Номер соглашения" max-length="30">
        <not-empty message="Необходимо указать номер соглашения об ЭДО"/>
    </string>

    <string id="LbEdfFriendshipStatus" title="Статус соглашения" max-length="20" />
    <string id="LbEdfFriendshipContragentInn" title="ИНН контрагента" max-length="12"/>
    <string id="LbEdfFriendshipContragentKpp" title="КПП контрагента" max-length="9"/>
    <string id="LbEdfFriendshipContragentName" title="Наименование контрагента" max-length="100"/>
    <string id="LbEdfFriendshipComment" title="Комментарий" max-length="1000"/>
    <string id="LbEdfFriendshipContragentComment" title="Комментарий контрагента" max-length="1000"/>
    <string id="LbEdfOperatorCode" title="Код оператора ЭДО" max-length="64">
        <list-link ds="operators" model="operators" key-field="code" value-field="name" />
        <not-empty message="Необходимо установить оператора соглашения об ЭДО"/>
    </string>

    <string id="LbEdfFriendshipStatusLocal" title="Статус соглашения об ЭДО" max-length="30" defaultValue="agreement_created">
        <list-link ds="agreement_statuses" model="statuses" key-field="code" value-field="name" />
    </string>
    <string id="LbEdfFriendshipContragentCode" title="Код контрагента" max-length="30">
        <list-link ds="contractors" model="CONTRACTORS" key-field="REMOTE_KEY" value-field="SHORT_NAME"/>
        <not-empty message="Необходимо установить контрагента соглашения об ЭДО"/>
    </string>
    <string id="LbEdfFriendshipOperatorName" title="Оператор" max-length="250"/>

    <date id="LbEdfFriendshipDate" title="Дата соглашения">
        <not-empty message="Необходимо указать дату соглашения об ЭДО"/>
    </date>
    <date id="LbEdfFriendshipSendDate" title="Дата отправки соглашения"/>
    <date id="LbEdfFriendshipReceiveDate" title="Дата получения соглашения"/>
    <date id="LbEdfFriendshipSignDate" title="Дата подписания соглашения"/>
    <date id="LbEdfFriendshipContragentSignDate" title="Дата подписания соглашения контрагентом"/>
    <date id="LbEdfFriendshipRejectDate" title="Дата отклонения соглашения"/>
    <date id="LbEdfFriendshipContragentRejectDate" title="Дата отклонения соглашения контрагентом"/>
    <string id="LbEdfFriendshipCommentOutgoing" title="Комментарий для отправленного соглашения" max-length="1000"/>
    <string id="LbEdfFriendshipCommentIncoming" title="Комментарий для полученного соглашения" max-length="1000"/>
    <string id="LbEdfFriendshipCommentReject" title="Комментарий для отклоненного соглашения ОСТ" max-length="1000"/>
    <string id="LbEdfFriendshipCommentContractorReject" title="Комментарий для отклоненного соглашения контрагентом" max-length="1000"/>
    <integer id="LbEdfSignatureStatus" title="Статус подписи"/>

    <boolean id="LbEdfFriendshipIsIncoming" title="Признак входящего соглашения об ЭДО" defaultValue="false" >
        <list-link ds="directions" model="directions" key-field="id" value-field="name"/>
    </boolean>
    <string id="LbEdfFriendshipMimeType" title="Тип вложения" max-length="128"/>

    <guid id="Containers" title="Папки размещения" collection="true"/>
    <object id="SecurityFolder" title="Папка безопасности" model="Folder" />

    <string id="CardTitle" title="Заголовок карточки соглашения об эдо" virtual="true" defaultValue="Соглашение об ЭДО"/>
    <string id="ContentId" title="Идентификатор вложения" virtual="true" />

    <string id="ExternalLinkMuzedo" title="Ссылка на карточку соглашения" virtual="true"/>
    <string id="ExternalLinkContragent" title="Ссылка на карточку контрагента" virtual="true"/>

    <processor id="FieldDependencyProcessor" stage="AFTER" operation="GET">
        <filter-expression> <![CDATA[
            present("ExternalLinkMuzedo")
            || present("ExternalLinkContragent")
            || present("CardTitle")
        ]]> </filter-expression>
        <config>
            <field name="ExternalLinkMuzedo">"http://<st:property id="appHost" default=""/>/<st:property id="appName" default=""/>/#/card/LbEdfAgreementEdo/" + <![CDATA[bo.getId()]]></field>
            <field name="ExternalLinkContragent" dependsOn="LbEdfFriendshipContragentCode">"http://<st:property id="appHost" default=""/>/<st:property id="appName" default=""/>/#/card/Contractor/" + <![CDATA[bo.getAttributeValue("LbEdfFriendshipContragentCode")]]></field>

            <field name="CardTitle" dependsOn="LbEdfFriendshipNumber;LbEdfFriendshipDate">
                <![CDATA[
                    import java.text.SimpleDateFormat;

                    var number = bo.getAttributeValue("LbEdfFriendshipNumber");
                    var date = bo.getAttributeValue("LbEdfFriendshipDate");

                    return  'Соглашение об ЭДО' +
                            (number != null? " № " + number.toString() : "") +
                            (date != null? " от " + new SimpleDateFormat("dd.MM.yyyy").format(date) : "");

                ]]>
            </field>
        </config>
    </processor>

    <processor id="DefaultSaveProcessor" stage="MANUAL"/>

    <processor id="AgreementEdoSaveProcessor" stage="BEFORE" operation="SAVE">
        <filter-expression><![CDATA[
            value('LbEdfFriendshipStatusLocal') == 'agreement_not_sent'
            && (
                dirty('ContentId')
                || dirty('LbEdfFriendshipNumber')
                || dirty('LbEdfFriendshipDate')
                || dirty('LbEdfOperatorCode')
            )
        ]]></filter-expression>
    </processor>
    <processor id="AgreementEdoSaveProcessor" stage="AFTER" operation="SAVE" />

    <security-templates>
        <security-template id="DEFAULT">
            <add-rule rule="READ"      allowed-roles="СоглашенияЭДО.Просмотр"/>
            <set-rule for="*" rule="READ" allowed-roles="СоглашенияЭДО.Просмотр"/>
            <set-rule for="LbEdfFriendshipNumber" rule="READ|EDIT" allowed-roles="СоглашенияЭДО.Изменить"/>
            <set-rule for="LbEdfFriendshipDate" rule="READ|EDIT" allowed-roles="СоглашенияЭДО.Изменить"/>
            <set-rule for="LbEdfOperatorCode" rule="READ|EDIT" allowed-roles="СоглашенияЭДО.Изменить"/>
        </security-template>
    </security-templates>
</model>