<?xml version="1.0" encoding="UTF-8" ?>
<log4j:configuration xmlns:log4j='http://jakarta.apache.org/log4j/'>

    <!-- общий лог -->
    <appender name="FILE" class="org.apache.log4j.RollingFileAppender">
        <param name="file" value="/workdir/logs/UZDO-integration-${node.name}.log"/>
        <param name="encoding" value="UTF-8"/>
        <param name="Append" value="true"/>
        <param name="MaxFileSize" value="10MB"/>
        <param name="MaxBackupIndex" value="10"/>
        <layout class="org.apache.log4j.PatternLayout">
            <param name="ConversionPattern" value="%d{dd.MM.yy HH:mm:ss,SSS} %-5p [%t] %c{1}: %m%n"/>
        </layout>
    </appender>

    <!-- Логгирование интеграции с КСДД -->
    <appender name="KSDD_INTEGRATION_FILE" class="org.apache.log4j.RollingFileAppender">
        <param name="file" value="/workdir/logs/UZDO-ksdd-integration-${node.name}.log"/>
        <param name="encoding" value="UTF-8"/>
        <param name="Append" value="true"/>
        <param name="MaxFileSize" value="10MB"/>
        <param name="MaxBackupIndex" value="10"/>
        <layout class="org.apache.log4j.PatternLayout">
            <param name="ConversionPattern" value="%d{dd.MM.yy HH:mm:ss,SSS} %-5p [%t] %c{1}: %m%n"/>
        </layout>
    </appender>

    <!-- Логгирование интеграции с Учетной системой -->
    <appender name="WEBSERVICES_ACCOUNTING_FILE" class="org.apache.log4j.RollingFileAppender">
        <param name="file" value="/workdir/logs/UZDO-webservices-accounting-${node.name}.log"/>
        <param name="encoding" value="UTF-8"/>
        <param name="Append" value="true"/>
        <param name="MaxFileSize" value="10MB"/>
        <param name="MaxBackupIndex" value="10"/>
        <layout class="org.apache.log4j.PatternLayout">
            <param name="ConversionPattern" value="%d{dd.MM.yy HH:mm:ss,SSS} %-5p [%t] %c{1}: %m%n"/>
        </layout>
    </appender>

    <!-- Логгирование интеграции с ЭХД -->
    <appender name="WEBSERVICES_EHD_FILE" class="org.apache.log4j.RollingFileAppender">
        <param name="file" value="/workdir/logs/UZDO-webservices-ehd-${node.name}.log"/>
        <param name="encoding" value="UTF-8"/>
        <param name="Append" value="true"/>
        <param name="MaxFileSize" value="10MB"/>
        <param name="MaxBackupIndex" value="10"/>
        <layout class="org.apache.log4j.PatternLayout">
            <param name="ConversionPattern" value="%d{dd.MM.yy HH:mm:ss,SSS} %-5p [%t] %c{1}: %m%n"/>
        </layout>
    </appender>

    <!-- Логгирование выгрузки в ЭХД -->
    <appender name="SAMBA_EXPORT_EHD_FILE" class="org.apache.log4j.RollingFileAppender">
        <param name="file" value="/workdir/logs/UZDO-samba-ehd-${node.name}.log"/>
        <param name="encoding" value="UTF-8"/>
        <param name="Append" value="true"/>
        <param name="MaxFileSize" value="10MB"/>
        <param name="MaxBackupIndex" value="10"/>
        <layout class="org.apache.log4j.PatternLayout">
            <param name="ConversionPattern" value="%d{dd.MM.yy HH:mm:ss,SSS} %-5p [%t] %c{1}: %m%n"/>
        </layout>
    </appender>

    <!-- Логгирование интеграции с Другой МЮЗЭДО -->
    <appender name="WEBSERVICES_MUZEDO_FILE" class="org.apache.log4j.RollingFileAppender">
        <param name="file" value="/workdir/logs/UZDO-webservices-muzedo-${node.name}.log"/>
        <param name="encoding" value="UTF-8"/>
        <param name="Append" value="true"/>
        <param name="MaxFileSize" value="10MB"/>
        <param name="MaxBackupIndex" value="10"/>
        <layout class="org.apache.log4j.PatternLayout">
            <param name="ConversionPattern" value="%d{dd.MM.yy HH:mm:ss,SSS} %-5p [%t] %c{1}: %m%n"/>
        </layout>
    </appender>

    <!-- Логгирование интеграции с НСИ -->
    <appender name="WEBSERVICES_NSI_FILE" class="org.apache.log4j.RollingFileAppender">
        <param name="file" value="/workdir/logs/UZDO-webservices-nsi-${node.name}.log"/>
        <param name="encoding" value="UTF-8"/>
        <param name="Append" value="true"/>
        <param name="MaxFileSize" value="10MB"/>
        <param name="MaxBackupIndex" value="10"/>
        <layout class="org.apache.log4j.PatternLayout">
            <param name="ConversionPattern" value="%d{dd.MM.yy HH:mm:ss,SSS} %-5p [%t] %c{1}: %m%n"/>
        </layout>
    </appender>

    <!-- Логгирование интеграции с Гейтом -->
    <appender name="WEBSERVICES_GATE_FILE" class="org.apache.log4j.RollingFileAppender">
        <param name="file" value="/workdir/logs/UZDO-webservices-gate-${node.name}.log"/>
        <param name="encoding" value="UTF-8"/>
        <param name="Append" value="true"/>
        <param name="MaxFileSize" value="10MB"/>
        <param name="MaxBackupIndex" value="10"/>
        <layout class="org.apache.log4j.PatternLayout">
            <param name="ConversionPattern" value="%d{dd.MM.yy HH:mm:ss,SSS} %-5p [%t] %c{1}: %m%n"/>
        </layout>
    </appender>

    <logger name="ru.brbpm" additivity="false">
        <level value="DEBUG" />
        <appender-ref ref="FILE" />
    </logger>
    <logger name="ru.blogic20" additivity="false">
        <level value="DEBUG" />
        <appender-ref ref="FILE" />
    </logger>

    <logger name="ru.brbpm.uzdo.integration.ksdd" additivity="false">
        <level value="TRACE" />
        <appender-ref ref="KSDD_INTEGRATION_FILE" />
    </logger>

    <logger name="webservices.accounting" additivity="false">
        <level value="TRACE" />
        <appender-ref ref="WEBSERVICES_ACCOUNTING_FILE" />
    </logger>

    <logger name="webservices.ehd" additivity="false">
        <level value="TRACE" />
        <appender-ref ref="WEBSERVICES_EHD_FILE" />
    </logger>

    <logger name="samba.export.ehd" additivity="false">
        <level value="TRACE" />
        <appender-ref ref="SAMBA_EXPORT_EHD_FILE" />
    </logger>

    <logger name="webservices.muzedo" additivity="false">
        <level value="TRACE" />
        <appender-ref ref="WEBSERVICES_MUZEDO_FILE" />
    </logger>

    <logger name="webservices.nsi" additivity="false">
        <level value="TRACE" />
        <appender-ref ref="WEBSERVICES_NSI_FILE" />
    </logger>

    <logger name="webservices.gate" additivity="false">
        <level value="TRACE" />
        <appender-ref ref="WEBSERVICES_GATE_FILE" />
    </logger>

    <root>
        <level value="ERROR"/>
        <appender-ref ref="FILE"/>
    </root>

</log4j:configuration>
