<?xml version="1.0" encoding="utf-8"?>
<card-view xmlns:xi="http://www.w3.org/2001/XInclude">

    <extensions-description>
        <extension id="BeforeClose" js-component="uzdo.actions/extensions/BeforeCloseExtension.js" />
        <extension id="contractorCardReload" js-component="uzdo.modules/CardReloadExtension.js" />
    </extensions-description>

    <!-- другие виды -->
    <xi:include href="${rootdir}/metadata/views/LbEdfNonFormalizedCreateView.xml"/>
    <xi:include href="${rootdir}/metadata/views/LbEdfInternalCreateView.xml"/>
    <xi:include href="${rootdir}/metadata/views/LbEdfConfirmingCreateView.xml"/>
    <xi:include href="${rootdir}/metadata/views/LbEdfAgreementEdoCreateView.xml" />
    <xi:include href="${rootdir}/metadata/views/LbEdfAgreementEdoView.xml" />
    <xi:include href="${rootdir}/metadata/views/LbEdfSignServiceEndpointCreateView.xml" />
    <xi:include href="${rootdir}/metadata/views/LbEdfSignServiceEndpointView.xml" />

    <!-- настройки вида справочников -->
    <xi:include href="${rootdir}/metadata/views/LbEdfContractorView.xml"/>
    <xi:include href="${rootdir}/metadata/views/SignerView.xml"/>
    <xi:include href="${rootdir}/metadata/views/LbEdfContractView.xml"/>

    <!-- настройки вида основных документов -->
    <xi:include href="${rootdir}/metadata/views/LbEdfErrorDocumentView.xml"/>
    <xi:include href="${rootdir}/metadata/views/LbEdfPrimaryDocumentView.xml"/>
    <xi:include href="${rootdir}/metadata/views/InternalDocumentView.xml"/>
    <xi:include href="${rootdir}/metadata/views/ConfirmingDocumentView.xml"/>

    <!-- настройки вида дополнительных документов -->
    <xi:include href="${rootdir}/metadata/views/LinkedDocumentView.xml"/>
    <xi:include href="${rootdir}/metadata/views/ArchiveFolderView.xml"/>
</card-view>