<?xml version="1.0" encoding="UTF-8" ?>
<!-- Справочник договоров CE -->
<data-source id="contracts" class="ru.blogic20.gp.services.list.modules.ce.CeModule" xmlns:st="http://blogic20.ru/2016/ConfigModuleUtils.xml">
    <parameter name="ce_uri"><st:property id="filenetEngine" default=""/></parameter>
    <parameter name="domain"><st:property id="filenetDomain" default=""/></parameter>
    <parameter name="os"><st:property id="objectStore" default=""/></parameter>
    <parameter name="user"><st:property id="filenetUser" default=""/></parameter>
    <parameter name="password"><st:property id="filenetPassword" default=""/></parameter>
    <parameter name="tables">LbEdfContract</parameter>
    <parameter name="LbEdfContract.key">Id</parameter>
    <parameter name="LbEdfContract.columns">Id;LbEdfContractCode;LbEdfContractNumber;LbEdfContractDate;LbEdfContractSumma;LbEdfContractCurrency;LbEdfContractStatus;LbEdfContractValidityBegin;LbEdfContractValidityEnd;LbEdfContractCustomer;LbEdfContractExecutor;LbEdfCurator;LbEdfCurator2;LbEdfContractParentCode;LbEdfContractKind;LbEdfContractLinkEhd;LbEdfDateCreated;LbEdfDateLastModified</parameter>
    <parameter name="LbEdfContract.create">LbEdfDateCreated</parameter>
    <parameter name="LbEdfContract.modify">LbEdfDateLastModified</parameter>
</data-source>