<?xml version="1.0" encoding="UTF-8" ?>
<!-- Справочник контрагентов -->
<data-source id="contractors" class="ru.blogic20.gp.services.list.modules.sql.SqlModule" xmlns:st="http://blogic20.ru/2016/ConfigModuleUtils.xml">
    <jndi-reference name="ds"><st:property id="db2uri" default=""/></jndi-reference>
    <parameter name="tables">CONTRACTORS</parameter>
    <parameter name="CONTRACTORS.key">REMOTE_KEY</parameter>
    <parameter name="CONTRACTORS.columns">REMOTE_KEY;SHORT_NAME;LONG_NAME;INN;KPP;CREATION_DATE;LAST_UPDATE;OKPO;OKOPF;CONTRACTOR_TYPE;OFFICIAL;ADDRESS;COUNTRY;POST_INDEX;REGION_CODE;DISTRICT;CITY;LOCATION;STREET;HOUSE;BUILDING;OFFICE;POST_ADDRESS;PHONE;FAX;BANK_NAME;BIK;CURRENT_ACCOUNT;LEGAL_STATUS;STATUS;STATUS_LAST_UPDATE;EDO_OPERATORS</parameter>
    <parameter name="CONTRACTORS.create">CREATION_DATE</parameter>
    <parameter name="CONTRACTORS.modify">LAST_UPDATE</parameter>
</data-source>