<?xml version="1.0" encoding="UTF-8" standalone="yes"?>
<query>
    <where><![CDATA[
        doc.IsCurrentVersion = true
        AND doc.LbEdfIsDocIncomming = true
    ]]></where>
    <page-size>100</page-size>

    <table id="LbEdfDocument" alias="doc"/>

    <column title="Дата и время поступления документа"       table="doc" id="LbEdfCreateDate"        type="DATE"     hidden="true"/>

    <column title="Контрагент"                               table="doc" id="LbEdfContragentName"    type="STRING"   hidden="false"/>
    <column title="Вид документа"                            table="doc" id="LbEdfDocumentKind"      type="STRING"   hidden="false"/>
    <column title="Штрихкод"                                 table="doc" id="LbEdfBarcode"           type="STRING"   hidden="true"/>
    <column title="Номер документа"                          table="doc" id="LbEdfDocumentNumber"    type="STRING"   hidden="false"/>
    <column title="Дата документа"                           table="doc" id="LbEdfDocumentDate"      type="DATE"     hidden="false"/>
    <column title="Номер договора"                           table="doc" id="LbEdfContractNumber"    type="STRING"   hidden="false"/>
    <column title="Код договора"                             table="doc" id="LbEdfContractCode"      type="STRING"   hidden="true"/>

    <column title="Версия серии"                             table="doc" id="VersionSeries"                type="ID"        hidden="true"/>
    <column title="Идентификатор Контрагента"                table="doc" id="LbEdfContragentId"            type="STRING"    hidden="true" sortable="false"/>
    <column title="Сумма документа"                          table="doc" id="LbEdfSumma"                   type="DOUBLE"    hidden="true"/>
    <column title="Номер исправления счета-фактуры"          table="doc" id="LbEdfInvoiceCorrNum"          type="STRING"    hidden="true"/>
    <column title="Дата исправления счета-фактуры"           table="doc" id="LbEdfInvoiceCorrDate"         type="DATE"      hidden="true"/>
    <column title="Идентификаторы корректируемых документов" table="doc" id="LbEdfCorrectedDocumentIdList" type="STRING"    hidden="true"/>
    <column title="Номер документа основания"                table="doc" id="LbEdfMainDocNum"              type="STRING"    hidden="true"/>
    <column title="Тип документа"                            table="doc" id="DocumentType"                 type="STRING"    hidden="true"/>
    <column title="Наличие связи"                            table="doc" id="LbEdfOperatorPackageId"       type="STRING"    hidden="true" alias="hasLinked"/>

    <column title="Идентификатор"                            table="doc" id="ID"                     type="ID"       hidden="true" primary-key="true"/>
    <column title="Идентификатор пакета"                     table="doc" id="LbEdfOperatorPackageId" type="STRING"   hidden="true"/>

    <sort-rule table="doc" column="LbEdfCreateDate" order="DESC"/>

    <parameter name="hidden">LbEdfCreateDate,ID,LbEdfOperatorPackageId,VersionSeries</parameter>

    <!--Окраска строк с документами, не связанными с открытым. Работает со store из вкладки "Связанные документы"-->
    <parameter name="hasLinked.presentation">
        var package_grid = GP_APP.tabContainer.selectedChildWidget.tabContainer.getChildren().find(function (tab) {
            return tab.id.includes("gp_views_card_tab_SearchTabModule");
        }).getChildren()[0].getChildren()[1].grid;
        if(!package_grid.doNonLinkedColoring) {
            var linkedDocumentsMemory = window.GP_APP.tabContainer.selectedChildWidget.tabContainer.getChildren().find(function (tab) {
                return tab.id.includes("LinkedDocumentsViewModel");
            }).linkedDocumentsMemory;
            dojo.connect(package_grid.body, 'onAfterRow', this, function (row) {
                if (!linkedDocumentsMemory.query({TargetDocumentVsid: row.rawData().VersionSeries}).length) {
                    row.node().style.fontWeight = 'bold';
                }
            });
            package_grid.doNonLinkedColoring = true;
        }
    </parameter>

    <parameter name="LbEdfContractNumber.presentation">this.LbEdfContractCode != null ? this.LbEdfContractNumber : ""</parameter>

    <parameter name="LbEdfContragentName.list">contractors.CONTRACTORS</parameter>
    <parameter name="LbEdfContragentName.key">SHORT_NAME</parameter>
    <parameter name="LbEdfContragentName.view">SHORT_NAME</parameter>

    <parameter name="LbEdfDocumentKind.list">doc_kinds.DOCUMENTKINDS</parameter>
    <parameter name="LbEdfDocumentKind.key">CODE</parameter>
    <parameter name="LbEdfDocumentKind.view">NAME</parameter>

    <parameter name="LbEdfDocumentDate.format">dd.MM.yyyy</parameter>

    <filter title="Контрагент"                               table="doc" column="LbEdfContragentName"          id="byContragentName"             operation="LIKE"        multivalue="false"/>
    <filter title="Идентификатор Контрагента"                table="doc" column="LbEdfContragentId"            id="LbEdfContragentId"            operation="EQ"          multivalue="false"/>
    <filter title="Вид документа"                            table="doc" column="LbEdfDocumentKind"            id="byDocumentKind"               operation="EQ"          multivalue="false"/>
    <filter title="Номер документа"                          table="doc" column="LbEdfDocumentNumber"          id="byDocumentNumber"             operation="LIKE"        multivalue="false"/>
    <filter title="Дата документа"                           table="doc" column="LbEdfDocumentDate"            id="byDocumentDate"               operation="INTERVAL"    multivalue="false"/>
    <filter title="Номер договора"                           table="doc" column="LbEdfContractNumber"          id="byContractNumber"             operation="LIKE"        multivalue="false"/>
    <filter title="Версия серии"                             table="doc" column="VersionSeries"                id="VersionSeries"                operation="NOT_EQUAL"   multivalue="false"  hidden="true"/>
    <filter title="Штрихкод"                                 table="doc" column="LbEdfBarcode"                 id="LbEdfBarcode"                 operation="LIKE"        multivalue="false"/>
    <filter title="Виды документа"                           table="doc" column="LbEdfDocumentKind"            id="LbEdfDocumentKinds"           operation="EQ"          multivalue="false"   hidden="true"/>
    <filter title="Сумма документа"                          table="doc" column="LbEdfSumma"                   id="LbEdfSumma"                   operation="EQ"          multivalue="false"/>
    <filter title="Идентификаторы корректируемых документов" table="doc" column="LbEdfCorrectedDocumentIdList" id="LbEdfCorrectedDocumentIdList" operation="NULL"        multivalue="false"  hidden="true"/>
    <filter title="Номер документа основания"                table="doc" column="LbEdfMainDocNum"              id="LbEdfMainDocNum"              operation="NULL"        multivalue="false"  hidden="true"/>

    <filter title="Идентификатор пакета"                     table="doc" column="LbEdfOperatorPackageId"       id="byOperatorPackageId"          operation="EQ"          multivalue="false"  hidden="true"/>
    <filter title="Идентификатор (не равно)"                 table="doc" column="ID"                           id="byNotId"                      operation="NOT_EQUAL"   multivalue="false"  hidden="true"/>
</query>
