<?xml version="1.0" encoding="UTF-8" ?>
<!-- Справочник стран по ОКСМ -->
<data-source id="countries" class="ru.blogic20.gp.services.list.modules.xml.XmlModule"
             xmlns:st="http://blogic20.ru/2016/ConfigModuleUtils.xml">
    <parameter name="tables">countries</parameter>
    <parameter name="uri"><st:property id="rootdir" default=""/>/lists/countries.xml</parameter>
    <parameter name="countries.tag">country</parameter>
    <parameter name="countries.key">code</parameter>
    <parameter name="countries.xpath_key">@code</parameter>
    <parameter name="countries.key_value">@code='$condition'</parameter>
    <parameter name="countries.columns">code;alfa_two;alfa_three;short_name;full_name;</parameter>
    <parameter name="countries.xpath_columns">@code;@alfa_two;@alfa_three;@short_name;@full_name;</parameter>
    <parameter name="countries.modify">create</parameter>
    <parameter name="countries.create">create</parameter>
</data-source>