<?xml version="1.0" encoding="UTF-8" ?>
<data-source id="doc_history_events" class="ru.blogic20.gp.services.list.modules.sql.SqlModule" xmlns:st="http://blogic20.ru/2016/ConfigModuleUtils.xml">
    <jndi-reference name="ds"><st:property id="db2uri" default=""/></jndi-reference>
    <parameter name="tables">DOC_HISTORY_EVENTS_LOG</parameter>
    <parameter name="DOC_HISTORY_EVENTS_LOG.key">id</parameter>
    <parameter name="DOC_HISTORY_EVENTS_LOG.columns">id;vsid;event_code;event_date;username;comment</parameter>
</data-source>