<?xml version="1.0" encoding="UTF-8" standalone="yes"?>
<query xmlns:st="http://blogic20.ru/2016/ConfigModuleUtils.xml" >
    <where><![CDATA[
        doc.IsCurrentVersion = true
        AND doc.DocumentType = 'INTERNAL'
        AND doc.LbEdfDocStatus <> 'tn_ehd'
        AND doc.DocumentType <> 'CONFIRMING'
    ]]></where>
    <page-size>100</page-size>

    <table id="LbEdfPrimaryDocument" alias="doc"/>

    <!-- Колонки выстроены по алфавиту-->
    <column title="Валюта документа"            table="doc" id="LbEdfCurrency"                      type="STRING"   hidden="false"      sortable="false"/>
    <!--<column title="Вид документа#{docTypeServiceSupport == 'true' ? ' КИС ЭХД' : ''}"               table="doc" id="LbEdfDocumentKind"                  type="STRING"   hidden="true"       alias="LbEdfDocumentKindTitle"  sortable="false"/>
    <column title="Грузоотправитель"            table="doc" id="LbEdfConsignerName"                 type="STRING"   hidden="false"/>
    <column title="Грузополучатель"             table="doc" id="LbEdfConsigneeName"                 type="STRING"   hidden="false"/>-->
    <column title="Вид документа"                       table="doc" id="LbEdfDocumentKind"          type="STRING"   hidden="false" alias="LbEdfDocumentKindTitle"/>
    <column title="Дата договора"               table="doc" id="LbEdfContractDate"                  type="DATE"     hidden="false"/>
    <column title="Дата документа"              table="doc" id="LbEdfDocumentDate"                  type="DATE"     hidden="false"/>
    <column title="Дата документа-основания"    table="doc" id="LbEdfMainDocDate"                   type="DATE"     hidden="false"/>
    <!--<column title="Дата исправления"            table="doc" id="LbEdfInvoiceCorrDate"               type="DATE"     hidden="false"/>
    <column title="Дата исходного документа"    table="doc" id="LbEdfCorrectedDocumentDateList"     type="STRING"   hidden="false"/>-->
    <!--<column title="ИНН Грузоотправителя"        table="doc" id="LbEdfConsignerINN"                  type="STRING"   hidden="false"/>
    <column title="ИНН Грузополучателя"         table="doc" id="LbEdfConsigneeINN"                  type="STRING"   hidden="false"/>-->
    <column title="Контрагент"                  table="doc" id="LbEdfContragentName"                type="STRING"   hidden="false"/>
    <!--<column title="КПП Грузоотправителя"        table="doc" id="LbEdfConsignerKPP"                  type="STRING"   hidden="false"/>
    <column title="КПП Грузополучателя"         table="doc" id="LbEdfConsigneeKPP"                  type="STRING"   hidden="false"/>-->
    <column title="Куратор договора"            table="doc" id="LbEdfCurator"                       type="STRING"   hidden="false"      sortable="false"/>
    <column title="Направление документа"       table="doc" id="LbEdfIsDocIncomming"                type="BOOLEAN"  hidden="false"/>
    <column title="Номер договора"              table="doc" id="LbEdfContractNumber"                type="STRING"   hidden="false"/>
    <column title="Номер документа"             table="doc" id="LbEdfDocumentNumber"                type="STRING"   hidden="false"/>
    <!--<column title="Номер документа-основания"   table="doc" id="LbEdfMainDocNum"                    type="STRING"   hidden="false"/>-->
    <!--<column title="Номер исправления"           table="doc" id="LbEdfInvoiceCorrNum"                type="STRING"   hidden="false"/>-->
    <column title="Номер исходного документа"   table="doc" id="LbEdfCorrectedDocumentNumberList"   type="STRING"   hidden="false"/>
    <column title="Подписант документа"         table="doc" id="LbEdfDocumentSigner"                type="STRING"   hidden="false"      sortable="false"/>
    <column title="Подписанты документа"        table="doc" id="LbEdfDocumentSigners"               type="STRING"   hidden="true"      sortable="false"/>
    <column title="РНУ"                         table="doc" id="LbEdfRnuCode"                       type="STRING"   hidden="false"      sortable="false"/>
    <column title="Статус документа"            table="doc" id="LbEdfDocStatus"                     type="STRING"   hidden="false"      alias="LbEdfDocStatusTitle"     sortable="false"/>
    <column title="Сумма документа"             table="doc" id="LbEdfSumma"                         type="DOUBLE"   hidden="false"/>
    <!--<column title="Сумма НДС"                   table="doc" id="LbEdfSummaNds"                      type="DOUBLE"   hidden="false"/>-->
    <column title="Штрихкод"                    table="doc" id="LbEdfBarcode"                       type="STRING"   hidden="false"/>

    <column table="doc" id="LbEdfRegisterDate"         type="DATE"     hidden="true"/>
    <column table="doc" id="ID"                        type="ID"       hidden="true"/>
    <column table="doc" id="ID"                        type="ID"       hidden="true"       alias="DocumentId"/>
    <column table="doc" id="VersionSeries"             type="ID"       hidden="true"/>
    <column table="doc" id="LbEdfDocumentKind"         type="STRING"   hidden="true"/>
    <column table="doc" id="LbEdfContractCode"         type="STRING"   hidden="true"/>
    <column table="doc" id="LbEdfContragentId"         type="STRING"   hidden="true"/>
    <column table="doc" id="LbEdfDocStatus"            type="STRING"   hidden="true"/>
    <column table="doc" id="LbEdfSenderName"           type="STRING"   hidden="true"/>
    <column table="doc" id="LbEdfRecipientName"        type="STRING"   hidden="true"/>
    <column table="doc" id="LbEdfSenderId"             type="STRING"   hidden="true"/>
    <column table="doc" id="LbEdfRecipientId"          type="STRING"   hidden="true"/>
    <column table="doc" id="LbEdfContractorStatus"     type="STRING"   hidden="true"/>

    <parameter name="hidden">ID,DocumentId,VersionSeries,LbEdfRegisterDate,LbEdfDocumentKind,LbEdfContractCode,LbEdfContragentId,LbEdfDocStatus,LbEdfSenderName,LbEdfRecipientName,LbEdfSenderId,LbEdfRecipientId,LbEdfContractorStatus</parameter>

    <!-- Параметры для колонок(сортировка, маппинг по справочникам -->
    <parameter name="LbEdfDocumentDate.format">dd.MM.yyyy</parameter>
    <parameter name="LbEdfInvoiceCorrDate.format">dd.MM.yyyy</parameter>
    <parameter name="LbEdfContractDate.format">dd.MM.yyyy</parameter>
    <parameter name="LbEdfMainDocDate.format">dd.MM.yyyy</parameter>
    <parameter name="LbEdfSumma.format">#.00</parameter>
    <parameter name="LbEdfSummaNds.format">#.00</parameter>

    <parameter name="LbEdfCurator.list">ad_users.Users</parameter>
    <parameter name="LbEdfCurator.key">userPrincipalName</parameter>
    <parameter name="LbEdfCurator.view">displayName</parameter>

    <parameter name="LbEdfRnuCode.list">rnus.rnus</parameter>
    <parameter name="LbEdfRnuCode.key">id</parameter>
    <parameter name="LbEdfRnuCode.view">name</parameter>

    <parameter name="LbEdfDocStatusTitle.list">statuses.statuses</parameter>
    <parameter name="LbEdfDocStatusTitle.key">id</parameter>
    <parameter name="LbEdfDocStatusTitle.view">commonName</parameter>

    <parameter name="LbEdfDocumentKindTitle.list">doc_kinds_internal.DOCUMENTKINDS</parameter>
    <parameter name="LbEdfDocumentKindTitle.key">CODE</parameter>
    <parameter name="LbEdfDocumentKindTitle.view">NAME</parameter>
    <parameter name="LbEdfDocumentKindTitle.multivalue">true</parameter>

    <parameter name="LbEdfContragentName.list">contractors.CONTRACTORS</parameter>
    <parameter name="LbEdfContragentName.key">SHORT_NAME</parameter>
    <parameter name="LbEdfContragentName.view">SHORT_NAME</parameter>

    <parameter name="LbEdfCurrency.list">currencies.currencies</parameter>
    <parameter name="LbEdfCurrency.key">id</parameter>
    <parameter name="LbEdfCurrency.view">name</parameter>

    <parameter name="LbEdfIsDocIncomming.list">directions.directions</parameter>
    <parameter name="LbEdfIsDocIncomming.key">id</parameter>
    <parameter name="LbEdfIsDocIncomming.view">name</parameter>

    <parameter name="LbEdfDocumentSigner.list">ad_users.Users</parameter>
    <parameter name="LbEdfDocumentSigner.key">userPrincipalName</parameter>
    <parameter name="LbEdfDocumentSigner.view">displayName</parameter>
    <parameter name="LbEdfDocumentSigner.rql">or(eq(LbEdfDocumentSigner,{}),includes(LbEdfDocumentSigners,{}))</parameter>
    <parameter name="LbEdfDocumentSigner.presentation">(this.LbEdfDocumentSigners_replaced || []).concat(this.LbEdfDocumentSigner_replaced).filter(v => v).sort().join(', ')</parameter>

    <parameter name="LbEdfDocumentSigners.list">ad_users.Users</parameter>
    <parameter name="LbEdfDocumentSigners.key">userPrincipalName</parameter>
    <parameter name="LbEdfDocumentSigners.view">displayName</parameter>
    <parameter name="LbEdfDocumentSigners.collection">true</parameter>

    <parameter name="DocumentType.list">documenttypes_no_confirming.documenttypes</parameter>
    <parameter name="DocumentType.key">id</parameter>
    <parameter name="DocumentType.view">name</parameter>

    <linked-documents enabled="true" ds="cesearch" query="alias/uzdo_links_search">
        <set-filter name="SourceDocumentVsid" column="VersionSeries"/>
    </linked-documents>

    <filter title="Штрихкод" table="doc" column="LbEdfBarcode" id="LbEdfBarcode" operation="EQ" multivalue="false" hidden="true" />

    <parameter name="toolbar">internal-document-search-actions</parameter>
    <parameter name="toolbar.force">true</parameter>
</query>