<?xml version="1.0" encoding="UTF-8" ?>
<!-- Справочник статусов подписантов -->
<data-source id="signers_statuses" class="ru.blogic20.gp.services.list.modules.xml.XmlModule"
             xmlns:st="http://blogic20.ru/2016/ConfigModuleUtils.xml">
    <parameter name="tables">statuses</parameter>
    <parameter name="uri"><st:property id="rootdir" default=""/>/lists/signers_statuses.xml</parameter>
    <parameter name="statuses.tag">status</parameter>
    <parameter name="statuses.key">id</parameter>
    <parameter name="statuses.xpath_key">@id</parameter>
    <parameter name="statuses.key_value">@id='$condition'</parameter>
    <parameter name="statuses.columns">id;name;create;</parameter>
    <parameter name="statuses.xpath_columns">@id;@name;@create;</parameter>
    <parameter name="statuses.modify">MODIFY</parameter>
    <parameter name="statuses.create">CREATE</parameter>
</data-source>