<?xml version="1.0" encoding="UTF-8" ?>
<model id="LbEdfSecondaryDocument" extend="Annotation">
    <object id="AnnotatedObject"  model="LbEdfPrimaryDocument" title="Первичный документ" exclude="true"/>

    <string id="LbEdfDocflowId" title="Идентификатор ЭДО"/>
    <string id="LbEdfDocumentId" title="Идентификатор документа в ЭДО"/>
    <string id="LbEdfParentDocumentId" title="Идентификатор родительского документа в ЭДО"/>
    <string id="LbEdfDocType" title="Тип документа в ЭДО"/>
    <string id="LbEdfFileName" title="Имя файла документа ЭДО"/>
    <boolean id="LbEdfIsDocIncomming" title="Признак входящего документа в ЭДО"/>
    <guid id="LbEdfSignListId" title="Подписи документа" collection="true"/>
    <date id="LbEdfTransactionDate" title="Дата отправки или получения документа"/>
    <string id="LbEdfTransactionType" title="Тип транзакции ЭДО"/>

    <processor id="DefaultSaveProcessor" stage="MANUAL"/>
</model>