<?xml version="1.0" encoding="UTF-8" standalone="yes"?>
<query>
	<page-size>100</page-size>

	<table id="signers.SIGNERS" alias="list"/>

	<column	title="ID"									table="list"	id="ID"						type="STRING"	hidden="true" 	primary-key="true"/>
	<column	title="Фамилия"								table="list"	id="SURNAME"				type="STRING" 	hidden="false"/>
	<column	title="Имя"									table="list"	id="NAME"					type="STRING" 	hidden="false"/>
	<column	title="Отчество"							table="list"	id="PATRONYMIC"				type="STRING" 	hidden="false"/>
	<column	title="Должность"							table="list"	id="POSITION"				type="STRING" 	hidden="false"/>
	<column	title="Наименование организации"			table="list"	id="ORGANIZATION"			type="STRING"	hidden="false"/>
	<column	title="Документ-основание на право подписи"	table="list"	id="SIGN_BASIS"				type="STRING"	hidden="false"/>
	<column	title="Номер документа основания"			table="list"	id="BASE_DOCUMENT_NUMBER"	type="STRING"	hidden="false"/>
	<column	title="Дата действия документа основания"	table="list"	id="BASE_DOCUMENT_PERIOD"	type="STRING"	hidden="false"/>

	<sort-rule table="list" column="SURNAME" order="ASC"/>

	<filter title="Фамилия"								table="list" column="SURNAME"				id="SURNAME"				operation="LIKE" multivalue="false"/>
	<filter title="Имя"									table="list" column="NAME"					id="NAME"					operation="LIKE" multivalue="false"/>
	<filter title="Отчество"							table="list" column="PATRONYMIC"			id="PATRONYMIC"				operation="LIKE" multivalue="false"/>
	<filter title="Должность"							table="list" column="POSITION"				id="POSITION"				operation="LIKE" multivalue="false"/>
	<filter title="Наименование организации"			table="list" column="ORGANIZATION"			id="ORGANIZATION"			operation="LIKE" multivalue="false"/>
	<filter title="Документ-основание на право подписи" table="list" column="SIGN_BASIS"			id="SIGN_BASIS"				operation="LIKE" multivalue="false"/>
	<filter title="Номер документа основания"			table="list" column="BASE_DOCUMENT_NUMBER"	id="BASE_DOCUMENT_NUMBER"	operation="LIKE" multivalue="false"/>
	<filter title="Дата действия документа основания"	table="list" column="BASE_DOCUMENT_PERIOD"	id="BASE_DOCUMENT_PERIOD"	operation="LIKE" multivalue="false"/>
</query>