<?xml version="1.0" encoding="utf-8"?>
<propertiesMapping xmlns:st="http://blogic20.ru/2016/ConfigModuleUtils.xml">
    <!-- Свойства документа -->
    <properties>
        <property>
            <name>LbEdfDocumentKind</name>
            <dataType>string</dataType>
        </property>
        <property>
            <name>LbEdfDocumentNumber</name>
            <dataType>string</dataType>
        </property>
        <property>
            <name>LbEdfDocumentDate</name>
            <dataType>date</dataType>
        </property>
        <property>
            <name>LbEdfContractNumber</name>
            <dataType>string</dataType>
        </property>
        <property>
            <name>LbEdfContractDate</name>
            <dataType>date</dataType>
        </property>
        <property>
            <name>LbEdfSumma</name>
            <dataType>string</dataType>
        </property>
        <property>
            <name>LbEdfCurrency</name>
            <dataType>string</dataType>
        </property>
        <property>
            <name>LbEdfSummaNds</name>
            <dataType>string</dataType>
        </property>
        <property>
            <name>LbEdfAdditionalAgreementNumber</name>
            <dataType>string</dataType>
        </property>
        <property>
            <name>LbEdfAdditionalAgreementDate</name>
            <dataType>date</dataType>
        </property>
        <property isCollection="true">
            <name>LbEdfCorrectedDocumentIdList</name>
            <dataType>string</dataType>
        </property>
        <property isCollection="true">
            <name>LbEdfCorrectedDocumentNumberList</name>
            <dataType>string</dataType>
        </property>
        <property isCollection="true">
            <name>LbEdfCorrectedDocumentDateList</name>
            <dataType>string</dataType>
        </property>
    </properties>

    <mappings>
        <mapping id="formalized_document">
            <!-- Сериализация в строку
                - template - MVEL шаблон
                - models - модели для шаблона
                - model.name - имя свойства модели для шаблона
                - model.ref - указатель на свойство из списка properties
            -->
            <serialization>
                <template><st:property id="documents.descriptionPrefix" default="ЮЗЭД"/> по договору №${contractNumber} от ${dateFormat.format(contractDate)}@if{additionalAgreementNumber != null} ДС №${additionalAgreementNumber} от ${dateFormat.format(additionalAgreementDate)}@end{}</template>
                <properties>
                    <property>
                        <name>contractNumber</name>
                        <ref>LbEdfContractNumber</ref>
                    </property>
                    <property>
                        <name>contractDate</name>
                        <ref>LbEdfContractDate</ref>
                    </property>
                    <property>
                        <name>additionalAgreementNumber</name>
                        <ref>LbEdfAdditionalAgreementNumber</ref>
                    </property>
                    <property>
                        <name>additionalAgreementDate</name>
                        <ref>LbEdfAdditionalAgreementDate</ref>
                    </property>
                </properties>
            </serialization>
            <!-- Десериализация из строки
                pattern - шаблон регулярного выражения
                groups - список групп регулярного выражения
                group.number - порядковый номер группы в регулярном выражении
                group.ref - указатель на свойство из списка properties
            -->
            <deserialization>
                <pattern><st:property id="documents.descriptionPrefix" default="ЮЗЭД"/><![CDATA[ по договору №(?<contractNumber>(?:(?! ДС ).)+) от (?<contractDate>[^ ]+)( ДС №(?<additionalAgreementNumber>.+) от (?<additionalAgreementDate>.+))?]]></pattern>
                <groups>
                    <group>
                        <name>contractNumber</name>
                        <ref>LbEdfContractNumber</ref>
                    </group>
                    <group>
                        <name>contractDate</name>
                        <ref>LbEdfContractDate</ref>
                    </group>
                    <group>
                        <name>additionalAgreementNumber</name>
                        <ref>LbEdfAdditionalAgreementNumber</ref>
                    </group>
                    <group>
                        <name>additionalAgreementDate</name>
                        <ref>LbEdfAdditionalAgreementDate</ref>
                    </group>
                </groups>
            </deserialization>
        </mapping>
        <mapping id="not_formalized_document">
            <serialization>
                <template><st:property id="documents.descriptionPrefix" default="ЮЗЭД"/><![CDATA[ вида ${documentKind} №${documentNumber} от ${dateFormat.format(documentDate)} по договору №${contractNumber} от ${dateFormat.format(contractDate)} на сумму ${documentSum} (НДС: ${ndsSum}) ${documentCurrency}@if{!correctedDocumentInfoList.isEmpty()} Исходные документы: @foreach{info : correctedDocumentInfoList}№@{info.number} от @{dateFormat.format(info.date)}@end{", "};@end{}@if{additionalAgreementNumber != null} ДС №${additionalAgreementNumber} от ${dateFormat.format(additionalAgreementDate)}@end{}]]></template>
                <properties>
                    <property>
                        <name>documentKind</name>
                        <ref>LbEdfDocumentKind</ref>
                    </property>
                    <property>
                        <name>documentNumber</name>
                        <ref>LbEdfDocumentNumber</ref>
                    </property>
                    <property>
                        <name>documentDate</name>
                        <ref>LbEdfDocumentDate</ref>
                    </property>
                    <property>
                        <name>contractNumber</name>
                        <ref>LbEdfContractNumber</ref>
                    </property>
                    <property>
                        <name>contractDate</name>
                        <ref>LbEdfContractDate</ref>
                    </property>
                    <property>
                        <name>documentSum</name>
                        <ref>LbEdfSumma</ref>
                    </property>
                    <property>
                        <name>ndsSum</name>
                        <ref>LbEdfSummaNds</ref>
                    </property>
                    <property>
                        <name>documentCurrency</name>
                        <ref>LbEdfCurrency</ref>
                    </property>
                    <property>
                        <name>correctedDocumentIdList</name>
                        <ref>LbEdfCorrectedDocumentIdList</ref>
                    </property>
                    <property>
                        <name>additionalAgreementNumber</name>
                        <ref>LbEdfAdditionalAgreementNumber</ref>
                    </property>
                    <property>
                        <name>additionalAgreementDate</name>
                        <ref>LbEdfAdditionalAgreementDate</ref>
                    </property>
                    <property>
                        <name>correctedDocumentNumberList</name>
                        <ref>LbEdfCorrectedDocumentNumberList</ref>
                    </property>
                    <property>
                        <name>correctedDocumentDateList</name>
                        <ref>LbEdfCorrectedDocumentDateList</ref>
                    </property>
                </properties>
            </serialization>
            <deserialization>
                <pattern><st:property id="documents.descriptionPrefix" default="ЮЗЭД"/><![CDATA[ вида (?<documentKind>.+?) №(?<documentNumber>.+) от (?<documentDate>.+) по договору №(?<contractNumber>.+) от (?<contractDate>.+) на сумму (?<documentSum>.+) \(НДС: (?<ndsSum>.+)\) (?<documentCurrency>[^ ]+)( Исходные документы: (?<correctedDocumentInfo>.+)\;)?( ДС №(?<additionalAgreementNumber>.+) от (?<additionalAgreementDate>.+))?]]></pattern>
                <groups>
                    <group>
                        <name>documentKind</name>
                        <ref>LbEdfDocumentKind</ref>
                    </group>
                    <group>
                        <name>documentNumber</name>
                        <ref>LbEdfDocumentNumber</ref>
                    </group>
                    <group>
                        <name>documentDate</name>
                        <ref>LbEdfDocumentDate</ref>
                    </group>
                    <group>
                        <name>contractNumber</name>
                        <ref>LbEdfContractNumber</ref>
                    </group>
                    <group>
                        <name>contractDate</name>
                        <ref>LbEdfContractDate</ref>
                    </group>
                    <group>
                        <name>documentSum</name>
                        <ref>LbEdfSumma</ref>
                    </group>
                    <group>
                        <name>ndsSum</name>
                        <ref>LbEdfSummaNds</ref>
                    </group>
                    <group>
                        <name>documentCurrency</name>
                        <ref>LbEdfCurrency</ref>
                    </group>
                    <group>
                        <name>additionalAgreementNumber</name>
                        <ref>LbEdfAdditionalAgreementNumber</ref>
                    </group>
                    <group>
                        <name>additionalAgreementDate</name>
                        <ref>LbEdfAdditionalAgreementDate</ref>
                    </group>
                    <group>
                        <name>correctedDocumentInfo</name>
                        <pattern><![CDATA[№(?<correctedDocumentNumber>[^,]+) от (?<correctedDocumentDate>[^,]+)(, )?]]></pattern>
                        <groups>
                            <group>
                                <name>correctedDocumentNumber</name>
                                <ref>LbEdfCorrectedDocumentNumberList</ref>
                            </group>
                            <group>
                                <name>correctedDocumentDate</name>
                                <ref>LbEdfCorrectedDocumentDateList</ref>
                            </group>
                        </groups>
                    </group>
                </groups>
            </deserialization>
        </mapping>
    </mappings>
</propertiesMapping>