<?xml version="1.0" encoding="UTF-8" ?>
<!-- Справочник направлений документов -->
<data-source id="directions" class="ru.blogic20.gp.services.list.modules.xml.XmlModule" xmlns:st="http://blogic20.ru/2016/ConfigModuleUtils.xml">
    <parameter name="tables">directions</parameter>
    <parameter name="uri"><st:property id="rootdir" default=""/>/lists/directions.xml</parameter>
    <parameter name="directions.tag">direction</parameter>
    <parameter name="directions.key">id</parameter>
    <parameter name="directions.xpath_key">@id</parameter>
    <parameter name="directions.key_value">@id='$condition'</parameter>
    <parameter name="directions.columns">id;create;name;</parameter>
    <parameter name="directions.xpath_columns">@id;@create;@name;</parameter>
    <parameter name="directions.modify">MODIFY</parameter>
    <parameter name="directions.create">CREATE</parameter>
    <parameter name="enable_cache">true</parameter>
</data-source>