<?xml version="1.0" encoding="UTF-8" ?>
<data-source id="ad_users" class="ru.blogic20.gp.services.list.users.UserModule"
             xmlns:st="http://blogic20.ru/2016/ConfigModuleUtils.xml"
             xmlns:xi="http://www.w3.org/2001/XInclude"
             load-on-start="true">
    <parameter name="domains"><st:property id="ldap.base" default=""/>;<st:property id="ldap2.base" default=""/>;<st:property id="ldap3.base" default=""/></parameter>

    <!--"${ldap.base}.dc_uri - ${ldap.base}.user - ${ldap.base}.password-->
    <xi:include href="common_params.xml" xpointer="element(/1/1)" />
    <xi:include href="common_params.xml" xpointer="element(/1/2)" />
    <xi:include href="common_params.xml" xpointer="element(/1/3)" />

    <parameter name="${ldap2.base}.dc_uri"><st:property id="ldap2.uri" default=""/></parameter>
<!--
    <parameter name="${ldap2.base}.user"><st:property id="ssp:ldap2.user" default=""/></parameter>
    <parameter name="${ldap2.base}.password"><st:property id="ssp:ldap2.password" default=""/></parameter>
-->
    <parameter name="${ldap2.base}.user"><st:property id="ldap2.user" default=""/></parameter>
    <parameter name="${ldap2.base}.password"><st:property id="ldap2.password" default=""/></parameter>

    <parameter name="${ldap3.base}.dc_uri"><st:property id="ldap3.uri" default=""/></parameter>
<!--
    <parameter name="${ldap3.base}.user"><st:property id="ssp:ldap3.user" default=""/></parameter>
    <parameter name="${ldap3.base}.password"><st:property id="ssp:ldap3.password" default=""/></parameter>
-->
    <parameter name="${ldap3.base}.user"><st:property id="ldap3.user" default=""/></parameter>
    <parameter name="${ldap3.base}.password"><st:property id="ldap3.password" default=""/></parameter>

    <!--key - update - created-->
    <xi:include href="common_params.xml" xpointer="element(/1/4)" />
    <xi:include href="common_params.xml" xpointer="element(/1/5)" />
    <xi:include href="common_params.xml" xpointer="element(/1/6)" />

    <!--columns - types-->
    <xi:include href="common_params.xml" xpointer="element(/1/7)" />
    <xi:include href="common_params.xml" xpointer="element(/1/8)" />

    <!--update-schedule-->
    <xi:include href="common_params.xml" xpointer="element(/1/9)" />

    <!--group – group9-->
    <xi:include href="common_params.xml" xpointer="element(/1/10)" />
    <xi:include href="common_params.xml" xpointer="element(/1/11)" />
    <xi:include href="common_params.xml" xpointer="element(/1/12)" />
    <xi:include href="common_params.xml" xpointer="element(/1/13)" />
    <xi:include href="common_params.xml" xpointer="element(/1/14)" />
    <xi:include href="common_params.xml" xpointer="element(/1/15)" />
    <xi:include href="common_params.xml" xpointer="element(/1/16)" />
    <xi:include href="common_params.xml" xpointer="element(/1/17)" />
    <xi:include href="common_params.xml" xpointer="element(/1/18)" />
    <xi:include href="common_params.xml" xpointer="element(/1/19)" />
</data-source>
