<?xml version="1.0" encoding="UTF-8" ?>
<!--Общие настройки для справочника пользователей AD-->
<params xmlns:st="http://blogic20.ru/2016/ConfigModuleUtils.xml">
    <!--1/1;1/2;1/3-->
    <parameter name="${ldap.base}.dc_uri"><st:property id="ldap.uri" default=""/></parameter>
<!--
    <parameter name="${ldap.base}.user"><st:property id="ssp:ldap.user" default=""/></parameter>
    <parameter name="${ldap.base}.password"><st:property id="ssp:ldap.password" default=""/></parameter>
-->
    <parameter name="${ldap.base}.user"><st:property id="ldap.user" default=""/></parameter>
    <parameter name="${ldap.base}.password"><st:property id="ldap.password" default=""/></parameter>

    <!--1/4;1/5;1/6-->
    <parameter name="key">userPrincipalName</parameter>
    <parameter name="updated">whenChanged</parameter>
    <parameter name="created">whenCreated</parameter>

    <!--1/7;1/8-->
    <parameter name="columns">displayName;distinguishedName;mail;userPrincipalName;memberOf;sAMAccountName;whenChanged;whenCreated</parameter>
    <parameter name="types">string;string;string;string;string;string;date;date</parameter>

    <!--1/9;-->
    <!--Время указывается в формате quartz cron-->
    <parameter name="update-schedule">0 0 */1 * * *</parameter>

    <!--1/10;1/11;1/12;1/13;1/14;1/15;1/16;1/17;1/18;1/19;-->
    <parameter name="group"><st:property id="roleCuratorContract" default=""/></parameter>
    <parameter name="group1"><st:property id="roleSigner" default=""/></parameter>
    <parameter name="group2"><st:property id="roleSecretary" default=""/></parameter>
    <parameter name="group3"><st:property id="roleSpecialist" default=""/></parameter>
    <parameter name="group4"><st:property id="roleCurator" default=""/></parameter>
    <parameter name="group5"><st:property id="roleCuratorIS" default=""/></parameter>
    <parameter name="group6"><st:property id="roleAdmin" default=""/></parameter>
    <parameter name="group7"><st:property id="roleReader" default=""/></parameter>
    <parameter name="group8"><st:property id="roleSystem" default=""/></parameter>
    <parameter name="group9"><st:property id="roleCuratorInternal" default=""/></parameter>
</params>
