<?xml version="1.0" encoding="UTF-8" ?>
<!-- Справочник видов документов -->
<data-source id="doc_kinds" class="ru.blogic20.gp.services.list.modules.sql.SqlModule" xmlns:st="http://blogic20.ru/2016/ConfigModuleUtils.xml">
    <jndi-reference name="ds"><st:property id="db2uri" default=""/></jndi-reference>
    <parameter name="tables">DOCUMENTKINDS</parameter>
    <parameter name="DOCUMENTKINDS.key">CODE</parameter>
    <parameter name="DOCUMENTKINDS.columns">CODE;NAME;TYPE;DOCUMENT_TYPE;DOCFLOW_TYPE;CREATION_ALLOW;SED_CODE;RESPONSE_SIGNATURE_REQUIRED;US_SUPPORT;EARLY_EXPORT_TO_US_SUPPORT;CORRECTION;CORRECTION_SUPPORT;REVISION;REVISION_SUPPORT;IS_INVOICE;IOP_CONFIRM_REQUIRED;HAS_SELLER_BUYER;HAS_CONSIGNERS;ORDERNUM;OUTDATED;OUTDATED_FORMATTED;ALLOW_BULK_ATTRIBUTES_COPYING</parameter>
    <parameter name="DOCUMENTKINDS.modify">MODIFY</parameter>
    <parameter name="DOCUMENTKINDS.create">CREATE</parameter>
    <!-- true для прода -->
    <parameter name="enable_cache">false</parameter>
</data-source>