<?xml version="1.0" encoding="UTF-8" ?>
<scheduler storage="sql:${db2uri}" xmlns:xi="http://www.w3.org/2001/XInclude">

    <task-template id="GenerateApplicationSnapshot"
          executor="ru.blogic20.gp.services.schedule.task.validation.LogValidationTask"
          title="Слепок системы"
          lock="true">

        <parameters>
            <string title="Список приложений" id="app-name" value=""/>
            <boolean title="Отправлять уведомления" id="enable-notification" value="false" hidden="true"/>
            <string title="Получатели уведомлений" id="notification-recipient" value="mailto:role:Контроль.ЦелостностьСистемы" hidden="true"/>
            <string title="notification-template" id="notification-template" value="LogValidation" hidden="true"/>
            <string title="Стратегия" id="strategy" value="DEFAULT"/>
            <string title="Путь к файлу" id="path" value=""/>
            <string title="Адреса сервисов отпечатков приложений" id="remote-service-mapping" hidden="true"
                    value="${remoteDigestServiceMapping}"/>
        </parameters>
        <describe>Эта задача делает слепок системы.</describe>
    </task-template>

    <task-template id="CheckApplicationSnapshot"
          executor="ru.blogic20.gp.services.schedule.task.validation.CheckValidationTask"
          title="Проверка целостности системы"
          lock="true">

        <parameters>
            <string title="Список приложений" id="app-name" value=""/>
            <string title="Отправлять уведомления" id="enable-notification" hidden="true"><![CDATA[failed]]></string>
            <string title="Получатели уведомлений" id="notification-recipient" value="mailto:role:Контроль.ЦелостностьСистемы"/>
            <string title="notification-template" id="notification-template" value="CheckValidation" hidden="true"/>
            <string title="Стратегия" id="strategy" value="DEFAULT"/>
            <string title="Путь к файлу" id="path" value=""/>
            <string title="Адреса сервисов отпечатков приложений" id="remote-service-mapping" hidden="true"
                    value="${remoteDigestServiceMapping}"/>
        </parameters>
        <describe>Эта задача проверяет целостность системы.</describe>
    </task-template>

    <xi:include href="${rootdir}/metadata/tasks/AgreementsEdoUpdate.xml" xpointer="element(/1)"/>
    <xi:include href="${rootdir}/metadata/tasks/ArchiveDocument.xml" xpointer="element(/1)"/>
    <xi:include href="${rootdir}/metadata/tasks/CheckLinkedDocumentsInfo.xml" xpointer="element(/1)"/>
    <xi:include href="${rootdir}/metadata/tasks/CompleteEdo.xml" xpointer="element(/1)"/>
    <xi:include href="${rootdir}/metadata/tasks/ContractorStatusUpdate.xml" xpointer="element(/1)"/>
    <xi:include href="${rootdir}/metadata/tasks/EnhanceSignatures.xml" xpointer="element(/1)"/>
    <xi:include href="${rootdir}/metadata/tasks/JmsReceiverStart.xml" xpointer="element(/1)"/>
    <xi:include href="${rootdir}/metadata/tasks/NewDocumentsProcessing.xml" xpointer="element(/1)"/>
    <xi:include href="${rootdir}/metadata/tasks/RemoveDeletedDocuments.xml" xpointer="element(/1)"/>
    <xi:include href="${rootdir}/metadata/tasks/SignersUpdate.xml" xpointer="element(/1)"/>
    <xi:include href="${rootdir}/metadata/tasks/ValidateSignatures.xml" xpointer="element(/1)"/>
    <xi:include href="${rootdir}/metadata/tasks/InvalidateContractorOperatorsCache.xml" xpointer="element(/1)"/>

</scheduler>