<?xml version="1.0" encoding="UTF-8" standalone="yes"?>
<query xmlns:st="http://blogic20.ru/2016/ConfigModuleUtils.xml">
    <page-size>100</page-size>

    <table id="GP_JOURNAL" alias="journal"/>

    <column title="Идентификатор"        table="journal" id="ID"         type="LONG"   hidden="true" primary-key="true"/>
    <column title="Тип журнала"          table="journal" id="SYSTEM"     type="STRING" hidden="true"/>
    <column title="Логин пользователя"   table="journal" id="OWNER"      type="STRING" hidden="false"/>
    <column title="ФИО пользователя"     table="journal" id="OWNER"      type="STRING" hidden="false" alias="LOGIN"/>
    <column title="Роль"                 table="journal" id="POS"        type="STRING" hidden="false"/>
    <column title="Тип события"          table="journal" id="EVENT_TYPE" type="STRING" hidden="false"/>
    <column title="Статус события"       table="journal" id="STATUS"     type="STRING" hidden="false"/>
    <column title="Дата и время события" table="journal" id="CREATED"    type="DATE"   hidden="false"/>
    <column title="IP-адрес"             table="journal" id="IP"         type="STRING" hidden="false"/>

    <sort-rule table="journal" column="CREATED" order="DESC"/>

    <parameter name="hidden">ID,SYSTEM</parameter>

    <parameter name="CREATED.format">dd.MM.yyyy HH:mm:ss</parameter>

    <parameter name="LOGIN.list">ad_users.Users</parameter>
    <parameter name="LOGIN.key">userPrincipalName</parameter>
    <parameter name="LOGIN.view">displayName</parameter>

    <parameter name="EVENT_TYPE.list">audit_login_logout_events.events</parameter>
    <parameter name="EVENT_TYPE.key">code</parameter>
    <parameter name="EVENT_TYPE.view">name</parameter>

    <parameter name="STATUS.list">event_statuses.statuses</parameter>
    <parameter name="STATUS.key">id</parameter>
    <parameter name="STATUS.view">name</parameter>

    <filter title="Тип журнала"          table="journal" column="SYSTEM"     id="SYSTEM"     operation="EQ"       multivalue="false" hidden="true">AUTHORIZATION</filter>
    <filter title="Логин пользователя"   table="journal" column="OWNER"      id="OWNER"      operation="LIKE"     multivalue="false"/>
    <filter title="Роль"                 table="journal" column="POS"        id="POS"        operation="LIKE"     multivalue="false"/>
    <filter title="ФИО пользователя"     table="journal" column="LOGIN"      id="LOGIN"      operation="EQ"       multivalue="false"/>
    <filter title="Тип события"          table="journal" column="EVENT_TYPE" id="EVENT_TYPE" operation="EQ"       multivalue="false"/>
    <filter title="Статус события"       table="journal" column="STATUS"     id="STATUS"     operation="EQ"       multivalue="false"/>
    <filter title="Дата и время события" table="journal" column="CREATED"    id="CREATED"    operation="INTERVAL" multivalue="false"/>
    <filter title="IP-адрес"             table="journal" column="IP"         id="IP"         operation="LIKE"     multivalue="false"/>
</query>