<?xml version="1.0" encoding="UTF-8" ?>
<model id="LbEdfSignature" extend="Annotation">

    <string id="LbEdfDocumentSigner" title="Подписант"/>
    <string id="LbEdfDocumentSignerBase" title="Основание для права подписи подписанта"/>
    <string id="LbEdfDocumentSignerProxyNumber" title="Номер доверенности подписанта"/>
    <date id="LbEdfDocumentSignerProxyStarts" title="Дата начала действия доверенности подписанта"/>
    <date id="LbEdfDocumentSignerProxyEnds" title="Дата окончания действия доверенности подписанта"/>
    <string id="LbEdfDocumentSignerProxySumm" title="Сумма доверенности подписанта"/>

    <string id="DescriptiveText" title="Тип подписи"/>
    <date id="LbEdfDocSignDate" title="Дата наложения подписи"/>

    <boolean id="LbEdfVerificationResult" title="Результат валидации"/>
    <string id="LbEdfVerificationMessage" title="Текст ошибки валидации"/>
    <date id="LbEdfVerificationDate" title="Дата последней проверки ЭП"/>
    <boolean id="LbEdfEnhanceResult" title="Результат усовершенствования"/>
    <string id="LbEdfEnhanceMessage" title="Текст ошибки усовершенствования"/>

    <guid id="LbEdfVersionSeriesId" title="Идентификатор серии версий подписи"/>
    <string id="LbEdfVersionNumber" title="Номер версии подписи"/>
    <string id="LbEdfAdditionalSignatureTag" title="Дополнительный тэг подписи"/>

    <processor id="DefaultSaveProcessor" stage="MANUAL"/>
</model>