<?xml version="1.0" encoding="UTF-8" ?>
<!-- Справочник подписантов -->
<data-source id="signers" class="ru.blogic20.gp.services.list.modules.sql.SqlModule" xmlns:st="http://blogic20.ru/2016/ConfigModuleUtils.xml">
    <jndi-reference name="ds"><st:property id="db2uri" default=""/></jndi-reference>
    <parameter name="tables">SIGNERS</parameter>
    <parameter name="SIGNERS.key">ID</parameter>
    <parameter name="SIGNERS.columns">ID;LOGIN;ORGANIZATION;ADDRESS;NAME;SURNAME;PATRONYMIC;POSITION;SIGN_BASIS;STATUS;SOURCE;NUMBER;INN;KPP;TITLE;BASE_DOCUMENT_NUMBER;BASE_DOCUMENT_PERIOD;SYSTEM_CODE</parameter>
    <parameter name="SIGNERS.create">CREATED_DATE</parameter>
    <parameter name="SIGNERS.modify">UPDATED_DATE</parameter>
</data-source>