<?xml version="1.0" encoding="UTF-8" standalone="yes"?>
<!--
SELECT A.Id AS Id, LbEdfFriendshipEdfId, LbEdfFriendshipIsIncoming, LbEdfFriendshipMimeType, LbEdfFriendshipStatus, LbEdfFriendshipContragentInn, LbEdfFriendshipContragentKpp, LbEdfFriendshipContragentName, LbEdfFriendshipComment, LbEdfFriendshipContragentComment, LbEdfOperatorCode, LbEdfFriendshipStatusLocal, LbEdfFriendshipContragentCode, LbEdfFriendshipOperatorName, LbEdfFriendshipDate, LbEdfFriendshipSendDate, LbEdfFriendshipReceiveDate, LbEdfFriendshipSignDate, LbEdfFriendshipContragentSignDate, LbEdfFriendshipRejectDate, LbEdfFriendshipContragentRejectDate, LbEdfFriendshipCommentOutgoing, LbEdfFriendshipCommentIncoming, LbEdfFriendshipCommentReject, LbEdfFriendshipCommentContractorReject, LbEdfSignatureStatus, LbEdfFriendshipNumber, A.DateCreated, S1.Id AS SenderSigId, S2.Id AS ReceiverSigId
FROM (LbEdfFriendshipInfo A LEFT OUTER JOIN LbEdfAgreementEdoSignature S1 ON S1.AnnotatedObject = A.This) LEFT OUTER JOIN LbEdfAgreementEdoSignature S2 ON S2.AnnotatedObject = A.This
WHERE (S1.Id IS NULL OR (S1.LbEdfVersionNumber = 1 AND S1.LbEdfSignatureParty = 'SENDER'))
    AND (S2.Id IS NULL OR (S2.LbEdfVersionNumber = 1 AND S2.LbEdfSignatureParty = 'RECEIVER')
        OR (S2.Id = S1.Id AND NOT EXISTS (SELECT Id FROM LbEdfAgreementEdoSignature WHERE (AnnotatedObject = A.This) AND (LbEdfSignatureParty = 'RECEIVER')))
    )
    AND (LbEdfFriendshipContragentCode = ?)
ORDER BY A.DateCreated DESC
-->
<query>
    <page-size>50</page-size>

    <where><![CDATA[
        (S1.Id IS NULL OR (S1.LbEdfVersionNumber = 1 AND S1.LbEdfSignatureParty = 'SENDER'))
        AND (S2.Id IS NULL OR (S2.LbEdfVersionNumber = 1 AND S2.LbEdfSignatureParty = 'RECEIVER')
            OR (S2.Id = S1.Id AND NOT EXISTS (SELECT Id FROM LbEdfAgreementEdoSignature WHERE (AnnotatedObject = A.This) AND (LbEdfSignatureParty = 'RECEIVER')))
        )
    ]]></where>

    <table id="LbEdfFriendshipInfo" alias="A"/>
    <table id="LbEdfAgreementEdoSignature" alias="S1"/>
    <table id="LbEdfAgreementEdoSignature" alias="S2"/>

    <table-join join="LEFT" operation="EQ">
        <left table="A" column="This" />
        <right table="S1" column="AnnotatedObject" />
    </table-join>
    <table-join join="LEFT" operation="EQ">
        <left table="A" column="This" />
        <right table="S2" column="AnnotatedObject" />
    </table-join>

    <column table="A" id="This" type="OBJECT" hidden="true" />
    <column table="A" id="Id" type="ID" hidden="true" primary-key="true" />
    <column table="A" id="LbEdfFriendshipEdfId" type="STRING" hidden="true" />
    <column table="A" id="LbEdfFriendshipIsIncoming" type="BOOLEAN" hidden="true" />
    <column table="A" id="LbEdfFriendshipMimeType" type="STRING" hidden="true" />
    <column table="A" id="LbEdfFriendshipStatus" type="STRING" hidden="true" />
    <column table="A" id="LbEdfFriendshipContragentInn" type="STRING" hidden="true" />
    <column table="A" id="LbEdfFriendshipContragentKpp" type="STRING" hidden="true" />
    <column table="A" id="LbEdfFriendshipContragentName" type="STRING" hidden="true" />
    <column table="A" id="LbEdfFriendshipComment" type="STRING" hidden="true" />
    <column table="A" id="LbEdfFriendshipContragentComment" type="STRING" hidden="true" />
    <column table="A" id="LbEdfOperatorCode" type="STRING" hidden="true" />
    <column table="A" id="LbEdfFriendshipStatusLocal" type="STRING" hidden="true" />
    <column table="A" id="LbEdfFriendshipContragentCode" type="STRING" hidden="true" />
    <column table="A" id="LbEdfFriendshipOperatorName" type="STRING" hidden="true" />
    <column table="A" id="LbEdfFriendshipDate" type="DATE" hidden="true" />
    <column table="A" id="LbEdfFriendshipSendDate" type="DATE" hidden="true" />
    <column table="A" id="LbEdfFriendshipReceiveDate" type="DATE" hidden="true" />
    <column table="A" id="LbEdfFriendshipSignDate" type="DATE" hidden="true" />
    <column table="A" id="LbEdfFriendshipContragentSignDate" type="DATE" hidden="true" />
    <column table="A" id="LbEdfFriendshipRejectDate" type="DATE" hidden="true" />
    <column table="A" id="LbEdfFriendshipContragentRejectDate" type="DATE" hidden="true" />
    <column table="A" id="LbEdfFriendshipCommentOutgoing" type="STRING" hidden="true" />
    <column table="A" id="LbEdfFriendshipCommentIncoming" type="STRING" hidden="true" />
    <column table="A" id="LbEdfFriendshipCommentReject" type="STRING" hidden="true" />
    <column table="A" id="LbEdfFriendshipCommentContractorReject" type="STRING" hidden="true" />
    <column table="A" id="LbEdfSignatureStatus" type="INTEGER" hidden="true" />
    <column table="A" id="LbEdfFriendshipNumber" type="STRING" hidden="true" />
    <column table="A" id="DateCreated" type="DATE" hidden="true" />
    <column table="S1" id="Id" alias="SenderSigId" type="ID" hidden="true" />
    <column table="S1" id="AnnotatedObject" type="OBJECT" hidden="true" />
    <column table="S2" id="Id" alias="ReceiverSigId" type="ID" hidden="true" />
    <column table="S2" id="AnnotatedObject" type="OBJECT" hidden="true" />

    <sort-rule table="A" column="DateCreated" order="DESC" />

    <filter table="A" column="LbEdfFriendshipContragentCode" id="LbEdfFriendshipContragentCode" operation="EQ" hidden="true" />
</query>