<?xml version="1.0" encoding="UTF-8" ?>
<model id="CustomObject" primary-key="Id" system="true" dao="CeDao" versionable="false" has-content="false">
    <guid id="Id" title="Идентификатор объекта"/>
    <date id="DateCreated" title="Системное.Дата создания"/>
    <date id="DateLastModified" title="Системное.Дата изменения"/>

    <processor id="DefaultSaveProcessor" stage="MANUAL"/>

    <security-templates>
        <security-template id="DEFAULT">
            <set-rule rule="READ" allowed-roles="Пользователь"/>
            <add-rule rule="READ|CREATE|EDIT" allowed-roles="Пользователь"/>
            <add-rule for="*" rule="READ|CREATE|EDIT" allowed-roles="Пользователь" />
        </security-template>
    </security-templates>
</model>