<?xml version="1.0" encoding="UTF-8" ?>
<!-- Справочник регионов РФ -->
<data-source id="regions" class="ru.blogic20.gp.services.list.modules.xml.XmlModule"
             xmlns:st="http://blogic20.ru/2016/ConfigModuleUtils.xml">
    <parameter name="tables">regions</parameter>
    <parameter name="uri"><st:property id="rootdir" default=""/>/lists/regions.xml</parameter>
    <parameter name="regions.tag">region</parameter>
    <parameter name="regions.key">code</parameter>
    <parameter name="regions.xpath_key">@code</parameter>
    <parameter name="regions.key_value">@code='$condition'</parameter>
    <parameter name="regions.columns">code;name;</parameter>
    <parameter name="regions.xpath_columns">@code;@name;</parameter>
</data-source>