<?xml version="1.0" encoding="UTF-8" ?>
<!-- Справочник валют -->
<data-source id="units" class="ru.blogic20.gp.services.list.modules.xml.XmlModule"
             xmlns:st="http://blogic20.ru/2016/ConfigModuleUtils.xml">
    <parameter name="tables">units</parameter>
    <parameter name="uri"><st:property id="rootdir" default=""/>/lists/units.xml</parameter>
    <parameter name="units.tag">unit</parameter>
    <parameter name="units.key">code</parameter>
    <parameter name="units.xpath_key">@code</parameter>
    <parameter name="units.key_value">@code='$condition'</parameter>
    <parameter name="units.columns">code;name;symbol;</parameter>
    <parameter name="units.xpath_columns">@code;@name;@symbol;</parameter>
    <parameter name="units.modify">MODIFY</parameter>
    <parameter name="units.create">CREATE</parameter>
</data-source>