﻿<?xml version="1.0" encoding="UTF-8" ?>
<model id="LbEdfDocument" extend="TnDocument">

    <string id="LbEdfBarcode"           title="Штрихкод" max-length="64" />

    <string id="LbEdfDocflowId"         title="Идентификатор ЭДО"                           max-length="64"/>
    <string id="LbEdfDocflowType"       title="Тип документооборота в ЭДО"                  max-length="64" defaultValue="BILATERAL_NON_FORMALIZED"/>
    <string id="LbEdfDocumentId"        title="Идентификатор документа в ЭДО"               max-length="255"/>
    <string id="LbEdfDocStatus"         title="Статус документа в ЭДО"                      max-length="64" defaultValue="tn_created"/>
    <string id="LbEdfDocType"           title="Тип документа в ЭДО"                         max-length="64" defaultValue="NON_FORMALIZED"   required="true"/>
    <boolean id="LbEdfIsDocIncomming"   title="Признак входящего документа в ЭДО"                           defaultValue="false"            required="true">
        <list-link ds="directions" model="directions" key-field="id" value-field="name"/>
    </boolean>

    <string id="LbEdfSenderOperCode"    title="Код оператора ЭДО у отправителя документа"   max-length="3"/>
    <string id="LbEdfSenderName"        title="Наименование отправителя документа"          max-length="1000"/>
    <string id="LbEdfSenderFIO"         title="ФИО отправителя документа"                   max-length="1000"/>
    <string id="LbEdfSenderINN"         title="ИНН отправителя документа"                   max-length="12"/>
    <string id="LbEdfSenderKPP"         title="КПП отправителя документа"                   max-length="9"/>

    <string id="LbEdfRecipientOperCode" title="Код оператора ЭДО у получателя документа"    max-length="3"/>
    <string id="LbEdfRecipientName"     title="Наименование получателя документа"           max-length="1000"/>
    <string id="LbEdfRecipientFIO"      title="ФИО получателя документа"                    max-length="1000"/>
    <string id="LbEdfRecipientINN"      title="ИНН получателя документа"                    max-length="12"/>
    <string id="LbEdfRecipientKPP"      title="КПП получателя документа"                    max-length="9"/>

    <processor id="DefaultSaveProcessor" stage="MANUAL"/>

    <security-templates>
        <security-template id="DEFAULT">
            <add-rule rule="READ"         allowed-roles="Документ.Просмотр"/>
            <add-rule for="*" rule="READ" allowed-roles="Документ.Просмотр"/>
        </security-template>
    </security-templates>
</model>
