<?xml version="1.0" encoding="UTF-8" standalone="yes"?>
<query>
    <page-size>1</page-size>

    <table id="LbEdfApprovalList" alias="approval_list"/>

    <column	title="Идентификатор"          table="approval_list" id="ID"                  type="ID"       hidden="false" primary-key="true"/>
    <column	title="Аннотированный объект"  table="approval_list" id="AnnotatedObject"     type="OBJECT"   hidden="false"/>
    <column title="Изменен"                table="approval_list" id="DateLastModified"    type="DATE"     hidden="true"/>

    <sort-rule table="approval_list" column="DateLastModified" order="DESC"/>

    <parameter name="hidden">ID</parameter>

    <filter id="byAnnotatedObject"		table="approval_list" column="AnnotatedObject"			operation="EQ"  multivalue="false"/>
</query>