<?xml version="1.0" encoding="UTF-8" ?>
<data-source id="ksdd_message_events" class="ru.blogic20.gp.services.list.modules.sql.SqlModule" xmlns:st="http://blogic20.ru/2016/ConfigModuleUtils.xml">
    <jndi-reference name="ds"><st:property id="db2uri" default=""/></jndi-reference>
    <parameter name="tables">KSDD_MESSAGE_EVENTS</parameter>
    <parameter name="KSDD_MESSAGE_EVENTS.key">ID</parameter>
    <parameter name="KSDD_MESSAGE_EVENTS.columns">ID;MESSAGE_ID;BARCODE;EVENT_CODE;CREATED_DATE;UPDATED_DATE</parameter>
    <parameter name="KSDD_MESSAGE_EVENTS.create">CREATED_DATE</parameter>
    <parameter name="KSDD_MESSAGE_EVENTS.modify">UPDATED_DATE</parameter>
</data-source>