<?xml version="1.0" encoding="UTF-8" standalone="yes"?>
<authorization-service xmlns:st="http://blogic20.ru/2016/ConfigModuleUtils.xml"
                       xmlns:xi="http://www.w3.org/2001/XInclude">

    <adGroupsListId>ad_users.Users</adGroupsListId>
    <userLoginColumn>userPrincipalName</userLoginColumn>
    <memberOfColumn>memberOf</memberOfColumn>
    <displayNameColumn>displayName</displayNameColumn>
    <groupNameColumn>distinguishedName</groupNameColumn>

    <!-- Департаменты -->
    <xi:include href="${rootdir}${uzdodir}/departments.xml"/>

    <!-- Роли -->
    <!-- прямой маппинг ролей -->
    <role name="Куратор договора" is-position="true">
        <group><st:property id="roleCuratorContract" default=""/></group>
    </role>
    <role name="Куратор внутренних документов" is-position="true">
        <group><st:property id="roleCuratorInternal" default=""/></group>
    </role>
    <role name="Подписант" is-position="true">
        <group><st:property id="roleSigner" default=""/></group>
    </role>
    <role name="Секретарь" is-position="true">
        <group><st:property id="roleSecretary" default=""/></group>
    </role>
    <role name="Специалист ТНФ" is-position="true">
        <group><st:property id="roleSpecialist" default=""/></group>
    </role>
    <role name="Куратор" is-position="true">
        <group><st:property id="roleCurator" default=""/></group>
    </role>
    <role name="Куратор ИБ" is-position="true">
        <group><st:property id="roleCuratorIS" default=""/></group>
    </role>
    <role name="Администратор" is-position="true">
        <group><st:property id="roleAdmin" default=""/></group>
    </role>
    <role name="Читатель" is-position="true">
        <group><st:property id="roleReader" default=""/></group>
    </role>

    <role name="Пользователь">
        <group><st:property id="roleCuratorContract" default=""/></group>
        <group><st:property id="roleCuratorInternal" default=""/></group>
        <group><st:property id="roleSigner" default=""/></group>
        <group><st:property id="roleSecretary" default=""/></group>
        <group><st:property id="roleSpecialist" default=""/></group>
        <group><st:property id="roleCurator" default=""/></group>
        <group><st:property id="roleCuratorIS" default=""/></group>
        <group><st:property id="roleAdmin" default=""/></group>
        <group><st:property id="roleReader" default=""/></group>
    </role>

    <role name="Иерархия.Просмотр">
        <group><st:property id="roleCuratorContract" default=""/></group>
        <group><st:property id="roleCuratorInternal" default=""/></group>
        <group><st:property id="roleSigner" default=""/></group>
        <group><st:property id="roleSecretary" default=""/></group>
        <group><st:property id="roleSpecialist" default=""/></group>
        <group><st:property id="roleCurator" default=""/></group>
        <group><st:property id="roleCuratorIS" default=""/></group>
        <group><st:property id="roleAdmin" default=""/></group>
    </role>

    <!-- Маппинг на точную роль -->
    <role name="Договор.Просмотр">
        <group><st:property id="roleCuratorContract" default=""/></group>
        <group><st:property id="roleAdmin" default=""/></group>
    </role>
    <role name="Договор.Изменить">
        <group><st:property id="roleCuratorContract" default=""/></group>
        <group><st:property id="roleAdmin" default=""/></group>
    </role>
    <role name="Документ.Создать"><!-- Права на создание неформализованных документов -->
        <group><st:property id="roleCuratorContract" default=""/></group>
        <group><st:property id="roleAdmin" default=""/></group>
    </role>
    <role name="Внутренний.Создать"><!-- Права на создание внутренних документов -->
        <group><st:property id="roleCuratorContract" default=""/></group>
        <group><st:property id="roleCuratorInternal" default=""/></group>
        <group><st:property id="roleAdmin" default=""/></group>
    </role>
    <role name="Документ.Просмотр"><!-- Просмотр Карточек документов -->
        <group><st:property id="roleCuratorContract" default=""/></group>
        <group><st:property id="roleSigner" default=""/></group>
        <group><st:property id="roleSpecialist" default=""/></group>
        <group><st:property id="roleCurator" default=""/></group>
        <group><st:property id="roleAdmin" default=""/></group>
        <group><st:property id="roleReader" default=""/></group>
    </role>
    <role name="Внутренний.Просмотр"><!-- Просмотр Карточек внутренних документов -->
        <group><st:property id="roleCuratorContract" default=""/></group>
        <group><st:property id="roleCuratorInternal" default=""/></group>
        <group><st:property id="roleSigner" default=""/></group>
        <group><st:property id="roleSpecialist" default=""/></group>
        <group><st:property id="roleCurator" default=""/></group>
        <group><st:property id="roleAdmin" default=""/></group>
        <group><st:property id="roleReader" default=""/></group>
    </role>
    <role name="Документ.Изменить">
        <group><st:property id="roleCuratorContract" default=""/></group>
        <group><st:property id="roleAdmin" default=""/></group>
    </role>
    <role name="Внутренний.Изменить">
        <group><st:property id="roleCuratorContract" default=""/></group>
        <group><st:property id="roleCuratorInternal" default=""/></group>
        <group><st:property id="roleAdmin" default=""/></group>
    </role>
    <role name="Документ.Связать">
        <group><st:property id="roleCuratorContract" default=""/></group>
        <group><st:property id="roleCurator" default=""/></group>
        <group><st:property id="roleAdmin" default=""/></group>
    </role>
    <role name="Внутренний.Связать">
        <group><st:property id="roleCuratorContract" default=""/></group>
        <group><st:property id="roleCuratorInternal" default=""/></group>
        <group><st:property id="roleCurator" default=""/></group>
        <group><st:property id="roleAdmin" default=""/></group>
    </role>
    <role name="Документ.Скачать"><!-- Выгрузка и сохранение документов на рабочую станцию -->
        <group><st:property id="roleCuratorContract" default=""/></group>
        <group><st:property id="roleCuratorInternal" default=""/></group>
        <group><st:property id="roleSpecialist" default=""/></group>
        <group><st:property id="roleAdmin" default=""/></group>
    </role>
    <role name="Документ.Печать"><!-- Печать документов -->
        <group><st:property id="roleCuratorContract" default=""/></group>
        <group><st:property id="roleCuratorInternal" default=""/></group>
        <group><st:property id="roleSpecialist" default=""/></group>
        <group><st:property id="roleAdmin" default=""/></group>
    </role>
    <role name="Документ.Выгрузка"><!-- выгрузка документооборота и печатных форм к локальный компьютер -->
        <group><st:property id="roleCuratorContract" default=""/></group>
        <group><st:property id="roleCuratorInternal" default=""/></group>
        <group><st:property id="roleSpecialist" default=""/></group>
        <group><st:property id="roleAdmin" default=""/></group>
    </role>
    <role name="Документ.Удалить">
        <group><st:property id="roleCuratorContract" default=""/></group>
        <group><st:property id="roleCuratorInternal" default=""/></group>
        <group><st:property id="roleAdmin" default=""/></group>
    </role>
    <role name="Отчеты">
        <group><st:property id="roleCuratorContract" default=""/></group>
        <group><st:property id="roleAdmin" default=""/></group>
        <group><st:property id="roleSpecialist" default=""/></group>
    </role>
    <role name="Подписать">
        <group><st:property id="roleSigner" default=""/></group>
    </role>
    <role name="Подписать.ИОП">
        <group><st:property id="roleCuratorContract" default=""/></group>
    </role>
    <role name="Процесс"><!-- Направление по процессу, Формирование технологических документов -->
        <group><st:property id="roleCuratorContract" default=""/></group>
    </role>
    <role name="Внутренний.Процесс"><!-- Направление по процессу, Формирование технологических документов -->
        <group><st:property id="roleCuratorInternal" default=""/></group>
    </role>
    <role name="СоглашенияЭДО.Просмотр"><!-- Просмотр вкладки и карточки Соглашения об ЭДО -->
        <group><st:property id="roleSecretary" default=""/></group>
        <group><st:property id="roleAdmin" default=""/></group>
    </role>
    <role name="СоглашенияЭДО.Изменить"><!-- Редактирование карточки Соглашения об ЭДО -->
        <group><st:property id="roleSecretary" default=""/></group>
        <group><st:property id="roleAdmin" default=""/></group>
    </role>
    <role name="СоглашенияЭДО.Действия"><!-- Действия над Соглашениями об ЭДО -->
        <group><st:property id="roleSecretary" default=""/></group>
    </role>
    <role name="СоглашенияЭДО.Выгрузка"><!-- Действия по выгрузке над Соглашениями об ЭДО -->
        <group><st:property id="roleSecretary" default=""/></group>
        <group><st:property id="roleAdmin" default=""/></group>
    </role>

    <!-- Доступ к узлам иерархии -->
    <role name="Документ.Входящие"><!-- Доступ к Входящим -->
        <group><st:property id="roleCuratorContract" default=""/></group>
        <group><st:property id="roleSpecialist" default=""/></group>
        <group><st:property id="roleCurator" default=""/></group>
        <group><st:property id="roleAdmin" default=""/></group>
    </role>
    <role name="Документ.Исходящие"><!-- Доступ к Исходящим -->
        <group><st:property id="roleCuratorContract" default=""/></group>
        <group><st:property id="roleSpecialist" default=""/></group>
        <group><st:property id="roleCurator" default=""/></group>
        <group><st:property id="roleAdmin" default=""/></group>
    </role>
    <role name="Документ.Внутренние"><!-- Доступ к Внутренним -->
        <group><st:property id="roleCuratorContract" default=""/></group>
        <group><st:property id="roleSpecialist" default=""/></group>
        <group><st:property id="roleCurator" default=""/></group>
        <group><st:property id="roleAdmin" default=""/></group>
    </role>
    <role name="Документ.Внутренние"><!-- Доступ к Внутренним -->
        <group><st:property id="roleCuratorContract" default=""/></group>
        <group><st:property id="roleCuratorInternal" default=""/></group>
        <group><st:property id="roleSpecialist" default=""/></group>
        <group><st:property id="roleCurator" default=""/></group>
        <group><st:property id="roleAdmin" default=""/></group>
    </role>
    <role name="Документ.ДляПодписанта"><!-- Доступ к корневым узлам На подписании и Подписанные -->
        <group><st:property id="roleSigner" default=""/></group>
    </role>
    <role name="Справочники.Контрагенты"><!-- Доступ к справочнику Контрагенты -->
        <group><st:property id="roleSecretary" default=""/></group>
        <group><st:property id="roleAdmin" default=""/></group>
    </role>
    <role name="Справочники.Договоры"><!-- Доступ к справочнику Договоры -->
        <group><st:property id="roleCuratorContract" default=""/></group>
        <group><st:property id="roleCurator" default=""/></group>
        <group><st:property id="roleAdmin" default=""/></group>
    </role>
    <role name="Справочники.Подписанты"><!-- Доступ к справочнику Подписанты -->
        <group><st:property id="roleAdmin" default=""/></group>
    </role>
    <role name="Справочники.Валюты"><!-- Доступ к справочнику Валюты -->
        <group><st:property id="roleAdmin" default=""/></group>
    </role>
    <role name="Справочники.ВидыДокументов"><!-- Доступ к справочнику Виды Документов -->
        <group><st:property id="roleAdmin" default=""/></group>
    </role>
    <role name="Справочники.Пользователи"><!-- Доступ к справочнику Пользователи -->
        <group><st:property id="roleAdmin" default=""/></group>
    </role>
    <role name="Справочники.Репликация"><!-- Доступ к действию репликации справочников -->
        <group><st:property id="roleAdmin" default=""/></group>
    </role>
    <role name="Справочники.СерверноеПодписание"><!-- Доступ к справочнику точек подключения к ЕИС Коннектору -->
        <group><st:property id="roleAdmin" default=""/></group>
    </role>
    <role name="Архив"><!-- Доступ к архиву -->
        <group><st:property id="roleCuratorContract" default=""/></group>
        <group><st:property id="roleSigner" default=""/></group>
        <group><st:property id="roleSpecialist" default=""/></group>
        <group><st:property id="roleCurator" default=""/></group>
        <group><st:property id="roleAdmin" default=""/></group>
    </role>
    <role name="Журналы.РегистрацияЭД"><!-- Доступ к журналу Регистрация ЭД -->
        <group><st:property id="roleCuratorContract" default=""/></group>
        <group><st:property id="roleCuratorInternal" default=""/></group>
        <group><st:property id="roleCurator" default=""/></group>
        <group><st:property id="roleAdmin" default=""/></group>
    </role>
    <role name="Архив.Внутренние"><!-- Доступ к архиву -->
        <group><st:property id="roleCuratorContract" default=""/></group>
        <group><st:property id="roleCuratorInternal" default=""/></group>
        <group><st:property id="roleSigner" default=""/></group>
        <group><st:property id="roleSpecialist" default=""/></group>
        <group><st:property id="roleCurator" default=""/></group>
        <group><st:property id="roleAdmin" default=""/></group>
    </role>
    <role name="Журналы.Интеграция"><!-- Доступ к журналам интеграции -->
        <group><st:property id="roleCuratorIS" default=""/></group>
        <group><st:property id="roleAdmin" default=""/></group>
    </role>
    <role name="Журналы.ЗаданияПоРасписанию"><!-- Доступ к модулю Задач по расписанию -->
        <group><st:property id="roleAdmin" default=""/></group>
    </role>
    <role name="Аудит.ВходыВыходы"><!-- Доступ к аудиту входов и выходов -->
        <group><st:property id="roleCuratorIS" default=""/></group>
        <group><st:property id="roleAdmin" default=""/></group>
    </role>
    <role name="Аудит.МониторингСобытий"><!-- Доступ к Мониторингу событий -->
        <group><st:property id="roleCuratorIS" default=""/></group>
        <group><st:property id="roleAdmin" default=""/></group>
    </role>
    <role name="Поиск.Пользователь">
        <group><st:property id="roleCuratorContract" default=""/></group>
        <group><st:property id="roleCuratorInternal" default=""/></group>
        <group><st:property id="roleSigner" default=""/></group>
        <group><st:property id="roleSpecialist" default=""/></group>
        <group><st:property id="roleCurator" default=""/></group>
    </role>
    <role name="Поиск.Администратор">
        <group><st:property id="roleAdmin" default=""/></group>
    </role>
    <role name="КонсольAдминистратора"><!-- Доступ к Консоли администратора -->
        <group><st:property id="roleAdmin" default=""/></group>
    </role>
    <role name="Ошибки.Все">
        <group><st:property id="roleAdmin" default=""/></group>
    </role>
    <role name="Ошибки.ОперацииКуратораДоговора">
        <group><st:property id="roleCuratorContract" default=""/></group>
        <group><st:property id="roleCuratorInternal" default=""/></group>
    </role>
    <role name="Контроль.ЦелостностьСистемы">
        <group><st:property id="roleCuratorIS" default=""/></group>
        <group><st:property id="roleAdmin" default=""/></group>
    </role>

    <cache name="users">
        <!-- in minutes -->
        <refresh-after>5</refresh-after>
        <expire-after>10</expire-after>
    </cache>
    
</authorization-service>