<?xml version="1.0" encoding="UTF-8" ?>
<model id="ContractorOperator" system-name="CONTRACTOR_OPERATORS" primary-key="ID" system="false" dao="SqlDao">
    <integer id="ID" title="ID"/>
    <string id="CONTRACTOR_INN" title="CONTRACTOR_INN"/>
    <string id="CONTRACTOR_KPP" title="CONTRACTOR_KPP"/>
    <boolean id="IS_FORMALIZED" title="IS_FORMALIZED"/>
    <string id="OPERATOR_CODE" title="OPERATOR_CODE"/>
    <string id="BOX_ID" title="BOX_ID"/>
    <date id="LAST_ACCESS_DATE" title="LAST_ACCESS_DATE"/>
    <integer id="IS_FORMALIZED" title="IS_FORMALIZED"/>
</model>