﻿<?xml version="1.0" encoding="UTF-8" ?>
<model id="InternalDocument" extend="TnDocument" system-name="LbEdfPrimaryDocument" xmlns:st="http://blogic20.ru/2016/ConfigModuleUtils.xml">
    <boolean id="LbEdfIsDocIncomming"   title="Признак входящего документа в ЭДО"                           defaultValue="false"            required="true">
        <list-link ds="directions" model="directions" key-field="id" value-field="name"/>
    </boolean>

    <string id="LbEdfBarcode"           title="Штрихкод" max-length="64" />

    <string id="LbEdfDocflowId"         title="Идентификатор ЭДО"                           max-length="64"/>
    <string id="LbEdfDocflowType"       title="Тип документооборота в ЭДО"                  max-length="64" defaultValue="INTERNAL"/>
    <string id="LbEdfDocumentId"        title="Идентификатор документа в ЭДО"               max-length="255"/>
    <string id="LbEdfDocStatus"         title="Статус документа в ЭДО"                      max-length="64" defaultValue="tn_created"/>
    <string id="LbEdfDocStatus_object"                  title="Статус документа в ЭДО"                              virtual="true"/>
    <string id="LbEdfDocType"           title="Тип документа в ЭДО"                         max-length="64" defaultValue="INTERNAL"   required="true"/>

    <string id="DocumentType"           title="Тип документа"               max-length="16">
        <list-link ds="documenttypes" model="documenttypes" key-field="id" value-field="name"/>
    </string>

    <string id="LbEdfDocumentKind"      title="Вид документа"              max-length="64">
        <list-link ds="doc_kinds" model="DOCUMENTKINDS" key-field="CODE" value-field="NAME"/>
        <not-empty message="Необходимо указать вид документа"/>
    </string>
    <string id="LbEdfDocumentKind_object"               title="Вид документа"                                       virtual="true"/>

    <date   id="LbEdfDocumentDate"      title="Дата документа">
        <not-empty message="Необходимо задать дату документа"/>
    </date>
    <string id="LbEdfDocumentNumber"    title="Номер документа"            max-length="1000">
        <not-empty message="Необходимо задать номер документа"/>
    </string>

    <double id="LbEdfSumma"             title="Сумма документа" />
    <double id="LbEdfSummaNds"          title="Сумма НДС" />

    <string id="LbEdfCurrency"  title="Валюта документа"    defaultValue="643">
        <list-link ds="currencies" model="currencies" key-field="id" value-field="name"/>
    </string>

    <string id="LbEdfDocumentSigner" title="Подписант документа" max-length="200">
        <list-link ds="signers" model="SIGNERS" key-field="LOGIN" value-field="TITLE"/>
    </string>
    <string id="LbEdfDocumentSigners" title="Подписанты документа" collection="true">
        <list-link ds="signers" model="SIGNERS" key-field="LOGIN" value-field="TITLE"/>
    </string>
    <string id="LbEdfDocumentSignersApproved" title="Подписавшие документ" max-length="200" collection="true"/>
    <string id="LbEdfPowerOfAttorneyId" title="Доверенность подписанта" max-length="64"/>
    <string id="LbEdfPowerOfAttorneyIds" title="Доверенности подписантов" max-length="64" collection="true"/>
    <boolean id="LbEdfAgreementRequired" title="Требуется согласование" />

    <string id="LbEdfCurator"           title="Куратор договора"            max-length="250">
        <list-link ds="curators" model="CuratorAny" key-field="userPrincipalName" value-field="displayName"/>
        <not-empty message="Необходимо указать куратора договора"/>
    </string>

    <string id="LbEdfRnuCode"           title="Код РНУ"                   max-length="3">
        <list-link ds="rnus" model="rnus" key-field="id" value-field="name"/>
    </string>

    <string  id="LbEdfDocumentLinks"    title="Связанные документы"             virtual="true"/>

    <string id="LbEdfPreviousDocStatus" title="Предыдущий статус документа в ЭДО" max-length="64"/>
    <string id="LbEdfErrorType"         title="Тип ошибки"                        max-length="2000"/>
    <string id="LbEdfFailedOperation"   title="Операция с ошибкой"                max-length="255"/>

    <string id="LbEdfDocStatusBeforeAnnulment" title="Статус документа до запроса аннулирования" max-length="64"/>

    <integer id="LbEdfSignatureStatus"      title="Статус подписи"/>
    <integer id="LbEdfInvalidSignatureMask" title="Маска невалидности подписей"/>

    <string  id="LbEdfSigningSystem"    title="Система для подписания"          max-length="32"/>

    <string id="LbEdfDocumentLinkEhd"   title="Ссылка на документ в КИС ЭХД"    max-length="64"/>
    <string id="LbEdfDocumentLinkUs"    title="Ссылка на документ в УС"          max-length="64"/>
    <string id="LbEdfDocumentKindUs"    title="Код вида документа УС"           max-length="32"/>
    <string id="LbEdfDocumentLinkSed"   title="Ссылка на документ в КИС СЭД"     max-length="64"/>
    <string id="LbEdfDocumentIdUs"      title="Идентификатор документа из УС"   max-length="64"/>

    <string id="LbEdfDocumentStatusUs"  title="Статус УС"                       max-length="32"/>
    <string id="LbEdfDocumentStatusSentEhd" title="Отправленный статус в КИС ЭХД"   max-length="32"/>

    <string id="LbEdfDocumentIdPackEhd" title="Ид пакета в КИС ЭХД"             max-length="64"/>
    <boolean id="LbEdfDocumentNewPackEhd" title="Новый пакет КИС ЭХД"/>
    <boolean id="LbEdfDocumentMainEhd"  title="Основной документ в пакете КИС ЭХД"/>
    <integer id="LbEdfDocumentSizePackEhd" title="Количество документов в пакете КИС ЭХД"/>
    <string id="LbEdfDocumentBasketEhd" title="Имя очереди в КИС ЭХД"           max-length="64"/>
    <string id="LbEdfDocumentAccessGroupEhd" title="Группа доступа специалиста ТНФ от КИС ЭХД" max-length="128"/>
    <string id="LbEdfDescription"       title="Описание"                        max-length="2000"/>

    <date   id="LbEdfCreateDate"        title="Дата создания документа"/>
    <date   id="LbEdfRegisterDate"      title="Дата регистрации документа"/>
    <date   id="LbEdfExportSedDate"     title="Дата выгрузки в СЭД"/>
    <date   id="LbEdfAgreementDate"     title="Дата согласования"/>
    <date   id="LbEdfSignDate"          title="Дата подписания"/>
    <date   id="LbEdfExportUsDate"      title="Дата выгрузки в УС"/>
    <date   id="LbEdfExportEhdDate"     title="Дата выгрузки в КИС ЭХД"/>
    <string id="LbEdfContentStatusUs"   title="Состояние вложения внутреннего документа из УС" max-length="16"/>
    <string id="CreatorSystem"          title="Название системы-создателя документа"    max-length="50" defaultValue="MUZEDO"/>
    <date   id="LbEdfStatusChangeDate"  title="Дата статуса"/>

    <string  id="LinkedSystemCodeUs"    title="Код смежной системы - УС" />
    <string  id="LinkedSystemCodeEhd"   title="Код смежной системы - КИСЭХД" />
    <string  id="LinkedSystemCodeSed"  title="Код смежной системы - КСДД" />
    <string id="LbEdfSedSignableAttachmentId" title="Идентификатор подписываемого в СЭД вложения" />

    <object	id="LbEdfSecurityProxyFolder"  title="Доверенная папка безопасности" model="Folder" />

    <!-- Полные ссылки на другие системы -->
    <string  id="DocumentLinkAccounting"    title="Ссылка на документ в УС"         virtual="true"/> <!-- Использовать только для GUI -->
    <string  id="DocumentLinkEhd"           title="Ссылка на документ в КИС ЭХД"    virtual="true"/>
    <string  id="DocumentLinkSed"           title="Ссылка на документ в СЭД"        virtual="true"/>
    <string  id="CardTitle"                 title="Заголовок карточки документа"    virtual="true"/>

    <boolean id="ShowContentTabs" title="Признак отображения контентных вкладок в карточке документа" defaultValue="true"/>

    <string id="OstDepartments" title="AD-группы отделов ОСТа" virtual="true" collection="true"/>
    <string id="CuratorContractRole" title="AD-группа роли куратора договора" virtual="true"/>
    <string id="CurrentUserDepartments" title="AD-группы отдела текущего пользователя" virtual="true" collection="true"/>
    <string id="PreviousCurator" title="Прошлый куратор" virtual="true"/>
    <string id="LinkSourceTypes" title="Доступные типы связей" virtual="true"/>

    <string id="PersonalCertificateSigningSupport" title="Использование личных КЭП" virtual="true"/>

    <!-- Атрибуты связей -->
    <date   id="LbEdfMainDocDate"   title="Дата документа основания"/>
    <string id="LbEdfMainDocNum"    title="Номер документа основания"     max-length="64"/>

    <guid id="LbEdfMainDocId"       title="Документ основание" virtual="true">
        <list-link ds="basis_documents" model="LbEdfPrimaryDocument" key-field="Id" value-field="LbEdfDocumentNumber"/>
    </guid>
    <date   id="LbEdfBasisDate"     title="Дата документа основания"      virtual="true"/>
    <string id="LbEdfBasisLink"     title="Связь с документом основанием" virtual="true"/>

    <string  id="LbEdfCurrentUser"                 title="Идентификатор текущего пользователя"  virtual="true"/>

    <string id="ApprovalListId" virtual="true">
        <list-link ds="approval_lists" model="LbEdfApprovalList" key-field="AnnotatedObject" value-field="Id"/>
    </string>

<!--
    <processor id="DefaultSaveProcessor" stage="MANUAL"/>
-->

    <processor id="ObjectListServiceAppender" stage="AFTER" operation="GET">
        <filter-expression> <![CDATA[
            present("LbEdfDocumentKind_object")
            || present("LbEdfDocStatus_object")
        ]]> </filter-expression>
        <config>
            <field sourcefield="LbEdfDocumentKind"      targetfield="LbEdfDocumentKind_object"      key="CODE"              listname="doc_kinds.DOCUMENTKINDS"/>
            <field sourcefield="LbEdfDocStatus"         targetfield="LbEdfDocStatus_object"         key="id"                listname="statuses.statuses">
                <virtual-list-property name="name" expression="item.incomingName" />
            </field>
        </config>
    </processor>

    <processor id="UpdatePropertiesProcessor" stage="AFTER" operation="SAVE,CHECKIN">
        <filter-expression><![CDATA[
            dirty("LbEdfDocumentKind")
            || dirty("LbEdfDocumentNumber")
            || dirty("LbEdfDocumentDate")
            || dirty("LbEdfCurator")
            || dirty("LbEdfContractCode")
            || dirty("LbEdfAdditionalAgreementCode")
            || dirty("LbEdfDocStatus")
        ]]></filter-expression>
    </processor>

    <processor id="LinkedDocumentsProcessor" stage="AFTER" operation="CREATE,GET,SAVE,CHECKIN">
        <filter-expression> <![CDATA[ present("LbEdfDocumentLinks") ]]> </filter-expression>
    </processor>

    <processor id="FieldDependencyProcessor" stage="BEFORE" operation="CHECKIN">
        <filter-expression><![CDATA[ present("LbEdfSignatureStatus") ]]></filter-expression>
        <config>
            <!-- Перед сохранением нового контента документа обнуляем информацию о валидности подписи -->
            <field name="LbEdfSignatureStatus">null</field>
        </config>
    </processor>

    <processor id="FieldDependencyProcessor" stage="BEFORE" operation="SAVE,CHECKIN">
        <filter-expression><![CDATA[ present("LbEdfContentStatusUs") ]]></filter-expression>
        <config>
            <field name="LbEdfContentStatusUs"><![CDATA[
                var currentStatus = bo.getAttributeValue("LbEdfContentStatusUs");
                return (currentStatus == "EMPTY" ? "UPDATE_ALLOWED" : currentStatus);
            ]]>
            </field>
        </config>
    </processor>

    <processor id="FieldDependencyProcessor" stage="AFTER" operation="CREATE,GET">
        <filter-expression> <![CDATA[
            present("LbEdfCurrentUser")
            || present("PreviousCurator")
            || present("DocumentLinkAccounting")
            || present("DocumentLinkEhd")
            || present("DocumentLinkSed")
            || present("ContractLinkEhd")
            || present("CardTitle")
            || present("InvalidAnnulmentSignature")
            || present("OstDepartments")
            || present("CuratorContractRole")
            || present("CurrentUserDepartments")
            || present("LinkSourceTypes")
            || present("ApprovalListId")
            || present("PersonalCertificateSigningSupport")
        ]]> </filter-expression>
        <config>
            <field name="LbEdfCurrentUser">user.getId()</field>
            <field name="PreviousCurator" dependsOn="LbEdfCurator">bo.getAttributeValue("LbEdfCurator")</field>
            <field name="DocumentLinkAccounting" dependsOn="LinkedSystemCodeUs;LbEdfDocumentLinkUs"><![CDATA[
                var code = bo.getAttributeValue("LinkedSystemCodeUs");
                var link_acc = bo.getAttributeValue("LbEdfDocumentLinkUs");
                var system = ost.getLinkedSystems().getAccountingBySystemCode(code);
                return ((system != null && link_acc != null && system.getDocumentLink() != null) ?
                    system.getDocumentLink().replace('%VALUE%', link_acc)
                    : "null"
                );
            ]]></field>
            <field name="DocumentLinkEhd" dependsOn="LinkedSystemCodeEhd;LbEdfDocumentLinkEhd"><![CDATA[
                var code = bo.getAttributeValue("LinkedSystemCodeEhd");
                var link_ehd = bo.getAttributeValue("LbEdfDocumentLinkEhd");
                var system = ost.getLinkedSystems().getEhdBySystemCode(code);
                return ((system != null && link_ehd != null && system.getDocumentLink() != null) ?
                    system.getDocumentLink().replace('%VALUE%', link_ehd)
                    : "null"
                );
            ]]></field>
            <field name="DocumentLinkSed" dependsOn="LinkedSystemCodeSed;LbEdfDocumentLinkSed"><![CDATA[
                var code = bo.getAttributeValue("LinkedSystemCodeSed");
                var link_sed = bo.getAttributeValue("LbEdfDocumentLinkSed");
                var system = ost.getLinkedSystems().getSedBySystemCode(code);
                return ((system != null && link_sed != null && system.getDocumentLink() != null) ?
                    system.getDocumentLink().replace('%VALUE%', link_sed)
                    : "null"
                );
            ]]></field>
            <field name="ContractLinkEhd" dependsOn="LinkedSystemCodeEhd;LbEdfContractCodeId;LbEdfAdditionalAgreementCodeId"><![CDATA[
                var code = bo.getAttributeValue("LinkedSystemCodeEhd");
                var contractCodeId = bo.getAttributeValue("LbEdfContractCodeId");
                var additionalAgreementCodeId = bo.getAttributeValue("LbEdfAdditionalAgreementCodeId");
                var link_cehd = additionalAgreementCodeId != null
                        ? additionalAgreementCodeId.get("LbEdfContractLinkEhd")
                        : (contractCodeId != null
                                ? contractCodeId.get("LbEdfContractLinkEhd")
                                : null);
                var system = ost.getLinkedSystems().getEhdBySystemCode(code);
                return ((system != null && link_cehd != null && system.getContractLink() != null) ?
                    system.getContractLink().replace('%VALUE%', link_cehd)
                    : "null"
                );
            ]]></field>
            <field name="CardTitle" dependsOn="LbEdfBarcode;LbEdfDocumentKind;LbEdfDocumentKind_object;LbEdfDocStatus;LbEdfDocumentNumber">
                <![CDATA[
                    import java.util.*;
                    import java.text.SimpleDateFormat;

                    var kindObj = bo.getAttributeValue("LbEdfDocumentKind_object");
                    if(kindObj == null || kindObj.get("NAME") == null)
                        return "";

                    var kindObjName = kindObj.get("NAME").toString();
                    var docNumber = bo.getAttributeValue("LbEdfDocumentNumber");
                    var docDate = bo.getAttributeValue("LbEdfDocumentDate");

                    if(bo.getAttributeValue("LbEdfDocStatus") == 'tn_ehd'){
                        return  kindObjName +
                                "_" +
                                (docNumber != null? docNumber.toString() : "") +
                                "_" +
                                (docDate != null? new SimpleDateFormat("dd.MM.yyyy").format(docDate) : "");
                    }

                    return bo.getAttributeValue("LbEdfBarcode") != null
                            ? bo.getAttributeValue("LbEdfBarcode").toString() + "_" + kindObjName
                            : kindObjName;
                ]]>
            </field>

            <field name="InvalidAnnulmentSignature" dependsOn="LbEdfInvalidSignatureMask">
                <![CDATA[
                    (bo.getAttributeValue("LbEdfInvalidSignatureMask") != null)
                    && ((bo.getAttributeValue("LbEdfInvalidSignatureMask") & 1024) > 0)
                ]]>
            </field>


            <field name="OstDepartments"><![CDATA[
                var departmentsInfo = [];
                for (dep : ost.getDepartments()) {
                    departmentsInfo.add(["rnu": dep.getRnu(), "groups": dep.getGroups()]);
                }
                return departmentsInfo;
            ]]></field>
            <field name="CuratorContractRole"><![CDATA[
                return ost.getRoleCuratorContract();
            ]]>
            </field>

            <field name="CurrentUserDepartments"><![CDATA[
                var userGroups = user.getMemberOf();
                if (userGroups.contains(ost.getRoleAdmin())) {
                    return ['*'];
                }

                var deps = [];
                for (dep : ost.getDepartments()) {
                    var depGroups = dep.getGroups();
                    for (group : userGroups) {
                        if (depGroups.contains(group) && !deps.contains(group)) {
                            deps.add(group);
                        }
                    }
                }
                return deps;
            ]]></field>

            <field name="LinkSourceTypes" dependsOn="LinkedSystemCodeUs;LinkedSystemCodeEhd"><![CDATA[
                import ru.brbpm.tnuzdo.integration.configuration.dto.Accounting.Type;

                var types = [];
                types.add(["code": "MUZEDO", "name": "МЮЗ ЭДО"]);
                types.add(["code": "MUZEDO_LINKED", "name": "МЮЗ ЭДО (связанные)"]);
                types.add(["code": "LOCAL_DISK", "name": "Локальный диск"]);

                var codeEhd = bo.getAttributeValue("LinkedSystemCodeEhd");
                if (codeEhd != null) {
                    types.add(["code": "EHD", "name": "КИС ЭХД"]);
                }

                var codeUs = bo.getAttributeValue("LinkedSystemCodeUs");
                if (codeUs != null) {
                    var us = env.getOst().getLinkedSystems().getAccountingBySystemCode(codeUs);
                    if (us.getType() == Type._1C) {
                        types.add(["code": "ACCOUNTING", "name": "Учетная система"]);
                    }
                }
                return types;
            ]]>
            </field>
            <field name="ApprovalListId"><![CDATA[
                return bo.getId();
        ]]></field>
            <field name="PersonalCertificateSigningSupport">
                <st:property id='personalCertificateSigningSupport'/>
            </field>
        </config>
    </processor>

    <security-templates>
        <security-template id="DEFAULT">
            <add-rule rule="READ"         allowed-roles="Внутренний.Просмотр"/>
            <add-rule for="*" rule="READ" allowed-roles="Внутренний.Просмотр"/>

            <add-rule rule="EDIT" allowed-roles="Внутренний.Связать"
                      apply-when="(LbEdfDocStatus == 'tn_created' || LbEdfDocStatus == 'tn_rework'
                            || LbEdfDocStatus == 'sys_signed' || LbEdfDocStatus == 'sys_completed')
                      "/>
            <add-rule for="LbEdfDocumentNumber" rule="EDIT" allowed-roles="Внутренний.Изменить"
                      apply-when="CreatorSystem == 'MUZEDO'
                          &amp;&amp; (LbEdfDocStatus == 'tn_created' || LbEdfDocStatus == 'tn_rework')
                      "/>
            <add-rule for="LbEdfDocumentDate" rule="EDIT" allowed-roles="Внутренний.Изменить"
                      apply-when="CreatorSystem == 'MUZEDO'
                          &amp;&amp; (LbEdfDocStatus == 'tn_created' || LbEdfDocStatus == 'tn_rework')
                      "/>
            <add-rule for="LbEdfSumma" rule="EDIT" allowed-roles="Внутренний.Изменить"
                      apply-when="CreatorSystem == 'MUZEDO'
                          &amp;&amp; (LbEdfDocStatus == 'tn_created' || LbEdfDocStatus == 'tn_rework')
                      "/>
            <add-rule for="LbEdfSummaNds" rule="EDIT" allowed-roles="Внутренний.Изменить"
                      apply-when="CreatorSystem == 'MUZEDO'
                          &amp;&amp; (LbEdfDocStatus == 'tn_created' || LbEdfDocStatus == 'tn_rework')
                      "/>
            <add-rule for="LbEdfCurrency" rule="EDIT" allowed-roles="Внутренний.Изменить"
                      apply-when="CreatorSystem == 'MUZEDO'
                          &amp;&amp; (LbEdfDocStatus == 'tn_created' || LbEdfDocStatus == 'tn_rework')
                      "/>

            <add-rule for="LbEdfCurator" rule="EDIT" allowed-roles="Администратор"/>
        </security-template>
    </security-templates>
</model>
