<?xml version="1.0" encoding="UTF-8" ?>
<model id="KsddMessageEvent" system-name="KSDD_MESSAGE_EVENTS" primary-key="ID" name-key="MESSAGE_ID" system="false" dao="SqlDao">
    <string id="ID" title="ID"/>
    <string id="MESSAGE_ID" title="MESSAGE_ID" max-length="64"/>
    <string id="BARCODE" title="BARCODE" max-length="13"/>
    <string id="EVENT_CODE" title="EVENT_CODE" max-length="64"/>
    <date id="CREATED_DATE" title="CREATED_DATE"/>
    <date id="UPDATED_DATE" title="UPDATED_DATE"/>

    <processor id="DefaultSaveProcessor" stage="MANUAL"/>

    <security-templates>
        <security-template id="DEFAULT">
            <add-rule rule="READ|CREATE|EDIT" allowed-roles="Пользователь"/>
            <add-rule for="*" rule="READ|CREATE|EDIT" allowed-roles="Пользователь" />
        </security-template>
    </security-templates>
</model>