<?xml version="1.0" encoding="UTF-8" ?>
<model id="UserCertificate" system-name="USER_CERTIFICATES" primary-key="ID" name-key="SerialNumber" system="false" dao="SqlDao">
    <integer id="ID" title="ID"/>

    <string id="UPN" title="Логин пользователя" max-length="255"/>
    <string id="STORAGE" title="Расположение сертификата" max-length="255"/>
    <string id="SUBJECT_NAME" title="Субъект" max-length="255"/>
    <string id="ISSUER_NAME" title="Издатель" max-length="255"/>
    <date id="NOT_AFTER" title="Окончание срока действия"/>
    <date id="NOT_BEFORE" title="Начало срока действия"/>
    <string id="SERIAL_NUMBER" title="Серийный номер" max-length="255"/>
    <string id="THUMBPRINT" title="Отпечаток" max-length="255"/>
    <string id="ORGANIZATION_NAME" title="Наименование организации владельца сертификата" max-length="255"/>
    <string id="CERTIFICATE_ID" title="Идентификатор сертификата" max-length="255"/>

    <date id="CREATED_DATE" title="Дата создания"/>
    <date id="UPDATED_DATE" title="Дата обновления"/>

    <processor id="DefaultSaveProcessor" stage="MANUAL"/>

    <security-templates>
        <security-template id="DEFAULT">
            <add-rule rule="READ" allowed-roles="Документ.Просмотр"/>
            <set-rule for="*" rule="READ" allowed-roles="Документ.Просмотр"/>
        </security-template>
    </security-templates>
</model>
