<?xml version="1.0" encoding="UTF-8" standalone="yes"?>
<query>
    <page-size>100</page-size>

    <table id="documents_ehd_remote.EhdDocuments" alias="doc"/>

    <column title="Идентификатор"       table="doc" id="Id"              type="ID"     hidden="true" primary-key="true"/>
    <column title="Код смежной системы" table="doc" id="SYSTEM_CODE"     type="STRING" hidden="true"/>
    <column title="Имя контрагента"     table="doc" id="CONTRAGENT_NAME" type="STRING" hidden="true"/>
    <column title="Контрагент"          table="doc" id="CONTRAGENT_ID"   type="STRING" hidden="false" sortable="false"/>
    <column title="Вид документа"       table="doc" id="KIND"            type="STRING" hidden="false"/>
    <column title="Дата документа"      table="doc" id="DATE"            type="DATE"   hidden="false"/>
    <column title="Номер документа"     table="doc" id="NUMBER"          type="STRING" hidden="false"/>
    <column title="Штрихкод"            table="doc" id="BARCODE"         type="STRING" hidden="false"/>
    <column title="Сумма документа"     table="doc" id="SUMM_TOTAL"      type="DOUBLE" hidden="false"/>

    <parameter name="hidden">Id</parameter>

    <parameter name="DATE.format">dd.MM.yyyy</parameter>
    <parameter name="SUMM_TOTAL.format">#.00</parameter>

    <parameter name="CONTRAGENT_ID.list">contractors.CONTRACTORS</parameter>
    <parameter name="CONTRAGENT_ID.key">REMOTE_KEY</parameter>
    <parameter name="CONTRAGENT_ID.view">SHORT_NAME</parameter>

    <filter title="Код смежной системы" table="doc" column="SYSTEM_CODE"     id="SYSTEM_CODE"     operation="EQ"  multivalue="false" hidden="true"/>
    <filter title="Имя контрагента"     table="doc" column="CONTRAGENT_NAME" id="CONTRAGENT_NAME" operation="EQ"  multivalue="false" hidden="true"/>
    <filter title="Контрагент"          table="doc" column="CONTRAGENT_ID"   id="CONTRAGENT_ID"   operation="EQ"  multivalue="false" hidden="true"/>
    <filter title="Вид документа"       table="doc" column="KIND"            id="KIND"            operation="EQ"  multivalue="false" hidden="true">Договор</filter>
    <filter title="Дата документа"      table="doc" column="DATE"            id="DATE"            operation="EQ"  multivalue="false"/>
    <filter title="Номер документа"     table="doc" column="NUMBER"          id="NUMBER"          operation="EQ"  multivalue="false"/>
    <filter title="Штрихкод"            table="doc" column="BARCODE"         id="BARCODE"         operation="EQ"  multivalue="false"/>
</query>
