<?xml version="1.0" encoding="UTF-8" standalone="yes"?>
<operators>
	<operator create="2000-01-01" code="TSV" name="Тестовая Test1-Север" agreements-enabled="false">
        <auth type="LOGIN">
            <params>
                <item name="login" value="${tsv.login}"/>
                <item name="password" value="${tsv.password}"/>
            </params>
        </auth>
        <routing>
            <criteria>
                <property name="LbEdfDocType" value="NON_FORMALIZED" />
<!--
                <property name="LbEdfRecipientINN" value="3875798166" />
                <property name="LbEdfRecipientKPP" value="145943087" />
-->
<!--
                <property name="LbEdfRecipientINN" value="0000000000" />
                <property name="LbEdfRecipientKPP" value="000000000" />
-->
                <property name="LbEdfRecipientINN" value="0266927957" />
                <property name="LbEdfRecipientKPP" value="174001665" />
            </criteria>
        </routing>
    </operator>
	<operator create="2000-01-01" code="TZS" name="Тестовая Test1-Зап. Сибирь" agreements-enabled="false">
        <auth type="LOGIN">
            <params>
                <item name="login" value="${tzs.login}"/>
                <item name="password" value="${tzs.password}"/>
            </params>
        </auth>
        <routing>
            <criteria>
                <property name="LbEdfDocType" value="NON_FORMALIZED" />
                <property name="LbEdfRecipientINN" value="0000000000" />
                <property name="LbEdfRecipientKPP" value="000000000" />
<!--
                <property name="LbEdfRecipientINN" value="0266927957" />
                <property name="LbEdfRecipientKPP" value="174001665" />
-->
            </criteria>
        </routing>
    </operator>
    <operator create="2000-01-01" code="2BM" name="Диадок" agreements-enabled="true" disableRoamingAbonents="false">
        <auth type="CERT"/>
<!--
        <auth type="LOGIN">
            <params>
                <item name="login" value="${2bm.login}"/>
                <item name="password" value="${2bm.password}"/>
            </params>
        </auth>
-->
        <routing default="true" />
    </operator>
</operators>
