<?xml version="1.0" encoding="UTF-8" standalone="yes"?>
<!--
SELECT TOP 1 S.[Id]
FROM [LbEdfFriendshipInfo] A INNER JOIN [LbEdfAgreementEdoSignature] S ON S.[AnnotatedObject] = A.[This]
WHERE (A.[Id] = ?) AND (S.[LbEdfSignatureParty] = 'SENDER')
ORDER BY S.[LbEdfVersionNumber] DESC
-->
<query>
    <page-size>1</page-size>

    <where><![CDATA[
        (S.LbEdfSignatureParty = 'SENDER')
    ]]></where>

    <table id="LbEdfFriendshipInfo" alias="A"/>
    <table id="LbEdfAgreementEdoSignature" alias="S"/>

    <table-join join="INNER" operation="EQ">
        <left table="A" column="This" />
        <right table="S" column="AnnotatedObject" />
    </table-join>

    <column table="A" id="This" type="OBJECT" hidden="true" />
    <column table="A" id="Id" alias="ObjId" type="ID" hidden="true" />
    <column table="S" id="Id" type="ID" hidden="true" primary-key="true" />
    <column table="S" id="AnnotatedObject" type="OBJECT" hidden="true" />
    <column table="S" id="LbEdfVersionNumber" type="INTEGER" hidden="true" />

    <sort-rule table="S" column="LbEdfVersionNumber" order="DESC" />

    <filter table="A" column="ObjId" id="ObjId" operation="EQ" hidden="true" />
</query>
