<?xml version="1.0" encoding="UTF-8" ?>
<model id="SignServiceEndpoints" system-name="SIGN_SERVICE_ENDPOINTS" primary-key="ID" name-key="ENDPOINT" system="true" dao="SqlDao">
    <integer id="ID" title="ID"/>
    <string id="LOGIN" title="LOGIN" max-length="64">
        <not-empty message="Необходимо задать логин подключения к ЕИС Коннектор"/>
    </string>
    <string id="PASSWORD" title="PASSWORD" max-length="64">
        <not-empty message="Необходимо задать пароль подключения к ЕИС Коннектор"/>
    </string>
    <string id="SIGN_CERT_ID" title="SIGN_CERT_ID" max-length="256">
        <not-empty
                message="Необходимо задать идентификатор сертификата подписи"/>
    </string>
    <string id="DECRYPT_CERT_ID" title="DECRYPT_CERT_ID" max-length="256">
        <not-empty
                message="Необходимо задать идентификатор сертификата аутентификации в Диадок"/>
    </string>
    <string id="ENDPOINT" title="ENDPOINT" max-length="256">
        <not-empty message="Необходимо задать адрес точки подключения"/>
    </string>
    <string id="ACTIVE" title="Активна ли точка подключения" max-length="16">
        <list-link ds="endpoint_statuses" model="endpoint_statuses" key-field="id" value-field="name"/>
        <not-empty message="Необходимо задать статус подключения"/>
    </string>
    <processor id="DefaultSaveProcessor" stage="MANUAL"/>

    <security-templates>
        <security-template id="DEFAULT">
            <add-rule rule="READ|CREATE|EDIT" allowed-roles="Справочники.СерверноеПодписание"/>
            <add-rule for="*" rule="READ|CREATE|EDIT" allowed-roles="Справочники.СерверноеПодписание" />
        </security-template>
    </security-templates>
</model>