<?xml version="1.0" encoding="UTF-8" ?>
<vs active-when="O['download-with-grouping']==true">
    <folder name="Входящие" apply-when="LbEdfIsDocIncomming == true">
        <folder name="Полученные" apply-when="LbEdfDocStatus == 'sys_received'">
            <folder name="Полученные" apply-when="
                (?LbEdfRegisterDate != null)
                &amp;&amp; (?LbEdfContractCode != empty)
                &amp;&amp; (
                    (?LbEdfAdditionalAgreementCode != empty)
                    || (
                        (?LbEdfAdditionalAgreementNumber == empty)
                        &amp;&amp; (?LbEdfAdditionalAgreementDate == null)
                    )
                )
                &amp;&amp; LbEdfContractorStatus == 'SIGNED'"/>
            <folder name="Несортированные" apply-when="
                (?LbEdfRegisterDate == null)
                || (?LbEdfContractCode == empty)
                || (
                    (?LbEdfAdditionalAgreementCode == empty)
                    &amp;&amp; (
                        (?LbEdfAdditionalAgreementNumber != empty)
                        || (?LbEdfAdditionalAgreementDate != null)
                    )
                )
                || LbEdfContractorStatus != 'SIGNED'"/>
        </folder>
        <folder name="Ожидают" apply-when="
                LbEdfDocStatus == 'tn_claritication_await' ||
                LbEdfDocStatus == 'sys_annulment_await' ||
                LbEdfDocStatus == 'tn_sign_await' ||
                LbEdfDocStatus == 'tn_agreement'">
            <folder name="Уточняются"               apply-when="LbEdfDocStatus == 'tn_claritication_await'"/>
            <folder name="Ожидают аннулирования"    apply-when="LbEdfDocStatus == 'sys_annulment_await'"/>
            <folder name="На подписании"            apply-when="LbEdfDocStatus == 'tn_sign_await'"/>
            <folder name="На согласовании"          apply-when="LbEdfDocStatus == 'tn_agreement'"/>
        </folder>
        <folder name="В работе" apply-when="
                LbEdfDocStatus == 'tn_agreement_approved' ||
                LbEdfDocStatus == 'sys_signed' ||
                LbEdfDocStatus == 'tn_agreement_refused' ||
                LbEdfDocStatus == 'tn_sign_refused' ||
                LbEdfDocStatus == 'sys_sent' ||
                LbEdfDocStatus == 'tn_rework' ||
                LbEdfDocStatus == 'tn_claritication_required' ||
                LbEdfDocStatus == 'sys_annulment_required'">
            <folder name="Согласованные"            apply-when="LbEdfDocStatus == 'tn_agreement_approved'"/>
            <folder name="Подписанные"              apply-when="LbEdfDocStatus == 'sys_signed'"/>
            <folder name="Несогласованные"          apply-when="LbEdfDocStatus == 'tn_agreement_refused'"/>
            <folder name="Отклоненные подписантом"  apply-when="LbEdfDocStatus == 'tn_sign_refused'"/>
            <folder name="Отправленные контрагенту" apply-when="LbEdfDocStatus == 'sys_sent'"/>
            <folder name="На доработке"             apply-when="LbEdfDocStatus == 'tn_rework'"/>
            <folder name="Требуют уточнения"        apply-when="LbEdfDocStatus == 'tn_claritication_required'"/>
            <folder name="Запрошено аннулирование"  apply-when="LbEdfDocStatus == 'sys_annulment_required'"/>
        </folder>
        <folder name="Обработанные" apply-when="
                LbEdfDocStatus == 'tn_amended' ||
                LbEdfDocStatus == 'tn_corrected' ||
                LbEdfDocStatus == 'sys_annuled' ||
                LbEdfDocStatus == 'sys_annulment_refused' ||
                LbEdfDocStatus == 'sys_sign_rejected' ||
                LbEdfDocStatus == 'sys_completed'">
            <folder name="Исправленные"             apply-when="LbEdfDocStatus == 'tn_amended'"/>
            <folder name="Откорректированные"       apply-when="LbEdfDocStatus == 'tn_corrected'"/>
            <folder name="Аннулированные"           apply-when="LbEdfDocStatus == 'sys_annuled'"/>
            <folder name="Отказано в аннулировании" apply-when="LbEdfDocStatus == 'sys_annulment_refused'"/>
            <folder name="Отказано в подписании"    apply-when="LbEdfDocStatus == 'sys_sign_rejected'"/>
            <folder name="Завершившие ЭДО"          apply-when="LbEdfDocStatus == 'sys_completed'"/>
        </folder>
        <folder name="Системные" apply-when="
                LbEdfDocStatus == 'tn_ehd_sending' ||
                LbEdfDocStatus == 'tn_sed_sending' ||
                LbEdfDocStatus == 'tn_us_sending' ||
                LbEdfDocStatus == 'tn_error'">
            <folder name="Отправка в смежную ИС" apply-when="
                    LbEdfDocStatus == 'tn_ehd_sending' ||
                    LbEdfDocStatus == 'tn_sed_sending' ||
                    LbEdfDocStatus == 'tn_us_sending'"/>
            <folder name="Ошибка в обработке" apply-when="LbEdfDocStatus == 'tn_error'"/>
        </folder>
    </folder>

    <folder name="Внутренние" apply-when="(?DocumentType == 'INTERNAL') || (?LbEdfDocType == 'INTERNAL')">
        <folder name="Созданные"    apply-when="LbEdfDocStatus == 'tn_created'"/>
        <folder name="На подписании" apply-when="LbEdfDocStatus == 'tn_sign_await'"/>
        <folder name="Подписанные"      apply-when="LbEdfDocStatus == 'sys_signed'"/>
        <folder name="Отклоненные"  apply-when="LbEdfDocStatus == 'tn_sign_refused'"/>
        <folder name="На доработке" apply-when="LbEdfDocStatus == 'tn_rework'"/>
        <folder name="Обработанные" apply-when="
                LbEdfDocStatus == 'tn_removed' ||
                LbEdfDocStatus == 'sys_completed'">
            <folder name="Удаленные"        apply-when="LbEdfDocStatus == 'tn_removed'"/>
            <folder name="Завершившие ЭДО"          apply-when="LbEdfDocStatus == 'sys_completed'"/>
        </folder>
        <folder name="Системные" apply-when="
                LbEdfDocStatus == 'tn_ehd_sending' ||
                LbEdfDocStatus == 'tn_sed_sending' ||
                LbEdfDocStatus == 'tn_us_sending' ||
                LbEdfDocStatus == 'tn_error'">
            <folder name="Отправка в смежную ИС" apply-when="
                    LbEdfDocStatus == 'tn_ehd_sending' ||
                    LbEdfDocStatus == 'tn_sed_sending' ||
                    LbEdfDocStatus == 'tn_us_sending'"/>
            <folder name="Ошибка в обработке" apply-when="LbEdfDocStatus == 'tn_error'"/>
        </folder>
    </folder>

    <folder name="Исходящие" apply-when="LbEdfIsDocIncomming == false">
        <folder name="Проекты" apply-when="
                LbEdfDocStatus == 'tn_created' ||
                LbEdfDocStatus == 'tn_rework'">
            <folder name="Созданные"    apply-when="LbEdfDocStatus == 'tn_created'"/>
            <folder name="На доработке" apply-when="LbEdfDocStatus == 'tn_rework'"/>
        </folder>
        <folder name="Ожидают" apply-when="
                LbEdfDocStatus == 'tn_sign_await' ||
                LbEdfDocStatus == 'sys_annulment_await' ||
                LbEdfDocStatus == 'tn_agreement'">
            <folder name="Проекты на подписании" apply-when="LbEdfDocStatus == 'tn_sign_await'"/>
            <folder name="Ожидают аннулирования" apply-when="LbEdfDocStatus == 'sys_annulment_await'"/>
        </folder>
        <folder name="В работе" apply-when="
                LbEdfDocStatus == 'tn_agreement_refused' ||
                LbEdfDocStatus == 'tn_sign_refused' ||
                LbEdfDocStatus == 'sys_signed' ||
                LbEdfDocStatus == 'sys_sent' ||
                LbEdfDocStatus == 'sys_sign_received' ||
                LbEdfDocStatus == 'sys_receipt_received' ||
                LbEdfDocStatus == 'tn_receipt_refused' ||
                LbEdfDocStatus == 'sys_correction_requested' ||
                LbEdfDocStatus == 'tn_claritication_required' ||
                LbEdfDocStatus == 'sys_annulment_required'">
            <folder name="Несогласованные проекты"  apply-when="LbEdfDocStatus == 'tn_agreement_refused'"/>
            <folder name="Отклоненные подписантом"  apply-when="LbEdfDocStatus == 'tn_sign_refused'"/>
            <folder name="Подписанные проекты"      apply-when="LbEdfDocStatus == 'sys_signed'"/>
            <folder name="Отправленные контрагенту" apply-when="LbEdfDocStatus == 'sys_sent' || LbEdfDocStatus == 'sys_receipt_received'"/>
            <folder name="Подписанные контрагентом" apply-when="LbEdfDocStatus == 'sys_sign_received'"/>
            <folder name="Отклоненные контрагентом" apply-when="LbEdfDocStatus == 'tn_receipt_refused'"/>
            <folder name="Запрошено уточнение"      apply-when="LbEdfDocStatus == 'sys_correction_requested'"/>
            <folder name="Требуют уточнения"        apply-when="LbEdfDocStatus == 'tn_claritication_required'"/>
            <folder name="Запрошено аннулирование"  apply-when="LbEdfDocStatus == 'sys_annulment_required'"/>
        </folder>
        <folder name="Обработанные" apply-when="
                LbEdfDocStatus == 'tn_removed' ||
                LbEdfDocStatus == 'tn_amended' ||
                LbEdfDocStatus == 'tn_corrected' ||
                LbEdfDocStatus == 'sys_completed' ||
                LbEdfDocStatus == 'sys_annuled' ||
                LbEdfDocStatus == 'sys_annulment_refused'">
            <folder name="Удаленные проекты"        apply-when="LbEdfDocStatus == 'tn_removed'"/>
            <folder name="Исправленные"             apply-when="LbEdfDocStatus == 'tn_amended'"/>
            <folder name="Откорректированные"       apply-when="LbEdfDocStatus == 'tn_corrected'"/>
            <folder name="Завершившие ЭДО"          apply-when="LbEdfDocStatus == 'sys_completed'"/>
            <folder name="Аннулированные"           apply-when="LbEdfDocStatus == 'sys_annuled'"/>
            <folder name="Отказано в аннулировании" apply-when="LbEdfDocStatus == 'sys_annulment_refused'"/>
        </folder>
        <folder name="Системные" apply-when="
                LbEdfDocStatus == 'tn_ehd_sending' ||
                LbEdfDocStatus == 'tn_sed_sending' ||
                LbEdfDocStatus == 'tn_us_sending' ||
                LbEdfDocStatus == 'tn_error'">
            <folder name="Отправка в смежную ИС" apply-when="
                    LbEdfDocStatus == 'tn_ehd_sending' ||
                    LbEdfDocStatus == 'tn_sed_sending' ||
                    LbEdfDocStatus == 'tn_us_sending'"/>
            <folder name="Ошибка в обработке" apply-when="LbEdfDocStatus == 'tn_error'"/>
        </folder>
    </folder>
</vs>