<?xml version="1.0" encoding="UTF-8" standalone="yes"?>
<query>
    <where>doc.IsCurrentVersion = true</where>
    <page-size>50</page-size>
    <table id="LbEdfPrimaryDocument" alias="doc"/>

    <!-- Служебные поля -->
    <column title="Идентификатор"    table="doc"     id="ID"                     type="ID"           hidden="true"      primary-key="true"/>
    <column title="Ид.Версии"        table="doc"     id="VersionSeries"          type="ID"           hidden="true"/>
    <column title="Дата документа"   table="doc"     id="LbEdfDocumentDate"      type="DATE"         hidden="true"/>
    <column title="Вид документа"    table="doc"     id="LbEdfDocumentKind"      type="STRING"       hidden="true"      alias="LbEdfDocumentKindTitle"/>
    <column	title="Статус документа" table="doc"	 id="LbEdfDocStatus"		 type="STRING"       hidden="true"      alias="LbEdfDocStatusTitle"/>

    <!-- Поля для отображения-->
    <column title="Штрихкод"         table="doc"     id="LbEdfBarcode"           type="STRING"       hidden="false"/>
    <column title="Наименование"     table="doc"     id="DocumentTitle"          type="STRING"       hidden="false"/>

    <!-- Список правил сортировки. -->
    <sort-rule table="doc" column="LbEdfDocumentDate" order="DESC"/>

    <parameter name="hidden">ID,VersionSeries</parameter>

    <parameter name="LbEdfDocumentKindTitle.list">doc_kinds.DOCUMENTKINDS</parameter>
    <parameter name="LbEdfDocumentKindTitle.key">CODE</parameter>
    <parameter name="LbEdfDocumentKindTitle.view">NAME</parameter>

    <parameter name="LbEdfDocStatusTitle.list">statuses.statuses</parameter>
    <parameter name="LbEdfDocStatusTitle.key">id</parameter>
    <parameter name="LbEdfDocStatusTitle.view">incomingName</parameter>

    <filter	title="Ид.Версии" table="doc" column="VersionSeries" id="VersionSeries" operation="EQ" multivalue="false" hidden="true"/>
</query>