<?xml version="1.0" encoding="UTF-8" standalone="yes"?>
<parts>
    <options>
        <option id="show-linked-documents" title="Показать связанные документы"></option>
        <option id="reg-filter" type="REGISTRY" title="Печать на основе реестра из УС"></option>
        <option id="download-registry" title="Сформировать и выгрузить реестр по операции"></option>
        <option id="forward-enable-when" value-field="or( (this['reg-filter'] != null), this['userSelection'] == true )"></option>
    </options>

    <columns>
        <column title="Вид документа">
            <formatter for="@rootPrint">${LbEdfDocumentKindTitle_replaced}</formatter>
            <formatter for="linked-documents">${?TargetDocumentKind:-Нет данных}</formatter>
        </column>

        <column title="Номер документа">
            <formatter for="@rootPrint">${LbEdfDocumentNumber}</formatter>
            <formatter for="linked-documents">${LbEdfDocumentNumber}</formatter>
        </column>

        <column title="Дата документа">
            <formatter for="@rootPrint">${?LbEdfDocumentDate:date:dd.MM.yyy:-}</formatter>
            <formatter for="linked-documents">${?LbEdfDocumentDate:date:dd.MM.yyy:-}</formatter>
        </column>

        <column title="Статус документа">
            <formatter for="@rootPrint">${?LbEdfDocStatusTitle_replaced:-Нет данных}</formatter>
            <formatter for="linked-documents">${?LbEdfDocStatusTitle_replaced:-Нет данных}</formatter>
        </column>

        <column title="Штрихкод">
            <formatter for="@rootPrint">${?LbEdfBarcode}</formatter>
            <formatter for="linked-documents">${?LbEdfBarcode}</formatter>
        </column>
    </columns>

    <generate-registries>
        <generate-registry content-name="Реестр распечатанных документов.xls" active-when="O['download-registry']==true"
                           template-path="config:${rootdir}/metadata/bulk/print/template/register_print_template.xls"/>
    </generate-registries>

    <node>
        <filters>
            <filter name="reg-filter" from-option="reg-filter"/>
        </filters>
        <node id="linked-documents" title="Связанные документы"
              content-name="PrintForm:@{?VersionSeries}:@{?SourceSystemCode}:@{?LbEdfDocStatus}:@{?TargetDocId}"
              active-when="O['show-linked-documents']==true &amp;&amp; $['VersionSeries']!=empty"
              search="cesearch:alias:uzdo_links_search" filter="SourceDocumentVsid" filter-value="VersionSeries"
              jndi-content="ejb/${appName}-UzdoContentResolverServiceRemote">
        </node>
    </node>
</parts>