<?xml version="1.0" encoding="UTF-8" ?>
<content-service xmlns:st="http://blogic20.ru/2016/ConfigModuleUtils.xml"  clean="0 */5 * * * *">
    <content-storage default="true" class="ru.blogic20.gp.services.content.fs.FileSystemContentStorage">
        <parameter name="folder">/tmp/content</parameter>
    </content-storage>

    <content-storage key-match="(?&lt;KEY&gt;\w+:\{[A-Za-z0-9\-]+\}:\d+)" class="ru.blogic20.gp.services.content.filenet.FilenetContentStorage">
        <parameter name="uri"><st:property id="filenetEngine" default=""/></parameter>
        <parameter name="domain"><st:property id="filenetDomain" default=""/></parameter>
        <parameter name="objectstore"><st:property id="objectStore" default=""/></parameter>
    </content-storage>

    <converter to-mime-type="application/pdf" jndi-reference="java:module/PdfContentConverter">
        <from-mime type="application/pdf" />
        <parameter name="converter_uri"><st:property id="contentConverterUri" default=""/></parameter>
    </converter>

    <converter to-mime-type="application/pdf" jndi-reference="java:module/OutsideInContentConverter">
        <from-mime type="application/msword" />
        <from-mime type="application/vnd.openxmlformats-officedocument.wordprocessingml.document" />
        <parameter name="converter_uri"><st:property id="contentConverterUri" default=""/></parameter>
    </converter>

    <converter to-mime-type="application/pdf" jndi-reference="java:module/OutsideInContentConverter">
        <from-mime type="application/vnd.ms-excel" />
        <from-mime type="application/vnd.openxmlformats-officedocument.spreadsheetml.sheet" />
        <parameter name="converter_uri"><st:property id="contentConverterUri" default=""/></parameter>
    </converter>

    <converter to-mime-type="application/pdf" jndi-reference="java:module/OutsideInContentConverter">
        <from-mime type="text/xml"/>
        <parameter name="converter_uri"><st:property id="contentConverterUri" default=""/></parameter>
    </converter>
</content-service>