<?xml version="1.0" encoding="UTF-8" standalone="yes"?>
<!--
SELECT TOP 10 D.[Id] AS DocId, S.[Id]
FROM [LbEdfDocument] D INNER JOIN [LbEdfMainDocSignature] S ON S.[AnnotatedObject] = D.[This]
WHERE (D.[IsCurrentVersion] = True) AND (D.[ContentSize] IS NOT NULL) AND (S.[LbEdfVerificationResult] IS NULL)
-->
<query>
    <page-size>10</page-size>

    <where>(D.[IsCurrentVersion] = True) AND (D.[ContentSize] IS NOT NULL) AND (S.[LbEdfVerificationResult] IS NULL)</where>

    <table id="LbEdfDocument" alias="D"/>
    <table id="LbEdfMainDocSignature" alias="S"/>

    <table-join join="INNER" operation="EQ">
        <left table="D" column="This" />
        <right table="S" column="AnnotatedObject" />
    </table-join>

    <column table="D" id="This" type="OBJECT" hidden="true" />
    <column table="D" id="Id" alias="DocId" type="ID" hidden="true" />
    <column table="S" id="Id" type="ID" hidden="true" primary-key="true" />
    <column table="S" id="AnnotatedObject" type="OBJECT" hidden="true" />
</query>