<?xml version="1.0" encoding="UTF-8" ?>
<!-- Справочник видов документов УС -->
<data-source id="doc_kinds_accounting" class="ru.blogic20.gp.services.list.modules.sql.SqlModule" xmlns:st="http://blogic20.ru/2016/ConfigModuleUtils.xml">
    <jndi-reference name="ds"><st:property id="db2uri" default=""/></jndi-reference>
    <parameter name="tables">DOCUMENT_KINDS</parameter>
    <parameter name="DOCUMENT_KINDS.key">CODE</parameter>
    <parameter name="DOCUMENT_KINDS.columns">ID;CODE;MUZEDO_CODE;NAME;SYSTEM_CODE;CREATED_DATE;UPDATED_DATE</parameter>
    <parameter name="DOCUMENT_KINDS.create">CREATED_DATE</parameter>
    <parameter name="DOCUMENT_KINDS.modify">UPDATED_DATE</parameter>
</data-source>