<?xml version="1.0" encoding="UTF-8" standalone="yes"?>
<!--
SELECT D.[Id] AS DocId, S.[Id], S.[LbEdfVersionNumber]
FROM [LbEdfDocument] D INNER JOIN [LbEdfMainDocSignature] S ON S.[AnnotatedObject] = D.[This]
WHERE (D.[VersionSeries] = ?) AND (D.[IsCurrentVersion] = True)
ORDER BY S.[LbEdfVersionNumber] ASC
-->
<query>
    <where>(D.[IsCurrentVersion] = True)</where>

    <table id="LbEdfDocument" alias="D"/>
    <table id="LbEdfMainDocSignature" alias="S"/>

    <table-join join="INNER" operation="EQ">
        <left table="D" column="This" />
        <right table="S" column="AnnotatedObject" />
    </table-join>

    <column table="D" id="This" type="OBJECT" hidden="true" />
    <column table="D" id="Id" alias="DocId" type="ID" hidden="true" />
    <column table="D" id="VersionSeries" type="ID" hidden="true" />
    <column table="S" id="Id" type="ID" hidden="true" primary-key="true" />
    <column table="S" id="AnnotatedObject" type="OBJECT" hidden="true" />
    <column table="S" id="LbEdfVersionNumber" type="INTEGER" hidden="true" />
    <column table="S" id="LbEdfDocumentSigner" type="STRING" hidden="true" />

    <sort-rule table="S" column="LbEdfVersionNumber" order="ASC" />

    <filter table="D" column="DocId" id="DocId" operation="EQ" hidden="true" />
    <filter table="D" column="VersionSeries" id="VersionSeries" operation="EQ" hidden="true" />
    <filter table="S" column="Id" id="SignatureId" operation="EQ" hidden="true" />
</query>