<?xml version="1.0" encoding="UTF-8" standalone="yes"?>
<query>
    <page-size>100</page-size>

	<table id="contractors.CONTRACTORS" alias="list"/>

	<column	title="Код"					table="list"	id="REMOTE_KEY"			type="STRING"	hidden="true" primary-key="true"/>
	<column	title="Контрагент"			table="list"	id="SHORT_NAME"			type="STRING" 	hidden="false"/>
	<column	title="ИНН контрагента"		table="list"	id="INN"				type="STRING" 	hidden="false"/>
	<column	title="КПП контрагента"		table="list"	id="KPP"				type="STRING" 	hidden="false"/>
	<column	title="Тип контрагента"		table="list"	id="CONTRACTOR_TYPE"	type="STRING"	hidden="false"/>
	<column	title="Статус контрагента"	table="list"	id="STATUS"				type="STRING"	hidden="false" sortable="false"/>

	<sort-rule table="list" column="SHORT_NAME" order="ASC"/>

	<parameter name="STATUS.list">contractor_statuses.statuses</parameter>
	<parameter name="STATUS.key">id</parameter>
	<parameter name="STATUS.view">name</parameter>

	<filter title="Код"					table="list"	column="REMOTE_KEY"			id="REMOTE_KEY"			operation="EQ"		multivalue="false" hidden="true" />
	<filter title="Контрагент"			table="list"	column="SHORT_NAME"			id="SHORT_NAME"			operation="LIKE"	multivalue="false"/>
	<filter	title="ИНН контрагента"		table="list"	column="INN"				id="INN"				operation="LIKE"	multivalue="false"/>
	<filter	title="КПП контрагента"		table="list"	column="KPP"				id="KPP"				operation="LIKE"	multivalue="false"/>
	<filter	title="Тип контрагента"		table="list"	column="CONTRACTOR_TYPE"	id="CONTRACTOR_TYPE"	operation="LIKE"	multivalue="false"/>
	<filter	title="Статус контрагента"	table="list"	column="STATUS"				id="STATUS"				operation="EQ"		multivalue="false"/>

</query>
