<?xml version="1.0" encoding="UTF-8" ?>
<model id="TnDocument" extend="Document" xmlns:st="http://blogic20.ru/2016/ConfigModuleUtils.xml">
    <string id="LbEdfDocumentNumber"    title="Номер документа" max-length="1000"/>
    <date   id="LbEdfDocumentDate"      title="Дата документа"/>

    <string id="ExternalLinkMuzedo" title="Ссылка на карточку документа" virtual="true" />

    <processor id="DefaultSaveProcessor" stage="MANUAL"/>

    <processor id="FieldDependencyProcessor" stage="AFTER" operation="GET">
        <filter-expression> <![CDATA[ present("ExternalLinkMuzedo") ]]> </filter-expression>
        <config>
            <field name="ExternalLinkMuzedo">
                "http://<st:property id="appHost" default=""/>/<st:property id="appName" default=""/>/#/document/Document/" +
                java.net.URLEncoder.encode(bo.getVersionableId(), "UTF-8")
            </field>
        </config>
    </processor>

    <security-templates>
        <security-template id="DEFAULT">
            <add-rule rule="READ" allowed-roles="Пользователь"/>
            <add-rule for="*" rule="READ" allowed-roles="Пользователь" />
        </security-template>
    </security-templates>
</model>
