<?xml version="1.0" encoding="UTF-8" ?>
<data-source id="sign_service_endpoints" class="ru.blogic20.gp.services.list.modules.sql.SqlModule" xmlns:st="http://blogic20.ru/2016/ConfigModuleUtils.xml">
    <jndi-reference name="ds"><st:property id="db2uri" default=""/></jndi-reference>
    <parameter name="tables">SIGN_SERVICE_ENDPOINTS</parameter>
    <parameter name="SIGN_SERVICE_ENDPOINTS.key">ID</parameter>
    <parameter name="SIGN_SERVICE_ENDPOINTS.columns">ID;LOGIN;PASSWORD;
        ENDPOINT;SIGN_CERT_ID;DECRYPT_CERT_ID;ACTIVE</parameter>
    <parameter name="SIGN_SERVICE_ENDPOINTS.modify">MODIFY</parameter>
    <parameter name="SIGN_SERVICE_ENDPOINTS.create">CREATE</parameter>
</data-source>