<?xml version="1.0" encoding="UTF-8"?>
<node-template id="journals" title="Журналы" allowed-roles="Журналы.РегистрацияЭД,Журналы.Интеграция">
    <view module="MessageModule">
        <parameter name="message">Нет данных для отображения</parameter>
    </view>

    <node-template id="register_journal" title="Журнал регистрации ЭД" allowed-roles="Журналы.РегистрацияЭД">
        <view module="DocumentsSearch">
            <parameter name="ds">sqlsearch</parameter>
            <parameter name="query">alias/register_journal</parameter>
            <parameter name="toolbar">register-journal-basket-actions</parameter>
            <parameter name="filter">
                <parameter name="byDateGE">year()</parameter>
            </parameter>
        </view>
    </node-template>

    <node-template id="integration_journals" title="Журналы интеграции" allowed-roles="Журналы.Интеграция">
        <view module="MessageModule">
            <parameter name="message">Нет данных для отображения</parameter>
        </view>

        <node-template id="ehd_journal" title="КИС ЭХД">
            <view module="DocumentsSearch">
                <parameter name="ds">sqlsearch</parameter>
                <parameter name="query">alias/ehd_journal</parameter>
                <parameter name="toolbar">_default-journal-basket-actions</parameter>
            </view>
        </node-template>

        <node-template id="nsi_journal" title="АСУ-НСИ">
            <view module="DocumentsSearch">
                <parameter name="ds">sqlsearch</parameter>
                <parameter name="query">alias/nsi_journal</parameter>
                <parameter name="toolbar">no-card-journal-basket-actions</parameter>
            </view>
        </node-template>

        <node-template id="ksdd_journal" title="КСДД">
            <view module="DocumentsSearch">
                <parameter name="ds">sqlsearch</parameter>
                <parameter name="query">alias/ksdd_journal</parameter>
                <parameter name="toolbar">_default-journal-basket-actions</parameter>
            </view>
        </node-template>

        <node-template id="us_journal" title="УС">
            <view module="DocumentsSearch">
                <parameter name="ds">sqlsearch</parameter>
                <parameter name="query">alias/us_journal</parameter>
                <parameter name="toolbar">_default-journal-basket-actions</parameter>
            </view>
        </node-template>

        <node-template id="sign_journal" title="УЦ">
            <view module="DocumentsSearch">
                <parameter name="ds">sqlsearch</parameter>
                <parameter name="query">alias/sign_journal</parameter>
                <parameter name="toolbar">sign-journal-basket-actions</parameter>
            </view>
        </node-template>

        <node-template id="sign_service_journal" title="ЕИC Коннектор АСУ Закупки">
            <view module="DocumentsSearch">
                <parameter name="ds">sqlsearch</parameter>
                <parameter name="query">alias/sign_service_journal</parameter>
                <parameter name="toolbar">no-card-journal-basket-actions</parameter>
            </view>
        </node-template>

        <node-template id="operators_journal" title="Оператор">
            <view module="DocumentsSearch">
                <parameter name="ds">sqlsearch</parameter>
                <parameter name="query">alias/operators_journal</parameter>
                <parameter name="toolbar">no-card-journal-basket-actions</parameter>
            </view>
        </node-template>
    </node-template>

    <node-template id="scheduleModule" title="Задания по расписанию" allowed-roles="Журналы.ЗаданияПоРасписанию">
        <view module="ScheduleModule"/>
    </node-template>

</node-template>