<?xml version="1.0" encoding="UTF-8" ?>
<linked-systems xmlns:st="http://blogic20.ru/2016/ConfigModuleUtils.xml">
    <accountings>
        <accounting code="${accounting.principal.code}" uzdoCode="${accounting.uzdo.code}" primary="true"
                    ehd="${ehd.principal.code}" type="${accounting.principal.type}">
            <documentLink><st:property id="accounting.principal.documentLink" default=""/></documentLink>
            <accountingService>
                <endpoint><st:property id="accounting.principal.url" default=""/></endpoint>
                <login><st:property id="accounting.principal.login" default=""/></login>
                <password><st:property id="accounting.principal.password" default=""/></password>
                <connectionTimeout>10000</connectionTimeout>
                <requestTimeout>10000</requestTimeout>
            </accountingService>
        </accounting>
        <accounting code="${accounting.agent.code}" uzdoCode="${accounting.uzdo.code}" ehd="${ehd.agent.code}"
                    type="${accounting.agent.type}">
            <documentLink><st:property id="accounting.agent.documentLink" default=""/></documentLink>
            <accountingService>
                <endpoint><st:property id="accounting.agent.url" default=""/></endpoint>
                <login><st:property id="accounting.agent.login" default=""/></login>
                <password><st:property id="accounting.agent.password" default=""/></password>
                <connectionTimeout>10000</connectionTimeout>
                <requestTimeout>10000</requestTimeout>
            </accountingService>
        </accounting>
    </accountings>
    <ehds>
        <ehd code="${ehd.principal.code}" uzdoCode="${ehd.uzdo.code}" primary="true">
            <documentLink><st:property id="ehd.principal.documentLink" default=""/></documentLink>
            <contractLink><st:property id="ehd.principal.contractLink" default=""/></contractLink>
			<packageLink><st:property id="ehd.principal.packageLink" default=""/></packageLink>
            <packTransferService>
                <endpoint><st:property id="ehd.principal.packTransferService.url" default=""/></endpoint>
                <login><st:property id="ehd.principal.ws.login" default=""/></login>
                <password><st:property id="ehd.principal.ws.password" default=""/></password>
                <connectionTimeout>10000</connectionTimeout>
                <requestTimeout>10000</requestTimeout>
            </packTransferService>
            <uzdoExternalService>
                <endpoint><st:property id="ehd.principal.uzdoExternalService.url" default=""/></endpoint>
                <login><st:property id="ehd.principal.ws.login" default=""/></login>
                <password><st:property id="ehd.principal.ws.password" default=""/></password>
                <connectionTimeout>10000</connectionTimeout>
                <requestTimeout>10000</requestTimeout>
            </uzdoExternalService>
            <icc>
                <host><st:property id="ehd.principal.icc.host" default=""/></host>
                <share><st:property id="ehd.principal.icc.share" default=""/></share>
                <folder><st:property id="ehd.principal.icc.folder" default=""/></folder>
                <userdomain><st:property id="ehd.principal.icc.domain" default=""/></userdomain>
                <username><st:property id="ehd.principal.icc.login" default=""/></username>
                <password><st:property id="ehd.principal.icc.password" default=""/></password>
            </icc>
        </ehd>
        <ehd code="${ehd.agent.code}" uzdoCode="${ehd.uzdo.code}">
            <documentLink><st:property id="ehd.agent.documentLink" default=""/></documentLink>
            <contractLink><st:property id="ehd.agent.contractLink" default=""/></contractLink>
			<packageLink><st:property id="ehd.agent.packageLink" default=""/></packageLink>
            <packTransferService>
                <endpoint><st:property id="ehd.agent.packTransferService.url" default=""/></endpoint>
                <login><st:property id="ehd.agent.ws.login" default=""/></login>
                <password><st:property id="ehd.agent.ws.password" default=""/></password>
                <connectionTimeout>10000</connectionTimeout>
                <requestTimeout>10000</requestTimeout>
            </packTransferService>
            <uzdoExternalService>
                <endpoint><st:property id="ehd.agent.uzdoExternalService.url" default=""/></endpoint>
                <login><st:property id="ehd.agent.ws.login" default=""/></login>
                <password><st:property id="ehd.agent.ws.password" default=""/></password>
                <connectionTimeout>10000</connectionTimeout>
                <requestTimeout>10000</requestTimeout>
            </uzdoExternalService>
            <icc>
                <host><st:property id="ehd.agent.icc.host" default=""/></host>
                <share><st:property id="ehd.agent.icc.share" default=""/></share>
                <folder><st:property id="ehd.agent.icc.folder" default=""/></folder>
                <userdomain><st:property id="ehd.agent.icc.domain" default=""/></userdomain>
                <username><st:property id="ehd.agent.icc.login" default=""/></username>
                <password><st:property id="ehd.agent.icc.password" default=""/></password>
            </icc>
        </ehd>
    </ehds>
    <seds>
        <sed code="${sed.principal.code}" uzdoCode="${sed.uzdo.code}" receiver="${sed.principal.receiver}">
            <documentLink><st:property id="sed.principal.documentLink" default=""/></documentLink>
            <userDomain><st:property id="sed.principal.domain" default=""/></userDomain>
        </sed>
        <sed code="${sed.agent.code}" uzdoCode="${sed.uzdo.code}" receiver="${sed.agent.receiver}">
            <documentLink><st:property id="sed.agent.documentLink" default=""/></documentLink>
            <userDomain><st:property id="sed.agent.domain" default=""/></userDomain>
        </sed>
    </seds>
    <muzedos>
        <muzedo id="${muzedo.agent1.id}" code="${muzedo.agent1.code}" uzdoCode="${muzedo.uzdo.code}">
            <documentLink><st:property id="muzedo.agent1.documentLink" default=""/></documentLink>
            <webService>
                <endpoint><st:property id="muzedo.agent1.url" default=""/></endpoint>
                <login><st:property id="muzedo.agent1.login" default=""/></login>
                <password><st:property id="muzedo.agent1.password" default=""/></password>
                <connectionTimeout>10000</connectionTimeout>
                <requestTimeout>10000</requestTimeout>
            </webService>
        </muzedo>
    </muzedos>
</linked-systems>