<?xml version="1.0" encoding="UTF-8" ?>
<model id="Document" primary-key="Id" name-key="DocumentTitle" system="true" dao="CeDao" versionable="true" has-content="true" search-ds="cesearch">
    <guid id="Id" title="Идентификатор документа"/>
    <guid id="VersionSeries" title="Последовательность версий"/>
    <date id="DateCreated"      title="Системное.Дата создания"/>
    <date id="DateLastModified" title="Системное.Дата изменения"/>
    <string id="DocumentTitle" title="Заголовок документа"/>
    <boolean id="IsCurrentVersion" title="Признак текущей версии"/>

    <guid	id="FoldersFiledIn"			title="Папки размещения"   collection="true"/>
    <object	id="SecurityFolder"			title="Папка безопасности" model="Folder" />

    <object id="Permissions" virtual="true"/>
    <integer id="usn"        virtual="true"/>

    <processor id="DefaultSaveProcessor" stage="MANUAL"/>

    <security-templates>
        <security-template id="DEFAULT">
            <set-rule rule="READ" allowed-roles="Пользователь"/>
            <add-rule rule="READ"         allowed-roles="Пользователь"/>
            <set-rule for="*" rule="READ" allowed-roles="Пользователь"/>
        </security-template>
    </security-templates>
</model>
