<?xml version="1.0" encoding="UTF-8" standalone="yes"?>
<query xmlns:st="http://blogic20.ru/2016/ConfigModuleUtils.xml">
    <page-size>100</page-size>

    <table id="GP_JOURNAL" alias="journal"/>

    <!-- TODO Исправить структуру хранения информации: атрибуты "Направление документа", "Контрагент" и "Комментарий" следует хранить в семантически соответствующих полях таблицы. -->
    <column title="Идентификатор"            table="journal" id="ID"          type="LONG"   hidden="true" primary-key="true"/>
    <column title="Тип журнала"              table="journal" id="SYSTEM"      type="STRING" hidden="true"/>
    <column title="Направление документа"    table="journal" id="EVENT_TYPE"  type="STRING" hidden="false"/>
    <column title="Дата и время регистрации" table="journal" id="CREATED"     type="DATE"   hidden="false"/>
    <column title="Контрагент"               table="journal" id="MESSAGE"     type="STRING" hidden="false" sortable="false"/>
    <column title="Штрихкод"                 table="journal" id="OBJECT_ID"   type="STRING" hidden="false"/>
    <column title="Вид документа"            table="journal" id="OBJECT_TYPE" type="STRING" hidden="false" sortable="false"/>
    <column title="Комментарий"              table="journal" id="OBJECT_NAME" type="STRING" hidden="false" sortable="false" alias="COMMENT" hide-filter="true" />

    <sort-rule table="journal" column="CREATED" order="DESC"/>

    <parameter name="hidden">ID,SYSTEM</parameter>

    <parameter name="CREATED.format">dd.MM.yyyy HH:mm:ss</parameter>

    <parameter name="MESSAGE.list">contractors.CONTRACTORS</parameter>
    <parameter name="MESSAGE.key">REMOTE_KEY</parameter>
    <parameter name="MESSAGE.view">SHORT_NAME</parameter>

    <parameter name="OBJECT_TYPE.list">doc_kinds.DOCUMENTKINDS</parameter>
    <parameter name="OBJECT_TYPE.key">CODE</parameter>
    <parameter name="OBJECT_TYPE.view">NAME</parameter>

    <parameter name="COMMENT.presentation">this.COMMENT &amp;&amp; this.COMMENT.startsWith('COMMENT:') ? this.COMMENT.substring(8) : ''</parameter>

    <filter title="Тип журнала"              table="journal" column="SYSTEM"      id="SYSTEM"      operation="EQ"       multivalue="false" hidden="true">REGISTER</filter>
    <filter title="Направление документа"    table="journal" column="EVENT_TYPE"  id="EVENT_TYPE"  operation="EQ"       multivalue="false"/>
    <filter title="Дата и время регистрации" table="journal" column="CREATED"     id="CREATED"     operation="INTERVAL" multivalue="false"/>
    <filter title="Контрагент"               table="journal" column="MESSAGE"     id="MESSAGE"     operation="EQ"       multivalue="false"/>
    <filter title="Штрихкод"                 table="journal" column="OBJECT_ID"   id="OBJECT_ID"   operation="STARTS"   multivalue="false"/>
    <filter title="Вид документа"            table="journal" column="OBJECT_TYPE" id="OBJECT_TYPE" operation="EQ"       multivalue="false"/>
    <filter title="Дата и время регистрации" table="journal" column="CREATED"     id="byDateGE"    operation="GE"       multivalue="false" hidden="true"/>
    <filter title="Дата и время регистрации" table="journal" column="CREATED"     id="byDateLT"    operation="LT"       multivalue="false" hidden="true"/>
</query>
