<?xml version="1.0" encoding="UTF-8" standalone="yes"?>
<departments>
    <!-- Конфигурация отделов. По отдельной секции на каждый отдел.
        department.name - Отображаемое имя отдела в МЮЗЭДО.
        department.rnu - Код РНУ отдела.
        department.group - DN группы в AD.
        department.folder - Папка относительно корня в файлнете для складывания документов и управления правами доступа.
    -->
    <department name="МЮЗЭДО ТСД1 АУП Тестовый отдел1" rnu="200"
                accounting="${accounting.principal.code}"
                ehd="${ehd.principal.code}"
                sed="${sed.principal.code}">
        <group>CN=МЮЗЭДО ТСД1 АУП Тестовый отдел1,OU=Groups,OU=MUZEDO,OU=KIS_users,DC=tn,DC=fntst,DC=ru</group>
        <folder>/Отделы/МЮЗЭДО ТСД1 АУП Тестовый отдел1</folder>
    </department>
    <department name="МЮЗЭДО ТСД1 АУП Тестовый отдел2" rnu="200"
                accounting="${accounting.principal.code}"
                ehd="${ehd.principal.code}"
                sed="${sed.principal.code}">
        <group>CN=МЮЗЭДО ТСД1 АУП Тестовый отдел2,OU=Groups,OU=MUZEDO,OU=KIS_users,DC=tn,DC=fntst,DC=ru</group>
        <folder>/Отделы/МЮЗЭДО ТСД1 АУП Тестовый отдел2</folder>
    </department>
    <department name="МЮЗЭДО ТСД1 ТНУ Тестовый отдел1" rnu="201"
                accounting="${accounting.principal.code}"
                ehd="${ehd.principal.code}"
                sed="${sed.principal.code}">
        <group>CN=МЮЗЭДО ТСД1 ТНУ Тестовый отдел1,OU=Groups,OU=MUZEDO,OU=KIS_users,DC=tn,DC=fntst,DC=ru</group>
        <folder>/Отделы/МЮЗЭДО ТСД1 ТНУ Тестовый отдел1</folder>
    </department>
    <department name="МЮЗЭДО ТСД1 ТНУ Тестовый отдел2" rnu="201"
                accounting="${accounting.principal.code}"
                ehd="${ehd.principal.code}"
                sed="${sed.principal.code}">
        <group>CN=МЮЗЭДО ТСД1 ТНУ Тестовый отдел2,OU=Groups,OU=MUZEDO,OU=KIS_users,DC=tn,DC=fntst,DC=ru</group>
        <folder>/Отделы/МЮЗЭДО ТСД1 ТНУ Тестовый отдел2</folder>
    </department>
    <department name="МЮЗЭДО Логистика2 ААУП Тестовый отдел1" rnu="222"
                accounting="${accounting.agent.code}"
                ehd="${ehd.agent.code}"
                sed="${sed.agent.code}"
                systemCode="${muzedo.agent.code}">
        <group>CN=МЮЗЭДО Логистика2 ААУП Тестовый отдел1,OU=Groups,OU=MUZEDO,OU=KIS_users,DC=tn,DC=fntst,DC=ru</group>
        <folder>/Отделы/МЮЗЭДО Логистика2 ААУП Тестовый отдел1</folder>
    </department>
</departments>