<?xml version="1.0" encoding="UTF-8" standalone="yes"?>
<query>
    <page-size>200</page-size>

    <table id="doc_history_events.DOC_HISTORY_EVENTS_LOG" alias="list"/>
    
    <column table="list" id="ID" title="Ид" type="INTEGER" hidden="false" primary-key="true"/>
    <column table="list" id="VSID" title="Документ" type="ID" hidden="false"/>
    <column table="list" id="EVENT_CODE" title="Событие" type="STRING" hidden="false"/>
    <column table="list" id="EVENT_DATE" title="Дата и время" type="DATE" hidden="false"/>
    <column table="list" id="USERNAME" title="Пользователь" type="STRING" hidden="false"/>
    <column table="list" id="COMMENT" title="Комментарий" type="STRING" hidden="false"/>
            
    <filter id="byVsid" table="list" column="VSID"  operation="EQ" multivalue="false"></filter> 

    <parameter name="EVENT_CODE.list">doceventtypes.doceventtypes</parameter>
    <parameter name="EVENT_CODE.key">code</parameter>
    <parameter name="EVENT_CODE.view">name</parameter>

    <parameter name="USERNAME.list">ad_users.Users</parameter>
    <parameter name="USERNAME.key">userPrincipalName</parameter>
    <parameter name="USERNAME.view">displayName</parameter>
                
	<sort-rule table="list" column="EVENT_DATE" order="ASC"/>
</query>