<?xml version="1.0" encoding="UTF-8" ?>
<!-- Подпись УЦ. DssSignature -->
<data-source id="dss_signatures" class="ru.blogic20.gp.services.list.modules.ce.CeModule" xmlns:st="http://blogic20.ru/2016/ConfigModuleUtils.xml">
    <parameter name="ce_uri"><st:property id="filenetEngine" default=""/></parameter>
    <parameter name="domain"><st:property id="filenetDomain" default=""/></parameter>
    <parameter name="os"><st:property id="objectStore" default=""/></parameter>
    <parameter name="user"><st:property id="filenetUser" default=""/></parameter>
    <parameter name="password"><st:property id="filenetPassword" default=""/></parameter>
    <parameter name="tables">DssSignature</parameter>

    <parameter name="DssSignature.key">Id</parameter>
    <parameter name="DssSignature.columns">Id;DssRequestId;DssError;DateCreated;DateLastModified</parameter>
    <parameter name="DssSignature.create">DateCreated</parameter>
    <parameter name="DssSignature.modify">DateLastModified</parameter>
</data-source>