<?xml version="1.0" encoding="UTF-8" standalone="yes"?>
<query xmlns:st="http://blogic20.ru/2016/ConfigModuleUtils.xml">
    <page-size>50</page-size>

    <table id="LbEdfPrimaryDocument"                        alias="doc"/>
    <table id="DynamicReferentialContainmentRelationship"   alias="refer"/>
    <table id="ArchiveFolder"                               alias="folder"/>

    <table-join join="INNER" operation="EQ">
        <left   table="doc"     column="ID"/>
        <right  table="refer"   column="Head"/>
    </table-join>
    <table-join join="INNER" operation="EQ">
        <left   table="refer"   column="Tail"/>
        <right  table="folder"  column="ID"/>
    </table-join>

    <column title="Идентификатор"                   table="doc"     id="ID"                     type="ID"       hidden="true" primary-key="true"/>
    <column title="Ид.Версии"                       table="doc"     id="VersionSeries"          type="ID"       hidden="true"/>
    <column title="Дата документа"                  table="doc"     id="LbEdfDocumentDate"      type="DATE"     hidden="false"/>
    <column title="Номер документа"                 table="doc"     id="LbEdfDocumentNumber"    type="STRING"   hidden="false"/>
    <column title="Код вида документа"              table="doc"     id="LbEdfDocumentKind"      type="STRING"   hidden="true"/>
    <column title="Код типа документа"              table="doc"     id="LbEdfDocType"           type="STRING"   hidden="true"/>
    <column title="Вид документа"                   table="doc"     id="LbEdfDocumentKind"      type="STRING"   hidden="false" alias="LbEdfDocumentKindTitle" sortable="false"/>
    <column title="Штрихкод"                        table="doc"     id="LbEdfBarcode"           type="STRING"   hidden="false"/>
    <column title="Входящий"                        table="doc"     id="LbEdfIsDocIncomming"    type="BOOLEAN"  hidden="true"/>
    <column title="Контрагент"                      table="doc"     id="LbEdfContragentName"    type="STRING"   hidden="true"/>
    <column title="Код статуса документа"           table="doc"     id="LbEdfDocStatus"         type="STRING"   hidden="true"/>
    <column title="Статус документа"                table="doc"     id="LbEdfDocStatus"         type="STRING"   hidden="false" alias="LbEdfDocStatusTitle" sortable="false"/>
    <column title="Код договора"                    table="doc"     id="LbEdfContractCode"      type="STRING"   hidden="true"/>
    <column title="Статус контрагента"              table="doc"     id="LbEdfContractorStatus"  type="STRING"   hidden="true"/>
    <column title="Сумма документа"                 table="doc"     id="LbEdfSumma"             type="DOUBLE"   hidden="true"/>
    <column title="Куратор договора"                table="doc"     id="LbEdfCurator"           type="STRING"   hidden="true"/>
    <column title="Дата и время создания документа" table="doc"     id="LbEdfCreateDate"        type="DATE"     hidden="true"/>
    <column title="Дата и время регистрации"        table="doc"     id="LbEdfRegisterDate"      type="DATE"     hidden="true"/>
    <column title="Подписант"                       table="doc"     id="LbEdfDocumentSigner"    type="STRING"   hidden="true"/>
    <column title="Номер договора"                  table="doc"     id="LbEdfContractNumber"    type="STRING"   hidden="true"/>
    <column title="Дата договора"                   table="doc"     id="LbEdfContractDate"      type="DATE"     hidden="true"/>
    <column title="ИНН контрагента"                 table="doc"     id="LbEdfContragentINN"     type="STRING"   hidden="true"/>
    <column title="КПП контрагента"                 table="doc"     id="LbEdfContragentKPP"     type="STRING"   hidden="true"/>
    <column title="Признак отображения контентных вкладок в карточке документа"
                                                    table="doc"     id="ShowContentTabs"        type="BOOLEAN"  hidden="true"/>


    <column title="Идентификатор"       table="folder"  id="ID"                     type="ID"       hidden="true" alias="folderId"/>
    <column title="Имя архивной папки"  table="folder"  id="ArchiveFolderName"      type="STRING"   hidden="false"/>

    <column title="Tail"                table="refer"   id="Tail"                   type="OBJECT"   hidden="true"/>
    <column title="Head"                table="refer"   id="Head"                   type="OBJECT"   hidden="true"/>

    <sort-rule table="doc" column="LbEdfDocumentDate"   order="ASC"/>
    <sort-rule table="doc" column="LbEdfDocumentNumber" order="ASC"/>

    <parameter name="hidden">ID,folderId,VersionSeries,LbEdfDocType,LbEdfSumma,LbEdfCurator,LbEdfCreateDate,LbEdfRegisterDate,LbEdfDocumentSigner,LbEdfContractNumber,LbEdfContractDate,LbEdfContragentINN,LbEdfContragentKPP,ShowContentTabs</parameter>

    <parameter name="LbEdfDocumentDate.format">dd.MM.yyyy</parameter>

    <parameter name="LbEdfDocumentKindTitle.list">doc_kinds.DOCUMENTKINDS</parameter>
    <parameter name="LbEdfDocumentKindTitle.key">CODE</parameter>
    <parameter name="LbEdfDocumentKindTitle.view">NAME</parameter>

    <parameter name="LbEdfDocStatusTitle.list">statuses.statuses</parameter>
    <parameter name="LbEdfDocStatusTitle.key">id</parameter>
    <parameter name="LbEdfDocStatusTitle.view">outgoingName</parameter>

    <filter title="Дата документа"          table="doc"     column="LbEdfDocumentDate"      id="LbEdfDocumentDate"      operation="INTERVAL"    multivalue="false"/>
    <filter title="Номер документа"         table="doc"     column="LbEdfDocumentNumber"    id="LbEdfDocumentNumber"    operation="LIKE"        multivalue="false"/>
    <filter title="Вид документа"           table="doc"     column="LbEdfDocumentKindTitle" id="LbEdfDocumentKindTitle" operation="EQ"          multivalue="false"/>
    <filter title="Штрихкод"                table="doc"     column="LbEdfBarcode"           id="LbEdfBarcode"           operation="LIKE"        multivalue="false"/>
    <filter title="Статус документа"        table="doc"     column="LbEdfDocStatusTitle"    id="LbEdfDocStatusTitle"    operation="EQ"          multivalue="false"/>
    <filter title="Имя архивной папки"      table="folder"  column="ArchiveFolderName"      id="ArchiveFolderName"      operation="LIKE"        multivalue="false"/>

    <filter title="Идентификатор"           table="folder"  column="ID"                     id="byId"                   operation="EQ"          multivalue="false" hidden="true"/>
</query>