<?xml version="1.0" encoding="UTF-8" standalone="yes"?>
<query>
    <page-size>1</page-size>

    <table id="LbEdfSignature" alias="S"/>

    <column table="S" id="Id" type="ID" hidden="true" primary-key="true" />
    <column table="S" id="AnnotatedObject" type="ID" hidden="true" />
    <column table="S" id="LbEdfVersionNumber" type="INTEGER" hidden="true" />

    <sort-rule table="S" column="LbEdfVersionNumber" order="DESC" />

    <filter table="S" column="AnnotatedObject" id="ObjId" operation="EQ" hidden="true" />
</query>