<?xml version="1.0" encoding="UTF-8" ?>
<!-- Справочник подписантов -->
<data-source id="operators" class="ru.blogic20.gp.services.list.modules.xml.XmlModule" xmlns:st="http://blogic20.ru/2016/ConfigModuleUtils.xml">
    <parameter name="tables">operators</parameter>
    <parameter name="uri"><st:property id="rootdir" default=""/><st:property id="uzdodir" default=""/>/operators.xml</parameter>
    <parameter name="operators.tag">operator</parameter>
    <parameter name="operators.key">code</parameter>
    <parameter name="operators.xpath_key">@code</parameter>
    <parameter name="operators.key_value">@code='$condition'</parameter>
    <parameter name="operators.columns">code;name;create;agreements-enabled;</parameter>
    <parameter name="operators.xpath_columns">@code;@name;@create;@agreements-enabled;</parameter>
    <parameter name="operators.modify">MODIFY</parameter>
    <parameter name="operators.create">CREATE</parameter>
</data-source>