<?xml version="1.0" encoding="UTF-8" standalone="yes"?>
<query>
    <page-size>100</page-size>

	<table id="documents_accounting_remote.DOCUMENTS" alias="doc"/>

	<column	title="Идентификатор"	table="doc"	id="DOCUMENT_ACCOUNTING_ID"	type="ID"		hidden="true" primary-key="true"/>
	<column	title="Контрагент"		table="doc"	id="CONTRAGENT_ID"	        type="STRING"	hidden="false" sortable="false"/>
	<column	title="Вид документа"	table="doc"	id="DOCUMENT_KIND"			type="STRING" 	hidden="false"/>
	<column	title="Дата документа"	table="doc"	id="DOCUMENT_DATE"			type="DATE" 	hidden="false"/>
	<column	title="Номер документа"	table="doc"	id="DOCUMENT_NUMBER"		type="STRING"	hidden="false"/>
	<column	title="Сумма документа"	table="doc"	id="DOCUMENT_SUMMA_TOTAL"   type="STRING"	hidden="false"/>

	<sort-rule table="doc" column="DOCUMENT_SUMMA_TOTAL" order="ASC"/>

	<parameter name="hidden">DOCUMENT_ACCOUNTING_ID</parameter>

	<parameter name="DOCUMENT_DATE.format">dd.MM.yyyy</parameter>

    <parameter name="CONTRAGENT_ID.list">contractors.CONTRACTORS</parameter>
    <parameter name="CONTRAGENT_ID.key">REMOTE_KEY</parameter>
    <parameter name="CONTRAGENT_ID.view">SHORT_NAME</parameter>

	<filter	title="Контрагент"		table="doc"	column="CONTRAGENT_ID"	    	id="CONTRAGENT_ID"	    	operation="EQ"	multivalue="false" />
	<filter	title="Вид документа"	table="doc"	column="DOCUMENT_KIND"			id="DOCUMENT_KIND"			operation="EQ"	multivalue="false" />
	<filter	title="Дата документа"	table="doc"	column="DOCUMENT_DATE"			id="DOCUMENT_DATE"			operation="EQ"	multivalue="false" />
	<filter	title="Номер документа"	table="doc"	column="DOCUMENT_NUMBER"		id="DOCUMENT_NUMBER"		operation="EQ"	multivalue="false" />
	<filter	title="Сумма документа"	table="doc"	column="DOCUMENT_SUMMA_TOTAL"	id="DOCUMENT_SUMMA_TOTAL"	operation="EQ"	multivalue="false" />
</query>
