<?xml version="1.0" encoding="UTF-8" ?>
<!-- Связанный подтверждающий документ -->
<data-source id="tn_documents" class="ru.blogic20.gp.services.list.modules.ce.CeModule" xmlns:st="http://blogic20.ru/2016/ConfigModuleUtils.xml">
    <parameter name="ce_uri"><st:property id="filenetEngine" default=""/></parameter>
    <parameter name="domain"><st:property id="filenetDomain" default=""/></parameter>
    <parameter name="os"><st:property id="objectStore" default=""/></parameter>
    <parameter name="user"><st:property id="filenetUser" default=""/></parameter>
    <parameter name="password"><st:property id="filenetPassword" default=""/></parameter>
    <parameter name="tables">TnDocument</parameter>

    <parameter name="TnDocument.key">Id</parameter>
    <parameter name="TnDocument.columns">Id;VersionSeries;IsCurrentVersion;DateCreated;DateLastModified;LbEdfBarcode</parameter>
    <parameter name="TnDocument.create">DateCreated</parameter>
    <parameter name="TnDocument.modify">DateLastModified</parameter>
</data-source>