<?xml version="1.0" encoding="UTF-8" ?>
<!-- Справочник ящиков контрагентов у операторов ЭДО -->
<data-source id="contractor_operators" class="ru.blogic20.gp.services.list.modules.sql.SqlModule"
             xmlns:st="http://blogic20.ru/2016/ConfigModuleUtils.xml">
    <jndi-reference name="ds"><st:property id="db2uri" default=""/></jndi-reference>
    <parameter name="tables">CONTRACTOR_OPERATORS</parameter>
    <parameter name="CONTRACTOR_OPERATORS.key">ID</parameter>
    <parameter name="CONTRACTOR_OPERATORS.columns">ID;CONTRACTOR_INN;CONTRACTOR_KPP;LAST_ACCESS_DATE;OPERATOR_CODE;BOX_ID;IS_FORMALIZED</parameter>
    <parameter name="CONTRACTORS.modify">LAST_ACCESS_DATE</parameter>
</data-source>