<?xml version="1.0" encoding="UTF-8" ?>
<!-- Справочник сертификатов пользователей -->
<data-source id="user_certificates" class="ru.blogic20.gp.services.list.modules.sql.SqlModule" xmlns:st="http://blogic20.ru/2016/ConfigModuleUtils.xml">
    <jndi-reference name="ds"><st:property id="db2uri" default=""/></jndi-reference>
    <parameter name="tables">USER_CERTIFICATES</parameter>
    <parameter name="USER_CERTIFICATES.key">ID</parameter>
    <parameter name="USER_CERTIFICATES.columns">ID;UPN;STORAGE;SUBJECT_NAME;ISSUER_NAME;NOT_AFTER;NOT_BEFORE;SERIAL_NUMBER;THUMBPRINT;ORGANIZATION_NAME;CERTIFICATE_ID</parameter>
    <parameter name="USER_CERTIFICATES.create">CREATED_DATE</parameter>
    <parameter name="USER_CERTIFICATES.modify">UPDATED_DATE</parameter>
</data-source>