<?xml version="1.0" encoding="UTF-8" ?>
<!-- Справочник наименований РНУ -->
<data-source id="rnus" class="ru.blogic20.gp.services.list.modules.xml.XmlModule"
             xmlns:st="http://blogic20.ru/2016/ConfigModuleUtils.xml">
    <parameter name="tables">rnus</parameter>
    <parameter name="uri"><st:property id="rootdir" default=""/><st:property id="uzdodir" default=""/>/rnus.xml</parameter>
    <parameter name="rnus.tag">rnu</parameter>
    <parameter name="rnus.key">id</parameter>
    <parameter name="rnus.xpath_key">@id</parameter>
    <parameter name="rnus.key_value">@id='$condition'</parameter>
    <parameter name="rnus.columns">id;create;name;</parameter>
    <parameter name="rnus.xpath_columns">@id;@create;@name;</parameter>
    <parameter name="enable_cache">true</parameter>
</data-source>