<?xml version="1.0" encoding="UTF-8" ?>
<model id="Annotation" primary-key="Id" system="true" dao="CeDao" versionable="false" has-content="true">
    <guid id="Id" title="Идентификатор документа"/>
    <date id="DateLastModified" title="Системное.Дата изменения"/>
    <string id="DescriptiveText" title="Описание"/>

    <processor id="DefaultSaveProcessor" stage="MANUAL"/>

    <security-templates>
        <security-template id="DEFAULT">
            <set-rule rule="READ" allowed-roles="Пользователь"/>
            <add-rule rule="READ|CREATE|EDIT" allowed-roles="Пользователь"/>
            <add-rule for="*" rule="READ|CREATE|EDIT" allowed-roles="Пользователь" />
        </security-template>
    </security-templates>
</model>