<?xml version="1.0" encoding="UTF-8" ?>
<data-source id="operator_package_data" class="ru.blogic20.gp.services.list.modules.sql.SqlModule"
             xmlns:st="http://blogic20.ru/2016/ConfigModuleUtils.xml">
    <jndi-reference name="ds"><st:property id="db2uri" default=""/></jndi-reference>
    <parameter name="tables">OPERATOR_PACKAGE_DATA</parameter>
    <parameter name="OPERATOR_PACKAGE_DATA.key">ID</parameter>
    <parameter name="OPERATOR_PACKAGE_DATA.columns">ID;OPERATOR_PACKAGE_ID;OPERATOR_PACKAGE_RECEIVE_DATE;OPERATOR_PACKAGE_SENDER_NAME</parameter>
</data-source>