<?xml version="1.0" encoding="UTF-8" standalone="yes"?>
<environment xmlns:xi="http://www.w3.org/2001/XInclude" xmlns:st="http://blogic20.ru/2016/ConfigModuleUtils.xml">
    <ost id="${ostId}" code="${muzedo.uzdo.code}">
        <!-- Реквизиты для использования в сервисах интеграции СЭД и КИС ЭХД -->
        <ostName><st:property id="ostName" default=""/></ostName>
        <ostInn><st:property id="ost.inn" default=""/></ostInn>
        <ostKpp><st:property id="ost.kpp" default=""/></ostKpp>
        <docTypeServiceSupport><st:property id="docTypeServiceSupport" default="false"/></docTypeServiceSupport>
        <personalCertificateSigningSupport><st:property id="personalCertificateSigningSupport" default=""/></personalCertificateSigningSupport>
        <signServerSignatureType><st:property id="signServerSignatureType" default=""/></signServerSignatureType>
        <signServerCertificatePath><st:property id="signServerCertificatePath" default=""/></signServerCertificatePath>
        <signServerSupportedProtocols><st:property id="signServerSupportedProtocols" default=""/></signServerSupportedProtocols>
        <signServerIgnoreCertHashAlgorithmInfo><st:property id="signServerIgnoreCertHashAlgorithmInfo" default="false"/></signServerIgnoreCertHashAlgorithmInfo>

        <!-- Максимальный размер загружаемого файла, приходящего из Контур.Диадок -->
        <maxFileSize><st:property id="maxFileSize" default="0"/></maxFileSize>

        <!--Маппинг ролей и групп AD -->
        <roleCuratorContract><st:property id="roleCuratorContract" default=""/></roleCuratorContract>
        <roleCuratorInternal><st:property id="roleCuratorInternal" default=""/></roleCuratorInternal>
        <roleSigner><st:property id="roleSigner" default=""/></roleSigner>
        <roleSecretary><st:property id="roleSecretary" default=""/></roleSecretary>
        <roleSpecialist><st:property id="roleSpecialist" default=""/></roleSpecialist>
        <roleCurator><st:property id="roleCurator" default=""/></roleCurator>
        <roleCuratorIS><st:property id="roleCuratorIS" default=""/></roleCuratorIS>
        <roleAdmin><st:property id="roleAdmin" default=""/></roleAdmin>
        <roleReader><st:property id="roleReader" default=""/></roleReader>
        <roleSystem><st:property id="roleSystem" default=""/></roleSystem>

        <folder>/Документы</folder>

        <xi:include href="${rootdir}${uzdodir}/linked-systems.xml"/>
        <xi:include href="${rootdir}${uzdodir}/departments.xml"/>

        <documentLink><st:property id="muzedo.uzdo.documentLink" default=""/></documentLink>
    </ost>
    <gate>
        <endpoint><st:property id="gate.service.url" default=""/></endpoint>
        <login></login>
        <password></password>
        <connectionTimeout><st:property id="gate.service.connectionTimeout" default="10000"/></connectionTimeout>
        <requestTimeout><st:property id="gate.service.requestTimeout" default="60000"/></requestTimeout>
        <partnerKey><st:property id="gate.partnerKey" default=""/></partnerKey>
        <iopLegacyMode><st:property id="gate.iopLegacyMode" default="false"/></iopLegacyMode>
        <operatorSearchLegacyMode><st:property id="gate.operatorSearchLegacyMode" default="false"/></operatorSearchLegacyMode>
        <legacyGateMode><st:property id="gate.legacyGateMode" default="false"/></legacyGateMode>
        <documentBlockingMessagePattern><st:property id="gate.documentBlockingMessagePattern" default=""/></documentBlockingMessagePattern>
        <documentBlockingTestFileNameRegex><st:property id="gate.documentBlockingTestFileNameRegex" default=""/></documentBlockingTestFileNameRegex>
        <contractorOperatorCacheInvalidationPeriod><st:property id="gate.contractorOperatorCacheInvalidationPeriod" default="0"/></contractorOperatorCacheInvalidationPeriod>
        <certificatePath><st:property id="gate.certificatePath" default=""/></certificatePath>
    </gate>
    <ksdd>
        <inQueueName><st:property id="inQueueName" default=""/></inQueueName>
        <inQueueCFName><st:property id="inQueueCFName" default=""/></inQueueCFName>
        <outQueueName><st:property id="outQueueName" default=""/></outQueueName>
        <outQueueCFName><st:property id="outQueueCFName" default=""/></outQueueCFName>
        <emulatorSedEnabled><st:property id="emulatorSedEnabled" default="false"/></emulatorSedEnabled>
        <attachmentsMaxSize><st:property id="sed.attachmentsMaxSize" default="65"/></attachmentsMaxSize>
        <messageMaxSize><st:property id="sed.messageMaxSize" default="100"/></messageMaxSize>
        <userName><st:property id="sed.userName" default=""/></userName>
        <password><st:property id="sed.password" default=""/></password>
    </ksdd>
    <dss>
        <serviceUrl><st:property id="dss.service.url" default=""/></serviceUrl>
        <serviceJndiName><st:property id="dss.service.jndi_name" default=""/></serviceJndiName>
        <tspAddress><st:property id="dss.tspAddress" default=""/></tspAddress>
        <anySigner><st:property id="dss.anySigner" default=""/></anySigner>
        <useRedirect><st:property id="dss.useRedirect" default=""/></useRedirect>
        <defaultHashAlgorithm><st:property id="dss.defaultHashAlgorithm" default=""/></defaultHashAlgorithm>
        <allowNonEnhancedSignatures><st:property id="dss.allowNonEnhancedSignatures" default=""/></allowNonEnhancedSignatures>
        <restrictUserCertificates><st:property id="dss.restrictUserCertificates" default=""/></restrictUserCertificates>
    </dss>
    <nsi>
        <contragentService>
            <endpoint><st:property id="nsiWebServiceUrl" default=""/></endpoint>
            <login><st:property id="nsiWebServiceLogin" default=""/></login>
            <password><st:property id="nsiWebServicePassword" default=""/></password>
            <connectionTimeout>10000</connectionTimeout>
            <requestTimeout>10000</requestTimeout>
        </contragentService>
        <repositoryName><st:property id="nsiRepositoryName" default=""/></repositoryName>
        <serverName><st:property id="nsiServerName" default=""/></serverName>
        <pageSize>300</pageSize>
    </nsi>
    <xi:include href="${rootdir}${uzdodir}/operators.xml"/>
    <logging>
        <configPath><st:property id="rootdir" default=""/><st:property id="uzdodir" default=""/>/log4j-integration.xml</configPath>
    </logging>
    <webEnvironment>
        <appName><st:property id="appName" default=""/></appName>
        <webRoot>http://<st:property id="host" default=""/>/<st:property id="appName" default=""/></webRoot>
    </webEnvironment>
    <removing>
        <conditions>
            <condition search="cesearch:alias:documents_to_remove_search">
                <filter name="byLbEdfIsDocIncomming" type="BOOLEAN">false</filter>
                <filter name="byLbEdfDocStatus" type="STRING">tn_removed</filter>
                <period><st:property id="removePeriodOutgoingRemoved" default=""/></period><!-- значение в секундах (31536000 = 1 год) -->
            </condition>
        </conditions>
    </removing>
    <complete-edo>
        <period><st:property id="completeEdoPeriod" default="0"/></period><!-- значение в секундах (31536000 = 1 год) -->
    </complete-edo>
    <archiving>
        <searchArchiveFoldersQueryPath>cesearch:<st:property id="rootdir" default=""/>/search/archive_search.xml</searchArchiveFoldersQueryPath>
        <rootArchiveFolderId>Архив</rootArchiveFolderId>
        <internalRootArchiveFolderId>Архив.Внутренние</internalRootArchiveFolderId>
        <ehdCaused>
            <uzedFolderName>ЮЗЭД</uzedFolderName>
            <removeContent>true</removeContent>
        </ehdCaused>
        <archiveConditions>
            <condition search="cesearch:alias:documents_to_archive_search">
                <filter name="byLbEdfIsDocIncomming" type="BOOLEAN">true</filter>
                <filter name="byLbEdfDocStatus" type="STRING">sys_annuled</filter>
                <period><st:property id="archivePeriodIncomingAnnuled" default=""/></period><!-- значение в секундах (31536000 = 1 год) -->
                <targetFolderName>Отклоненные документы</targetFolderName>
                <removeContent>false</removeContent>
            </condition>
            <condition search="cesearch:alias:documents_to_archive_search">
                <filter name="byLbEdfIsDocIncomming" type="BOOLEAN">true</filter>
                <filter name="byLbEdfDocStatus" type="STRING">sys_sign_rejected</filter>
                <period><st:property id="archivePeriodIncomingRejected" default=""/></period><!-- значение в секундах (31536000 = 1 год) -->
                <targetFolderName>Отклоненные документы</targetFolderName>
                <removeContent>false</removeContent>
            </condition>
            <condition search="cesearch:alias:documents_to_archive_search">
                <filter name="byLbEdfIsDocIncomming" type="BOOLEAN">true</filter>
                <filter name="byLbEdfDocStatus" type="STRING">sys_completed</filter>
                <filter name="isLinkedSystemCodeEhdNull" type="BOOLEAN">true</filter>
                <period><st:property id="archivePeriodAllCompleted" default=""/></period><!-- значение в секундах (31536000 = 1 год) -->
                <targetFolderName>ЮЗЭД</targetFolderName>
                <removeContent>false</removeContent>
            </condition>
            <condition search="cesearch:alias:documents_to_archive_search">
                <filter name="byLbEdfIsDocIncomming" type="BOOLEAN">false</filter>
                <filter name="byLbEdfDocStatus" type="STRING">sys_annuled</filter>
                <period><st:property id="archivePeriodOutgoingAnnuled" default=""/></period><!-- значение в секундах (31536000 = 1 год) -->
                <targetFolderName>Отклоненные документы</targetFolderName>
                <removeContent>false</removeContent>
            </condition>
            <condition search="cesearch:alias:documents_to_archive_search">
                <filter name="byLbEdfIsDocIncomming" type="BOOLEAN">false</filter>
                <filter name="byLbEdfDocStatus" type="STRING">tn_receipt_refused</filter>
                <period><st:property id="archivePeriodOutgoingRefused" default=""/></period><!-- значение в секундах (31536000 = 1 год) -->
                <targetFolderName>Отклоненные документы</targetFolderName>
                <removeContent>false</removeContent>
            </condition>
            <condition search="cesearch:alias:documents_to_archive_search">
                <filter name="byLbEdfIsDocIncomming" type="BOOLEAN">false</filter>
                <filter name="byLbEdfDocStatus" type="STRING">sys_completed</filter>
                <filter name="isLinkedSystemCodeEhdNull" type="BOOLEAN">true</filter>
                <period><st:property id="archivePeriodAllCompleted" default=""/></period><!-- значение в секундах (31536000 = 1 год) -->
                <targetFolderName>ЮЗЭД</targetFolderName>
                <removeContent>false</removeContent>
            </condition>
        </archiveConditions>
    </archiving>
    <content>
        <contentServiceDownload>ejb/<st:property id="appName" default=""/>-GP/ContentServiceDownload</contentServiceDownload>
        <contentServiceUpload>ejb/<st:property id="appName" default=""/>-GP/ContentServiceUpload</contentServiceUpload>
    </content>
    <friendship>
        <friendshipFolder>Соглашения</friendshipFolder>
    </friendship>
    <linked-service>
        <check-limit><st:property id="linkedService.checkLimit" default="0"/></check-limit>
    </linked-service>
    <documentReceiving>
        <documentDescriptionPrefix><st:property id="documents.descriptionPrefix" default=""/></documentDescriptionPrefix>
        <saveDocumentIfDescriptionIsIncorrect><st:property id="documents.saveIfDescriptionIncorrect" default="false"/></saveDocumentIfDescriptionIsIncorrect>
        <documentsFolder><st:property id="folders.documents" default=""/></documentsFolder>
        <errorDocumentsFolder><st:property id="folders.errorDocuments" default=""/></errorDocumentsFolder>
    </documentReceiving>

    <xi:include href="${rootdir}/metadata/properties-mapping.xml"/>
    <xi:include href="${rootdir}/metadata/sign-service-error-mapping.xml"/>
    <xi:include href="${rootdir}/metadata/verification-error-allow-enhance-mapping.xml"/>
    <xi:include href="${rootdir}/metadata/user-error-mapping.xml"/>
</environment>