<?xml version="1.0" encoding="UTF-8"?>
<node-template id="signed" title="Подписанные" allowed-roles="Документ.ДляПодписанта">
    <parameter name="query-for-add">alias/for_signer</parameter>

    <view module="DocumentsSearch">
        <parameter name="ds">cesearch</parameter>
        <parameter name="query">alias/for_signer</parameter>
        <parameter name="toolbar">document-basket-actions</parameter>
        <parameter name="filter">
            <parameter name="LbEdfDocStatus">sys_signed</parameter>
            <parameter name="byCurrentUser">true</parameter>
        </parameter>
    </view>
</node-template>