<?xml version="1.0" encoding="UTF-8" ?>
<linked-systems xmlns:st="http://blogic20.ru/2016/ConfigModuleUtils.xml">
    <accountings>
        <accounting code="${accounting.principal.code}" uzdoCode="${accounting.uzdo.code}" primary="true"
                    type="${accounting.principal.type}">
            <documentLink><st:property id="accounting.principal.documentLink" default=""/></documentLink>
            <accountingService>
                <endpoint><st:property id="accounting.principal.url" default=""/></endpoint>
                <login><st:property id="accounting.principal.login" default=""/></login>
                <password><st:property id="accounting.principal.password" default=""/></password>
                <connectionTimeout>10000</connectionTimeout>
                <requestTimeout>10000</requestTimeout>
            </accountingService>
        </accounting>
    </accountings>
    <seds>
        <sed code="${sed.principal.code}" uzdoCode="${sed.uzdo.code}" receiver="${sed.principal.receiver}">
            <documentLink><st:property id="sed.principal.documentLink" default=""/></documentLink>
            <userDomain><st:property id="sed.principal.domain" default=""/></userDomain>
        </sed>
    </seds>
    <muzedos>
        <muzedo id="${muzedo.agent.id}" code="${muzedo.agent.code}" uzdoCode="${muzedo.uzdo.code}">
            <documentLink><st:property id="muzedo.agent.documentLink" default=""/></documentLink>
            <webService>
                <endpoint><st:property id="muzedo.agent.url" default=""/></endpoint>
                <login><st:property id="muzedo.agent.login" default=""/></login>
                <password><st:property id="muzedo.agent.password" default=""/></password>
                <connectionTimeout>10000</connectionTimeout>
                <requestTimeout>10000</requestTimeout>
            </webService>
        </muzedo>
    </muzedos>
</linked-systems>