<?xml version="1.0" encoding="UTF-8" standalone="yes"?>
<query>
    <where><![CDATA[ doc.IsCurrentVersion = true AND doc.LbEdfSigningSystem = 'muzedo' ]]></where>
    <page-size>100</page-size>

    <table id="LbEdfPrimaryDocument" alias="doc"/>

    <column title="Идентификатор"                       table="doc" id="ID"                     type="ID"      hidden="true"/>
    <column title="Ид.Версии"                           table="doc" id="VersionSeries"          type="ID"      hidden="true"/>
    <column title="Дата и время поступления документа"  table="doc" id="LbEdfCreateDate"        type="DATE"    hidden="false"/>
    <column title="Штрихкод"                            table="doc" id="LbEdfBarcode"           type="STRING"  hidden="false"/>
    <column title="Дата документа"                      table="doc" id="LbEdfDocumentDate"      type="DATE"    hidden="false"/>
    <column title="Код типа документа"                  table="doc" id="LbEdfDocType"           type="STRING"  hidden="true"/>
    <column title="Код вида документа"                  table="doc" id="LbEdfDocumentKind"      type="STRING"  hidden="true"/>
    <column title="Вид документа"                       table="doc" id="LbEdfDocumentKind"      type="STRING"  hidden="false" alias="LbEdfDocumentKindTitle" sortable="false"/>
    <column title="Номер документа"                     table="doc" id="LbEdfDocumentNumber"    type="STRING"  hidden="false"/>
    <column title="Куратор договора"                    table="doc" id="LbEdfCurator"           type="STRING"  hidden="false" sortable="false"/>
    <column title="Код статуса документа"               table="doc" id="LbEdfDocStatus"         type="STRING"  hidden="true"/>
    <column title="Статус документа"                    table="doc" id="LbEdfDocStatus"         type="STRING"  hidden="false" alias="LbEdfDocStatusTitle" sortable="false"/>
    <column title="Код контрагента"                     table="doc" id="LbEdfContragentId"      type="STRING"  hidden="true"/>
    <column title="Контрагент"                          table="doc" id="LbEdfContragentName"    type="STRING"  hidden="false"/>
    <column title="Код договора"                        table="doc" id="LbEdfContractCode"      type="STRING"  hidden="true"/>
    <column title="Номер договора"                      table="doc" id="LbEdfContractNumber"    type="STRING"  hidden="false"/>
    <column title="Система подписания"                  table="doc" id="LbEdfSigningSystem"     type="STRING"  hidden="true"/>
    <column title="Подписант"                           table="doc" id="LbEdfDocumentSigner"    type="STRING"  hidden="true"/>
    <column title="Подписанты"                          table="doc" id="LbEdfDocumentSigners"   type="STRING"  hidden="true"/>
    <column title="Подписавшие"                         table="doc" id="LbEdfDocumentSignersApproved"   type="STRING"  hidden="true"/>
    <column title="Входящий"                            table="doc" id="LbEdfIsDocIncomming"    type="BOOLEAN" hidden="true"/>
    <column title="ИОПы"                                table="doc" id="LbEdfIopSentMask"       type="INTEGER" hidden="true"/>
    <column title="Код системы УС"                      table="doc" id="LinkedSystemCodeUs"     type="STRING"  hidden="true"/>
    <column title="Код системы КИСЭХД"                  table="doc" id="LinkedSystemCodeEhd"    type="STRING"  hidden="true"/>
    <column title="Статус контрагента"                  table="doc" id="LbEdfContractorStatus"  type="STRING"  hidden="true"/>
    <column title="Идентификатор пакета (исходный)"     table="doc" id="LbEdfOperatorPackageId" type="STRING"  hidden="true"/>
    <column title="Идентификатор пакета"                table="doc" id="LbEdfOperatorPackageId" type="STRING"  hidden="false"  alias="LbEdfOperatorPackageTitle" sortable="false"/>

    <!-- Список правил сортировки. -->
    <sort-rule table="doc" column="LbEdfCreateDate" order="DESC"/>

    <parameter name="hidden">
        ID,VersionSeries,LbEdfDocType,LbEdfDocumentKind,LbEdfDocStatus,LbEdfContragentId,LbEdfContractCode,LbEdfSigningSystem,LbEdfDocumentSigner,LbEdfDocumentSigners,LbEdfDocumentSignersApproved,LbEdfIsDocIncomming,LbEdfIopSentMask,LinkedSystemCodeUs,LinkedSystemCodeEhd,LbEdfContractorStatus
    ,LbEdfOperatorPackageId</parameter>

    <parameter name="LbEdfCreateDate.format">dd.MM.yyyy HH:mm</parameter>
    <parameter name="LbEdfDocumentDate.format">dd.MM.yyyy</parameter>

    <parameter name="LbEdfCurator.list">ad_users.Users</parameter>
    <parameter name="LbEdfCurator.key">userPrincipalName</parameter>
    <parameter name="LbEdfCurator.view">displayName</parameter>

    <parameter name="LbEdfContractNumber.list">custom_contracts_with_curator_names_filter.CustomContract</parameter>
    <parameter name="LbEdfContractNumber.key">LbEdfContractNumber</parameter>
    <parameter name="LbEdfContractNumber.view">LbEdfContractNumber</parameter>

    <parameter name="LbEdfDocStatusTitle.list">statuses.statuses</parameter>
    <parameter name="LbEdfDocStatusTitle.key">id</parameter>
    <parameter name="LbEdfDocStatusTitle.view">incomingName</parameter>

    <parameter name="LbEdfDocumentKindTitle.list">doc_kinds.DOCUMENTKINDS</parameter>
    <parameter name="LbEdfDocumentKindTitle.key">CODE</parameter>
    <parameter name="LbEdfDocumentKindTitle.view">NAME</parameter>

    <parameter name="LbEdfContragentName.list">contractors.CONTRACTORS</parameter>
    <parameter name="LbEdfContragentName.key">SHORT_NAME</parameter>
    <parameter name="LbEdfContragentName.view">SHORT_NAME</parameter>

    <parameter name="LbEdfOperatorPackageTitle.list">operator_package_names_concat.OPERATOR_PACKAGE_DATA</parameter>
    <parameter name="LbEdfOperatorPackageTitle.key">OPERATOR_PACKAGE_ID</parameter>
    <parameter name="LbEdfOperatorPackageTitle.view">OPERATOR_PACKAGE_NAME_CONCAT</parameter>

    <filter title="Ид.Версии"                           table="doc" column="VersionSeries"          id="VersionSeries"          operation="EQ"       multivalue="false"  hidden="true"/>
    <filter title="Дата и время поступления документа"  table="doc" column="LbEdfCreateDate"        id="LbEdfCreateDate"        operation="INTERVAL" multivalue="false"/>
    <filter title="Штрихкод"                            table="doc" column="LbEdfBarcode"           id="LbEdfBarcode"           operation="LIKE"     multivalue="false"/>
    <filter title="Дата документа"                      table="doc" column="LbEdfDocumentDate"      id="LbEdfDocumentDate"      operation="INTERVAL" multivalue="false"/>
    <filter title="Вид документа"                       table="doc" column="LbEdfDocumentKindTitle" id="LbEdfDocumentKindTitle" operation="EQ"       multivalue="true"/>
    <filter title="Куратор договора"                    table="doc" column="LbEdfCurator"           id="LbEdfCurator"           operation="EQ"       multivalue="true"/>
    <filter title="Номер документа"                     table="doc" column="LbEdfDocumentNumber"    id="LbEdfDocumentNumber"    operation="LIKE"     multivalue="false"/>
    <filter title="Код статуса документа"               table="doc" column="LbEdfDocStatus"         id="LbEdfDocStatus"         operation="EQ"       multivalue="false"  hidden="true"/>
    <filter title="Статус документа"                    table="doc" column="LbEdfDocStatusTitle"    id="LbEdfDocStatusTitle"    operation="EQ"       multivalue="false"/>
    <filter title="Контрагент"                          table="doc" column="LbEdfContragentName"    id="LbEdfContragentName"    operation="EQ"     multivalue="true"/>
    <filter title="Номер договора"                      table="doc" column="LbEdfContractNumber"    id="LbEdfContractNumber"    operation="EQ"     multivalue="true"/>
    <filter title="Подписант" table="doc" column="LbEdfDocumentSigner" id="byCurrentUser" operation="RQL"  hidden="true">or(eq(LbEdfDocumentSigner,user),includes(LbEdfDocumentSigners,user))</filter>

    <filter title="Идентификатор пакета" table="doc" column="LbEdfOperatorPackageTitle"  id="LbEdfOperatorPackageTitle"  operation="LIKE"    multivalue="false"/>
</query>