<?xml version="1.0" encoding="UTF-8" standalone="yes"?>
<!-- Корневой элемент -->
<ui-application xmlns:st="http://blogic20.ru/2016/ConfigModuleUtils.xml">

    <packages>
        <package id="uzdo.rest" uri="${extension_app}/rest"/>
        <package id="uzdo.content" uri="${extension_app}/rest/content"/>
        <package id="uzdo.extensions" uri="${extension_app}/extensions"/>
        <package id="uzdo.sign" uri="${extension_app}/rest/sign"/>
        <package id="uzdo.update" uri="${extension_app}/rest/update"/>
        <package id="uzdo.preparesign" uri="${extension_app}/rest/prepare"/>
        <package id="uzdo.process" uri="${extension_app}/rest/process"/>
        <package id="uzdo.agreement" uri="${extension_app}/rest/agreement"/>
        <package id="uzdo.docs" uri="${extension_app}/rest/docs"/>
        <package id="uzdo.replication" uri="${extension_app}/rest/replication"/>

        <package id="uzdo.actions" uri="${extension_app}/js/actions"/>
        <package id="uzdo.views" uri="${extension_app}/js/views"/>
        <package id="uzdo.templates" uri="${extension_app}/templates"/>
        <package id="uzdo.modules" uri="${extension_app}/js/modules"/>
        <package id="regenerator-runtime" uri="${extension_app}/webjars/regenerator-runtime/0.13.9"/>

        <!-- Эмулятор СЭД -->
        <package id="uzdo.emulator.sed" uri="/${appName}-ksdd-endpoint/rest/emulator/sed"/>

    </packages>

    <!-- блок описания доступных модулей -->
    <modules>
        <module id="user-login-module" controller="gp/system/login">
            <parameter name="domain"><st:property id="ldap.domain" default="Отсутствует свойство ldap.domain в uzdo.properties"/></parameter>
            <parameter name="systemName">Юридически значимый электронный документооборот. Модуль обмена электронными первичными учетными документами</parameter>
            <parameter name="title">Вход в систему</parameter>
        </module>

        <module id="user-info-module" controller="gp/system/UserModule"/>

        <module id="DocumentsTree" controller="gp/views/HierarchyModule">
            <parameter name="title">
                <st:property id="ostName" default="Документы"/>
            </parameter>
        </module>

        <module id="DialogView" controller="gp/views/DialogView">
            <parameter name="title">Выбор документов</parameter>
        </module>

        <module id="DocumentsSearch" controller="gp/views/SearchModule">
            <parameter name="title">Поиск документов</parameter>
            <parameter name="toolbar">documents-search-dialog-actions</parameter>
        </module>

        <module id="DocumentsSearchEhd" controller="uzdo.views/SearchModuleEhd">
            <parameter name="title">Поиск документов КИС ЭХД</parameter>
            <parameter name="toolbar">documents-ehd-search-dialog-actions</parameter>
        </module>

        <module id="DocumentsSelector" controller="gp/views/list/ListSelector">
            <parameter name="title">Выбор документов</parameter>
        </module>

        <module id="SignerSelector" controller="gp/views/list/ListSelector">
            <parameter name="title">Выбор подписанта</parameter>
        </module>

        <module id="PrintModule" controller="gp/views/bulk-operations/BulkPrintModule">
            <parameter name="title">Печать/выгрузка</parameter>
        </module>

        <module id="ReportModule" controller="gp/modules/report/ReportModule">
            <parameter name="title">Отчёты</parameter>
        </module>

        <module id="DocumentCard" controller="gp/views/card/CardModule">
            <parameter name="title">Карточка</parameter>
        </module>

        <module id="MassOp" controller="uzdo.actions/mass/MassOpModule">
            <parameter name="title">Массовые операции</parameter>
        </module>

        <module id="SearchBuilderModule" controller="gp/modules/SearchBuilder">
            <parameter name="title">Поиски</parameter>
            <parameter name="ds">bo</parameter>
            <parameter name="query">bo:cesearch/LbEdfPrimaryDocument</parameter>
        </module>

        <module id="uzdo-loader" controller="uzdo.views/UzdoLoader" >
            <parameter name="extension_app"><st:property id="extension_app" default=""/></parameter>
            <parameter name="applicationProperties.anySigner"><st:property id="dss.anySigner" default=""/></parameter>
            <parameter name="applicationProperties.restrictUserCertificates"><st:property id="dss.restrictUserCertificates" default=""/></parameter>
            <parameter name="applicationProperties.signUseRedirect"><st:property id="dss.useRedirect" default=""/></parameter>
            <parameter name="applicationProperties.signRedirectUrl"><st:property id="dss.redirectUrl" default=""/></parameter>
            <parameter name="applicationProperties.signMassRedirectUrl"><st:property id="dss.massRedirectUrl" default=""/></parameter>
            <parameter name="applicationProperties.signUploadUrl"><st:property id="dss.uploadUrl" default=""/></parameter>
            <parameter name="applicationProperties.signDefaultSignatureType"><st:property id="dss.defaultSignatureType" default=""/></parameter>
            <parameter name="applicationProperties.signTspAddress"><st:property id="dss.tspAddress" default=""/></parameter>
            <parameter name="applicationProperties.signLocalSignatureType"><st:property id="dss.localSignatureType" default=""/></parameter>
        </module>

        <module id="MessageModule" controller="uzdo.views/MessageModule" >
            <parameter name="title">Сообщение</parameter>
        </module>

        <module id="DocumentResolver" controller="uzdo.modules/DocumentResolverModule">
            <parameter name="title">Открытие документа по внешней ссылке</parameter>
        </module>

        <module id="ScheduleModule" controller="gp/modules/schedule/ScheduleModule">
            <parameter name="title">Фоновые операции</parameter>
        </module>
    </modules>

    <!-- Конфигурация приложений может наследоваться друг от друга.
    Это нужно что бы сократить дублирование настроек приложения.
    Думаю стоит определить базовую конфигурацию ЕПП от которой можно наследоваться.
    -->
    <application id="BaseApp" title="МЮЗ ЭДО" allowed-roles="Пользователь">
        <layout  container-node="container"></layout>

        <module id="DocumentsTree" allowed-roles="Иерархия.Просмотр" init-on-start="true"/>
        <module id="DialogView" allowed-roles="" init-on-start="false" closable="true"/>
        <module id="DocumentsSearch" allowed-roles="" init-on-start="false" closable="true"/>
        <module id="DocumentsSearchEhd" allowed-roles="" init-on-start="false" closable="true"/>
        <module id="DocumentsSelector" allowed-roles="" init-on-start="false" closable="true"/>
        <module id="SignerSelector" allowed-roles="" init-on-start="false" closable="true"/>
        <module id="DocumentCard" allowed-roles="" init-on-start="false" closable="true"/>
        <module id="PrintModule" allowed-roles="" init-on-start="false" closable="true"/>
        <module id="MassOp" allowed-roles="" init-on-start="false" closable="true"/>
        <module id="ReportModule" allowed-roles="" init-on-start="false" closable="true"/>
        <module id="SearchBuilderModule" allowed-roles="" init-on-start="false" closable="true"/>
        <module id="user-info-module" init-on-start="true"/>
        <module id="uzdo-loader" allowed-roles="" init-on-start="true" />
        <module id="MessageModule" allowed-roles="" init-on-start="false" />
        <module id="DocumentResolver" allowed-roles="" init-on-start="false" closable="true" />
        <module id="ScheduleModule" allowed-roles="" init-on-start="false" closable="true" />

        <routing-config>
            <when router="/hierarchy" navigate-to="DocumentsTree" default="false"/>
            <when router="/card/:modelName/:docId" navigate-to="DocumentCard" default="false"/>
            <when router="/reports" navigate-to="ReportModule" default="false"/>
            <when router="/search/:ds/:query" navigate-to="DocumentsSearch" default="false"/>
            <when router="/document/:modelName/:vsid" navigate-to="DocumentResolver" default="false"/>
            <when router="/schedule" navigate-to="ScheduleModule" default="false"/>
            <when router="/search-builder/:selectDepartment" navigate-to="SearchBuilderModule" default="false"/>
            <when router="/search-builder/:selectDepartment/:openId" navigate-to="SearchBuilderModule" default="false"/>
        </routing-config>

        <package id="uzdo.rest"/>
        <package id="uzdo.content"/>
        <package id="uzdo.extensions"/>
        <package id="uzdo.sign"/>
        <package id="uzdo.update"/>
        <package id="uzdo.preparesign"/>
        <package id="uzdo.process"/>
        <package id="uzdo.agreement"/>
        <package id="uzdo.actions"/>
        <package id="uzdo.views"/>
        <package id="uzdo.templates"/>
        <package id="uzdo.emulator.sed"/>
        <package id="uzdo.docs"/>
        <package id="uzdo.replication"/>
        <package id="uzdo.modules"/>
        <package id="regenerator-runtime"/>
    </application>

    <application id="GuestApplication" title="МЮЗ ЭДО" >
        <layout  container-node="container"></layout>
        <module id="user-login-module" init-on-start="true" closable="false"/>
        <module id="uzdo-loader" init-on-start="true" closable="false"/>

        <package id="uzdo.actions"/>
        <package id="uzdo.views"/>
    </application>

</ui-application>