<?xml version="1.0" encoding="UTF-8" standalone="yes"?>
<bulk-operations-service xmlns:xi="http://www.w3.org/2001/XInclude">
    <configs>
        <xi:include href="${rootdir}/metadata/bulk/download/archive_download.xml"/>
        <xi:include href="${rootdir}/metadata/bulk/download/incoming_download.xml"/>
        <xi:include href="${rootdir}/metadata/bulk/download/outgoing_download.xml"/>
        <xi:include href="${rootdir}/metadata/bulk/download/internal_download.xml"/>

        <xi:include href="${rootdir}/metadata/bulk/print/archive_print.xml"/>
        <xi:include href="${rootdir}/metadata/bulk/print/incoming_print.xml"/>
        <xi:include href="${rootdir}/metadata/bulk/print/outgoing_print.xml"/>
        <xi:include href="${rootdir}/metadata/bulk/print/internal_print.xml"/>

        <xi:include href="${rootdir}/metadata/bulk/download/primary_document_download.xml"/>
        <xi:include href="${rootdir}/metadata/bulk/print/primary_document_print.xml"/>
    </configs>
</bulk-operations-service>