<?xml version="1.0" encoding="UTF-8"?>
<node-template id="on_sign" title="На подписании" allowed-roles="Документ.ДляПодписанта">
    <parameter name="query-for-add">alias/for_signer</parameter>

    <view module="DocumentsSearch">
        <parameter name="ds">cesearch</parameter>
        <parameter name="query">alias/for_signer</parameter>
        <parameter name="toolbar">document-basket-actions-on_sign</parameter>
        <parameter name="filter">
            <parameter name="LbEdfDocStatus">tn_sign_await</parameter>
            <parameter name="byCurrentUser">true</parameter>
        </parameter>
    </view>
</node-template>