<?xml version="1.0" encoding="UTF-8" ?>
<model id="LbEdfPrimaryDocument" title="Первичный документ" extend="LbEdfDocument" xmlns:st="http://blogic20.ru/2016/ConfigModuleUtils.xml">

    <string id="LbEdfBarcode"           title="Штрихкод"                   max-length="64" />

    <string id="DocumentType"           title="Тип документа"               max-length="16">
        <list-link ds="documenttypes" model="documenttypes" key-field="id" value-field="name"/>
    </string>
    <string id="LbEdfDocumentKind"      title="Вид документа"              max-length="64">
        <list-link ds="doc_kinds" model="DOCUMENTKINDS" key-field="CODE" value-field="NAME"/>
        <not-empty message="Необходимо указать вид документа"/>
    </string>
    <date   id="LbEdfDocumentDate"      title="Дата документа">
        <not-empty message="Необходимо задать дату документа"/>
    </date>
    <string id="LbEdfDocumentNumber"    title="Номер документа"            max-length="1000">
        <not-empty message="Необходимо задать номер документа"/>
    </string>

    <string id="LbEdfGovContractId"    title="Идентификатор государственного контракта" max-length="255" />

    <double id="LbEdfSumma"             title="Сумма документа" />
    <double id="LbEdfSummaNds"          title="Сумма НДС" />

    <string id="LbEdfCurrency"  title="Валюта документа"    defaultValue="643">
        <list-link ds="currencies" model="currencies" key-field="id" value-field="name"/>
    </string>

    <string id="LbEdfSenderId"          title="Код отправителя"            max-length="16" defaultValue="${ostId}"/>
    <string id="LbEdfRecipientId"       title="Код получателя"           max-length="16"/>
    <string id="LbEdfContragentId"      title="Код контрагента"           max-length="16">
        <list-link ds="contractors" model="CONTRACTORS" key-field="REMOTE_KEY" value-field="SHORT_NAME"/>
        <not-empty message="Необходимо указать контрагента документа"/>
    </string>
    <string id="LbEdfContragentName"    title="Наименование контрагента"           max-length="1000" />
    <string id="LbEdfContragentINN"    title="ИНН контрагента"           max-length="12" />
    <string id="LbEdfContragentKPP"    title="КПП контрагента"           max-length="9" />

    <string id="LbEdfDocumentSigner" title="Подписант документа" max-length="200">
        <list-link ds="signers" model="SIGNERS" key-field="LOGIN" value-field="TITLE"/>
    </string>
    <string id="LbEdfDocumentSigners" title="Подписанты документа" max-length="200" collection="true">
        <list-link ds="signers" model="SIGNERS" key-field="LOGIN" value-field="TITLE"/>
    </string>
    <string id="LbEdfDocumentSignersApproved" title="Подписавшие документ" max-length="200" collection="true"/>
    <string id="LbEdfPowerOfAttorneyId" title="Доверенность подписанта" max-length="64"/>
    <string id="LbEdfPowerOfAttorneyIds" title="Доверенности подписантов" max-length="64" collection="true"/>
    <boolean id="LbEdfAgreementRequired" title="Требуется согласование" />

    <string id="LbEdfCurator"           title="Куратор договора"            max-length="250">
        <list-link ds="curators" model="Curator" key-field="userPrincipalName" value-field="displayName"/>
        <not-empty message="Необходимо указать куратора договора"/>
    </string>

    <string id="LbEdfRnuCode"           title="Код РНУ"                   max-length="3">
        <list-link ds="rnus" model="rnus" key-field="id" value-field="name"/>
    </string>

    <string id="LbEdfContractCode"      title="Договор"  max-length="64">
        <list-link ds="custom_contracts_with_curator_names" model="CustomContract" key-field="LbEdfContractCode" value-field="LbEdfContractNumber"/>
        <not-empty message="Необходимо указать договор"/>
    </string>
    <string id="LbEdfContractNumber"    title="Номер договора"             max-length="150"/>
    <date   id="LbEdfContractDate"      title="Дата договора"/>

    <string id="LbEdfConsigneeName" title="Наименование грузополучателя" max-length="1000"/>
    <string id="LbEdfConsigneeFIO" title="ФИО грузополучателя" max-length="1000"/>
    <string id="LbEdfConsigneeINN" title="ИНН грузополучателя" max-length="12"/>
    <string id="LbEdfConsigneeKPP" title="КПП грузополучателя" max-length="9"/>

    <string id="LbEdfConsignerName" title="Наименование грузоотправителя" max-length="1000"/>
    <string id="LbEdfConsignerFIO" title="ФИО грузоотправителя" max-length="1000"/>
    <string id="LbEdfConsignerINN" title="ИНН грузоотправителя" max-length="12"/>
    <string id="LbEdfConsignerKPP" title="КПП грузоотправителя" max-length="9"/>

    <string id="LbEdfSellerId" title="Код продавца в документе" max-length="16"/>
    <string id="LbEdfSellerName" title="Наименование продавца в документе" max-length="1000"/>
    <string id="LbEdfSellerFIO" title="ФИО продавца в документе" max-length="1000"/>
    <string id="LbEdfSellerINN" title="ИНН продавца в документе" max-length="12"/>
    <string id="LbEdfSellerKPP" title="КПП продавца в документе" max-length="9"/>

    <string id="LbEdfBuyerId" title="Код покупателя в документе" max-length="16"/>
    <string id="LbEdfBuyerName" title="Наименование покупателя в документе" max-length="1000"/>
    <string id="LbEdfBuyerFIO" title="ФИО покупателя в документе" max-length="1000"/>
    <string id="LbEdfBuyerINN" title="ИНН покупателя в документе" max-length="12"/>
    <string id="LbEdfBuyerKPP" title="КПП покупателя в документе" max-length="9"/>

    <string id="LbEdfCorrectedInvoiceCorrNum" title="Номер исправления исходного документа" max-length="3"/>
    <date id="LbEdfCorrectedInvoiceCorrDate" title="Дата исправления исходного документа"/>

    <string  id="LbEdfContractNumberCopy"    title="Номер договора"                                virtual="true"/>
    <!-- TODO: string должен быть date. В ЕПП для notification/message должна быть обработка substitute с dateFormat   -->
    <string    id="LbEdfContractDateCopy"    title="Дата договора"                                 virtual="true"/>

    <string id="LbEdfAdditionalAgreementCode"        title="Дополнительное соглашение"             max-length="64">
        <list-link ds="custom_contracts_with_curator_names" model="CustomContract" key-field="LbEdfContractCode" value-field="LbEdfContractNumber"/>
    </string>
    <string id="LbEdfAdditionalAgreementNumber"      title="Номер дополнительного соглашения"      max-length="150"/>
    <date   id="LbEdfAdditionalAgreementDate"        title="Дата дополнительного соглашения"/>
    <string id="LbEdfAdditionalAgreementNumberCopy"  title="Номер дополнительного соглашения"      virtual="true"/>
    <string id="LbEdfAdditionalAgreementDateCopy"    title="Дата дополнительного соглашения"       virtual="true"/>

    <boolean id="ShowContentTabs"       title="Признак отображения контентных вкладок в карточке документа" defaultValue="true"/>

    <string id="LbEdfPreviousDocStatus" title="Предыдущий статус документа в ЭДО" max-length="64"/>
    <string id="LbEdfErrorType"         title="Тип ошибки"                        max-length="2000"/>
    <string id="LbEdfErrorKind"         title="Вид ошибки ЭДО"                    max-length="64"/>
    <string id="LbEdfFailedOperation"   title="Операция с ошибкой"                max-length="255"/>

    <string id="LbEdfDocStatusBeforeClarify" title="Статус документа до запроса уточнения" max-length="64"/>
    <string id="LbEdfDocStatusBeforeAnnulment" title="Статус документа до запроса аннулирования" max-length="64"/>

    <integer id="LbEdfSignatureStatus"      title="Статус подписи"/>
    <integer id="LbEdfInvalidSignatureMask" title="Маска невалидности подписей"/>

    <boolean id="InvalidIopSignature"            title="Невалидность ЭП хотя бы у одного из полученных ИОП" virtual="true"/>
    <boolean id="InvalidAnnulmentSignature"      title="Невалидность ЭП соглашения об аннулировании" virtual="true"/>
    <boolean id="InvalidContragentIopSignature"  title="Невалидность ЭП ответного ИОП от КА" virtual="true"/>

    <!-- ИОП -->
    <integer id="LbEdfIopSentMask"          title="Маска признаков отправки ИОП"/>

    <string id="ReceiverIop"                title="ИОП Получателем"                                     virtual="true"/>
    <string id="ReceiverIopConfirm"         title="ИОП Подтверждения получателем"                       virtual="true"/>
    <string id="SenderOperatorConfirm"      title="ИОП Подтверждения отправителем"                      virtual="true"/>
    <string id="ReceiverOperatorConfirm"    title="ИОП Подтверждения на получение ИОП СФ отправителем"  virtual="true"/>
    <string id="SenderRequestCorrection"    title="ИОП Подтверждения на получение уведомления об уточнении"  virtual="true"/>
    <!-- ИОП -->

    <string  id="LbEdfSigningSystem"    title="Система для подписания"          max-length="32"/>

    <date   id="LbEdfMainDocDate"   title="Дата документа основания"/>
    <string id="LbEdfMainDocNum"    title="Номер документа основания"     max-length="64"/>

    <guid id="LbEdfMainDocId"      title="Документ основание" virtual="true">
        <list-link ds="basis_documents" model="LbEdfPrimaryDocument" key-field="Id" value-field="LbEdfDocumentNumber"/>
    </guid>
    <date   id="LbEdfBasisDate"     title="Дата документа основания"      virtual="true"/>
    <string id="LbEdfBasisLink"     title="Связь с документом основанием" virtual="true"/>

    <string id="LbEdfCorrectedDocumentIdList" title="Идентификаторы исходных документов" max-length="38" collection="true"/>
    <string id="LbEdfCorrectedDocumentNumberList" title="Номера исходных документов" max-length="1000" collection="true"/>
    <string id="LbEdfCorrectedDocumentDateList" title="Даты исходных документов" max-length="10" collection="true"/>

    <string id="LbEdfInvoiceCorrNum" title="Номер исправления документа" max-length="64"/>
    <date id="LbEdfInvoiceCorrDate" title="Дата исправления документа"/>

    <string id="LbEdfDocumentLinkEhd"   title="Ссылка на документ в КИС ЭХД"    max-length="64"/>
    <string id="LbEdfDocumentIdUs"      title="Идентификатор документа из УС"   max-length="64"/>
    <string id="LbEdfDocumentLinkUs"    title="Ссылка на договор в УС"          max-length="64"/>
    <string id="LbEdfDocumentKindUs"    title="Код вида документа УС"           max-length="32"/>
    <string id="LbEdfDocumentStatusUs"  title="Статус УС"                       max-length="32"/>
    <string id="LbEdfDocumentStatusSentEhd" title="Отправленный статус в КИС ЭХД"   max-length="32"/>
    <string id="LbEdfDocumentLinkSed"   title="Ссылка на договор в КИС СЭД"     max-length="64"/>
    <string id="LbEdfDocumentIdPackEhd" title="Ид пакета в КИС ЭХД"             max-length="64"/>
    <boolean id="LbEdfDocumentNewPackEhd" title="Новый пакет КИС ЭХД"/>
    <boolean id="LbEdfDocumentMainEhd"  title="Основной документ в пакете КИС ЭХД"/>
    <integer id="LbEdfDocumentSizePackEhd" title="Количество документов в пакете КИС ЭХД"/>
    <string id="LbEdfDocumentBasketEhd" title="Имя очереди в КИС ЭХД"           max-length="64"/>
    <string id="LbEdfDocumentAccessGroupEhd" title="Группа доступа специалиста ТНФ от КИС ЭХД" max-length="128"/>
    <string id="LbEdfDescription"       title="Описание"                        max-length="2000"/>

    <date   id="LbEdfCreateDate"        title="Дата создания документа"/>
    <date   id="LbEdfRegisterDate"      title="Дата регистрации документа"/>
    <date   id="LbEdfExportSedDate"     title="Дата выгрузки в СЭД"/>
    <date   id="LbEdfAgreementDate"     title="Дата согласования"/>
    <date   id="LbEdfSignDate"          title="Дата подписания"/>
    <date   id="LbEdfSendDate"          title="Дата отправки КА"/>
    <date   id="LbEdfExportUsDate"      title="Дата выгрузки в УС"/>
    <date   id="LbEdfExportEhdDate"     title="Дата выгрузки в КИС ЭХД"/>
    <string id="CreatorSystem"          title="Название системы-создателя документа"    max-length="50" defaultValue="MUZEDO"/>
    <string id="LbEdfContractorStatus" title="Статус контрагента" max-length="32"/>
    <string id="LbEdfContentStatusUs" title="Состояние вложения внутреннего документа из УС" max-length="16"/>

    <date   id="LbEdfStatusChangeDate"  title="Дата статуса"/>

    <string  id="LinkedSystemCodeUs"    title="Код смежной системы - УС" />
    <string  id="LinkedSystemCodeEhd"   title="Код смежной системы - КИСЭХД" />
    <string  id="LinkedSystemCodeSed"  title="Код смежной системы - КСДД" />

    <string id="LbEdfSedSignableAttachmentId" title="Идентификатор подписываемого в СЭД вложения" />

    <object	id="LbEdfSecurityProxyFolder"  title="Доверенная папка безопасности" model="Folder" />

    <!-- Информация о документах отгрузки -->
    <object id="ShippingDocInfoList"    title="Коллекция документов об отгрузке" model="LbEdfShippingDocInfo" collection="true" virtual="true" />

    <string id="LbEdfCommodityControlInfo" title="Информация о контроле за движением товара">
        <list-link ds="commodity_control_types" model="commoditycontroltypes" key-field="id" value-field="name"/>
    </string>
    <string id="LbEdfInvoiceFormationCircumstances" title="Обстоятельства формирования счета-фактуры">
        <list-link ds="invoice_formation_circs" model="invoiceformation" key-field="id" value-field="name"/>
    </string>
    <date id="LbEdfServiceStartDate" title="Дата начала периода оказания услуг"/>
    <date id="LbEdfServiceEndDate" title="Дата окончания периода оказания услуг"/>

    <string  id="LbEdfDocumentLinks"    title="Связанные документы"             virtual="true"/>
    <string  id="LbEdfContragentType"   title="Тип контрагента"                 virtual="true"/>

    <string id="LbEdfDocStatus_object"                  title="Статус документа в ЭДО"                              virtual="true"/>
    <string id="LbEdfDocumentKind_object"               title="Вид документа"                                       virtual="true"/>
    <string id="LbEdfContractCodeId"                    title="Идентификатор договора"                              virtual="true"/>
    <string id="LbEdfAdditionalAgreementCodeId"         title="Идентификатор дополнительного соглашения"            virtual="true"/>

    <string id="ApprovalListId" virtual="true">
        <list-link ds="approval_lists" model="LbEdfApprovalList" key-field="AnnotatedObject" value-field="Id"/>
    </string>

    <string  id="LbEdfCurrentUser"                 title="Идентификатор текущего пользователя"  virtual="true"/>

    <!-- Полные ссылки на другие системы -->
    <string  id="DocumentLinkAccounting"    title="Ссылка на документ в УС"         virtual="true"/> <!-- Использовать только для GUI -->
    <string  id="DocumentLinkEhd"           title="Ссылка на документ в КИС ЭХД"    virtual="true"/>
    <string  id="DocumentLinkSed"           title="Ссылка на документ в СЭД"        virtual="true"/>
    <string  id="ContractLinkEhd"           title="Ссылка на договор"     virtual="true"/>
    <string  id="CardTitle"                 title="Заголовок карточки документа"    virtual="true"/>

    <string id="OstDepartments" title="AD-группы отделов ОСТа" virtual="true" collection="true"/>
    <string id="CuratorContractRole" title="AD-группа роли куратора договора" virtual="true"/>
    <string id="CurrentUserDepartments" title="AD-группы отдела текущего пользователя" virtual="true" collection="true"/>
    <string id="PreviousCurator" title="Прошлый куратор" virtual="true"/>
    <string id="LinkSourceTypes" title="Доступные типы связей" virtual="true"/>
    <string id="EHDDocTypesSupport" title="Поддержка сервиса КУД КИС ЭХД" virtual="true"/>
    <string id="PersonalCertificateSigningSupport" title="Использование личных КЭП" virtual="true"/>

    <integer id="LbEdfXmlErrorCode" title="Код ошибки валидации xml" />

    <string id="LbEdfOperatorPackageId" title="Идентификатор пакета"    max-length="38"/>

    <processor id="ShippingDocInfoProcessor" stage="AFTER" operation="GET">
        <filter-expression> <![CDATA[ present("ShippingDocInfoList") ]]> </filter-expression>
    </processor>

    <processor id="ShippingDocInfoProcessor" stage="BEFORE" operation="SAVE">
        <filter-expression> <![CDATA[ present("ShippingDocInfoList") ]]> </filter-expression>
    </processor>

    <processor id="ShippingDocInfoProcessor" stage="AFTER" operation="CHECKIN">
        <!--Свойство присутствует только в аннотации предыдущей версии документа-->
    </processor>

    <processor id="ObjectListServiceAppender" stage="AFTER" operation="GET">
        <filter-expression> <![CDATA[
            present("LbEdfDocumentKind_object")
            || present("LbEdfDocStatus_object")
            || present("LbEdfContractCodeId")
            || present("LbEdfAdditionalAgreementCodeId")
        ]]> </filter-expression>
        <config>
            <field sourcefield="LbEdfDocumentKind"      targetfield="LbEdfDocumentKind_object"      key="CODE"              listname="doc_kinds.DOCUMENTKINDS"/>
            <field sourcefield="LbEdfDocStatus"         targetfield="LbEdfDocStatus_object"         key="id"                listname="statuses.statuses">
                <virtual-list-property name="name" expression="bo.getAttributeValue('LbEdfIsDocIncomming') == true ? item.incomingName : item.outgoingName" />
            </field>
            <field sourcefield="LbEdfContractCode" targetfield="LbEdfContractCodeId" key="LbEdfContractCode" listname="custom_contracts.CustomContract"/>
            <field sourcefield="LbEdfAdditionalAgreementCode" targetfield="LbEdfAdditionalAgreementCodeId" key="LbEdfContractCode" listname="custom_contracts.CustomContract"/>
        </config>
    </processor>

    <processor id="UpdatePropertiesProcessor" stage="AFTER" operation="SAVE,CHECKIN">
        <filter-expression><![CDATA[
            dirty("LbEdfDocumentKind")
            || dirty("LbEdfDocumentNumber")
            || dirty("LbEdfDocumentDate")
            || dirty("LbEdfCurator")
            || dirty("LbEdfContractCode")
            || dirty("LbEdfAdditionalAgreementCode")
            || dirty("LbEdfDocStatus")
        ]]></filter-expression>
    </processor>

    <!--
        Должен быть строго после UpdatePropertiesProcessor, т.к. в нем определяется Штрихкод документа
        SAVE - сохранение документа из внешних источников + создание документа через интерфейс МЮЗ-ЭДО
        CHECKIN - обновление документа через интерфейс МЮЗ-ЭДО
    -->
    <processor id="ContentProcessor" stage="BEFORE,AFTER" operation="SAVE,CHECKIN">
        <!--            Не используем фильтр, т.к. контент может быть обновлен, но требуемые атрибуты - нет -->
        <!--        <filter-expression> <![CDATA[-->
        <!--                    present("LbEdfIsDocIncomming")-->
        <!--                    && present("LbEdfDocType")-->
        <!--                    && present("LbEdfRecipientINN")-->
        <!--                    && present("LbEdfRecipientKPP")-->
        <!--                ]]> </filter-expression>-->
    </processor>

    <processor id="LinkedDocumentsProcessor" stage="AFTER" operation="CREATE,GET,SAVE,CHECKIN">
        <filter-expression> <![CDATA[ present("LbEdfDocumentLinks") ]]> </filter-expression>
    </processor>

    <processor id="NotificationSendProcessor" stage="AFTER" operation="SAVE,CHECKIN">
        <filter-expression> <![CDATA[ dirty("LbEdfCurator") && present("PreviousCurator") && (value("LbEdfCurator") != value("PreviousCurator")) ]]> </filter-expression>
    </processor>

    <processor id="FieldDependencyProcessor" stage="BEFORE" operation="CHECKIN">
        <filter-expression><![CDATA[ present("LbEdfSignatureStatus") ]]></filter-expression>
        <config>
            <!-- Перед сохранением нового контента документа обнуляем информацию о валидности подписи -->
            <field name="LbEdfSignatureStatus">null</field>
        </config>
    </processor>

    <processor id="FieldDependencyProcessor" stage="AFTER" operation="CREATE,GET">
        <filter-expression> <![CDATA[
            present("LbEdfCurrentUser")
            || present("PreviousCurator")
            || present("DocumentLinkAccounting")
            || present("DocumentLinkEhd")
            || present("DocumentLinkSed")
            || present("ContractLinkEhd")
            || present("CardTitle")
            || present("SenderRequestCorrection")
            || present("ReceiverIop")
            || present("ReceiverOperatorConfirm")
            || present("SenderOperatorConfirm")
            || present("ReceiverIopConfirm")
            || present("InvalidIopSignature")
            || present("InvalidAnnulmentSignature")
            || present("InvalidContragentIopSignature")
            || present("OstDepartments")
            || present("CuratorContractRole")
            || present("CurrentUserDepartments")
            || present("LbEdfContractDateCopy")
            || present("LbEdfContractNumberCopy")
            || present("LbEdfContragentType")
            || present("LinkSourceTypes")
            || present("ApprovalListId")
            || present("EHDDocTypesSupport")
            || present("PersonalCertificateSigningSupport")
            || present("LbEdfDocumentNumber")
        ]]> </filter-expression>
        <config>
            <field name="LbEdfCurrentUser">user.getId()</field>
            <field name="PreviousCurator" dependsOn="LbEdfCurator">bo.getAttributeValue("LbEdfCurator")</field>
            <field name="DocumentLinkAccounting" dependsOn="LinkedSystemCodeUs;LbEdfDocumentLinkUs"><![CDATA[
                var code = bo.getAttributeValue("LinkedSystemCodeUs");
                var link_acc = bo.getAttributeValue("LbEdfDocumentLinkUs");
                var system = ost.getLinkedSystems().getAccountingBySystemCode(code);
                return ((system != null && link_acc != null && system.getDocumentLink() != null) ?
                    system.getDocumentLink().replace('%VALUE%', link_acc)
                    : "null"
                );
            ]]></field>
            <field name="DocumentLinkEhd" dependsOn="LinkedSystemCodeEhd;LbEdfDocumentLinkEhd"><![CDATA[
                var code = bo.getAttributeValue("LinkedSystemCodeEhd");
                var link_ehd = bo.getAttributeValue("LbEdfDocumentLinkEhd");
                var system = ost.getLinkedSystems().getEhdBySystemCode(code);
                return ((system != null && link_ehd != null && system.getDocumentLink() != null) ?
                    system.getDocumentLink().replace('%VALUE%', link_ehd)
                    : "null"
                );
            ]]></field>
            <field name="DocumentLinkSed" dependsOn="LinkedSystemCodeSed;LbEdfDocumentLinkSed"><![CDATA[
                var code = bo.getAttributeValue("LinkedSystemCodeSed");
                var link_sed = bo.getAttributeValue("LbEdfDocumentLinkSed");
                var system = ost.getLinkedSystems().getSedBySystemCode(code);
                return ((system != null && link_sed != null && system.getDocumentLink() != null) ?
                    system.getDocumentLink().replace('%VALUE%', link_sed)
                    : "null"
                );
            ]]></field>
            <field name="ContractLinkEhd" dependsOn="LinkedSystemCodeEhd;LbEdfContractCodeId;LbEdfAdditionalAgreementCodeId"><![CDATA[
                var code = bo.getAttributeValue("LinkedSystemCodeEhd");
                var contractCodeId = bo.getAttributeValue("LbEdfContractCodeId");
                var additionalAgreementCodeId = bo.getAttributeValue("LbEdfAdditionalAgreementCodeId");
                var link_cehd = additionalAgreementCodeId != null
                        ? additionalAgreementCodeId.get("LbEdfContractLinkEhd")
                        : (contractCodeId != null
                                ? contractCodeId.get("LbEdfContractLinkEhd")
                                : null);
                var system = ost.getLinkedSystems().getEhdBySystemCode(code);
                return ((system != null && link_cehd != null && system.getContractLink() != null) ?
                    system.getContractLink().replace('%VALUE%', link_cehd)
                    : "null"
                );
            ]]></field>
            <field name="CardTitle" dependsOn="LbEdfBarcode;LbEdfDocumentKind;LbEdfDocumentKind_object;LbEdfDocStatus;LbEdfDocumentNumber">
                <![CDATA[
                    import java.util.*;
                    import java.text.SimpleDateFormat;

                    var kindObj = bo.getAttributeValue("LbEdfDocumentKind_object");
                    if(kindObj == null || kindObj.get("NAME") == null)
                        return "";

                    var kindObjName = kindObj.get("NAME").toString();
                    var docNumber = bo.getAttributeValue("LbEdfDocumentNumber");
                    var docDate = bo.getAttributeValue("LbEdfDocumentDate");

                    if(bo.getAttributeValue("LbEdfDocStatus") == 'tn_ehd'){
                        return  kindObjName +
                                "_" +
                                (docNumber != null? docNumber.toString() : "") +
                                "_" +
                                (docDate != null? new SimpleDateFormat("dd.MM.yyyy").format(docDate) : "");
                    }

                    return bo.getAttributeValue("LbEdfBarcode") != null
                            ? bo.getAttributeValue("LbEdfBarcode").toString() + "_" + kindObjName
                            : kindObjName;
                ]]>
            </field>

            <!-- Установка признаков отправки/получения ИОПов -->
            <!-- Конфигурирование: http://devservice.it.ru/confluence/pages/viewpage.action?pageId=50080526 -->
            <field name="SenderRequestCorrection" dependsOn="LbEdfIopSentMask">
                <![CDATA[
                    bo.getAttributeValue("LbEdfIopSentMask") == null ? "NOT_RECEIVED"
                        : bo.getAttributeValue("LbEdfIopSentMask") & 256 == 256 ? "SENDED"
                            : bo.getAttributeValue("LbEdfIopSentMask") & 512 == 512 ? "RECEIVED" : "NOT_RECEIVED"
                ]]>
            </field>
            <field name="ReceiverIop" dependsOn="LbEdfIopSentMask">
                <![CDATA[
                    bo.getAttributeValue("LbEdfIopSentMask") == null ? "NOT_RECEIVED"
                        : bo.getAttributeValue("LbEdfIopSentMask") & 64 == 64 ? "SENDED"
                            : bo.getAttributeValue("LbEdfIopSentMask") & 128 == 128 ? "RECEIVED" : "NOT_RECEIVED"
                ]]>
            </field>
            <field name="ReceiverOperatorConfirm" dependsOn="LbEdfIopSentMask">
                <![CDATA[
                    bo.getAttributeValue("LbEdfIopSentMask") == null ? "NOT_RECEIVED"
                        : bo.getAttributeValue("LbEdfIopSentMask") & 32 != 32 ? "NOT_RECEIVED"
                            : bo.getAttributeValue("LbEdfIopSentMask") & 16 == 16 ? "SENDED" : "RECEIVED"
                ]]>
            </field>
            <field name="SenderOperatorConfirm" dependsOn="LbEdfIopSentMask">
                <![CDATA[
                    bo.getAttributeValue("LbEdfIopSentMask") == null ? "NOT_RECEIVED"
                        : bo.getAttributeValue("LbEdfIopSentMask") & 8 != 8 ? "NOT_RECEIVED"
                            : bo.getAttributeValue("LbEdfIopSentMask") & 4 == 4 ? "SENDED" : "RECEIVED"
                ]]>
            </field>
            <field name="ReceiverIopConfirm" dependsOn="LbEdfIopSentMask">
                <![CDATA[
                    bo.getAttributeValue("LbEdfIopSentMask") == null ? "NOT_RECEIVED"
                        : bo.getAttributeValue("LbEdfIopSentMask") & 2 != 2 ? "NOT_RECEIVED"
                            : bo.getAttributeValue("LbEdfIopSentMask") & 1 == 1 ? "SENDED" : "RECEIVED"
                ]]>
            </field>

            <field name="InvalidIopSignature" dependsOn="LbEdfInvalidSignatureMask">
                <![CDATA[
                    (bo.getAttributeValue("LbEdfInvalidSignatureMask") != null)
                    && ((bo.getAttributeValue("LbEdfInvalidSignatureMask") & 1023) > 0)
                ]]>
            </field>

            <field name="InvalidAnnulmentSignature" dependsOn="LbEdfInvalidSignatureMask">
                <![CDATA[
                    (bo.getAttributeValue("LbEdfInvalidSignatureMask") != null)
                    && ((bo.getAttributeValue("LbEdfInvalidSignatureMask") & 1024) > 0)
                ]]>
            </field>

            <field name="InvalidContragentIopSignature" dependsOn="LbEdfInvalidSignatureMask">
                <![CDATA[
                    (bo.getAttributeValue("LbEdfInvalidSignatureMask") != null)
                    && ((bo.getAttributeValue("LbEdfInvalidSignatureMask") & 2) > 0)
                ]]>
            </field>

            <field name="OstDepartments"><![CDATA[
                var departmentsInfo = [];
                for (dep : ost.getDepartments()) {
                    departmentsInfo.add(["rnu": dep.getRnu(), "groups": dep.getGroups()]);
                }
                return departmentsInfo;
            ]]></field>
            <field name="CuratorContractRole"><![CDATA[
                return ost.getRoleCuratorContract();
            ]]>
            </field>
            <field name="CurrentUserDepartments"><![CDATA[
                var userGroups = user.getMemberOf();
                if (userGroups.contains(ost.getRoleAdmin())) {
                    return ['*'];
                }

                var deps = [];
                for (dep : ost.getDepartments()) {
                    var depGroups = dep.getGroups();
                    for (group : userGroups) {
                        if (depGroups.contains(group) && !deps.contains(group)) {
                            deps.add(group);
                        }
                    }
                }
                return deps;
            ]]></field>

            <field name="LbEdfContractDateCopy" dependsOn="LbEdfContractDate;LbEdfContractCode"><![CDATA[
                import java.text.SimpleDateFormat;

                var contractCode = bo.getAttributeValue("LbEdfContractCode");
                if (contractCode == null || contractCode == '') {
                    var contractDate = bo.getAttributeValue("LbEdfContractDate");
                    return (contractDate == null) ? "" : new SimpleDateFormat("dd.MM.yyyy").format(contractDate);
                }
                return null;
            ]]>
            </field>
            <field name="LbEdfContractNumberCopy" dependsOn="LbEdfContractNumber;LbEdfContractCode"><![CDATA[
                var contractCode = bo.getAttributeValue("LbEdfContractCode");
                if (contractCode == null || contractCode == '') {
                    var contractNumber = bo.getAttributeValue("LbEdfContractNumber");
                    return (contractNumber == null) ? "" : contractNumber;
                }
                return null;
            ]]>
            </field>
            <field name="LbEdfAdditionalAgreementDateCopy" dependsOn="LbEdfAdditionalAgreementDate;LbEdfAdditionalAgreementCode"><![CDATA[
                import java.text.SimpleDateFormat;

                var additionalAgreementCode = bo.getAttributeValue("LbEdfAdditionalAgreementCode");
                if (additionalAgreementCode == null || additionalAgreementCode == '') {
                    var additionalAgreementDate = bo.getAttributeValue("LbEdfAdditionalAgreementDate");
                    return (additionalAgreementDate == null) ? "" : new SimpleDateFormat("dd.MM.yyyy").format(additionalAgreementDate);
                }
                return null;
            ]]>
            </field>
            <field name="LbEdfAdditionalAgreementNumberCopy" dependsOn="LbEdfAdditionalAgreementNumber;LbEdfAdditionalAgreementCode"><![CDATA[
                var additionalAgreementCode = bo.getAttributeValue("LbEdfAdditionalAgreementCode");
                if (additionalAgreementCode == null || additionalAgreementCode == '') {
                    var additionalAgreementNumber = bo.getAttributeValue("LbEdfAdditionalAgreementNumber");
                    return (additionalAgreementNumber == null) ? "" : additionalAgreementNumber;
                }
                return null;
            ]]>
            </field>
            <field name="LbEdfContragentType" dependsOn="LbEdfContragentId"><![CDATA[
                for (remoteOst: env.getOst().getLinkedSystems().getMuzedos()) {
                    if (remoteOst.getId() == bo.getAttributeValue("LbEdfContragentId")) {
                        return 'OST';
                    }
                }
                return null;
            ]]>
            </field>
            <field name="LinkSourceTypes" dependsOn="LinkedSystemCodeUs;LinkedSystemCodeEhd"><![CDATA[
                import ru.brbpm.tnuzdo.integration.configuration.dto.Accounting.Type;

                var types = [];
                types.add(["code": "MUZEDO", "name": "МЮЗ ЭДО"]);
                types.add(["code": "MUZEDO_LINKED", "name": "МЮЗ ЭДО (связанные)"]);
                types.add(["code": "LOCAL_DISK", "name": "Локальный диск"]);

                var codeEhd = bo.getAttributeValue("LinkedSystemCodeEhd");
                if (codeEhd != null) {
                    types.add(["code": "EHD", "name": "КИС ЭХД"]);
                }

                var codeUs = bo.getAttributeValue("LinkedSystemCodeUs");
                if (codeUs != null) {
                    var us = env.getOst().getLinkedSystems().getAccountingBySystemCode(codeUs);
                    if (us.getType() == Type._1C) {
                        types.add(["code": "ACCOUNTING", "name": "Учетная система"]);
                    }
                }
                return types;
            ]]>
            </field>
            <field name="ApprovalListId"><![CDATA[
                return bo.getId();
        ]]></field>
            <field name="EHDDocTypesSupport">
                <st:property id='docTypeServiceSupport'/>
            </field>
            <field name="PersonalCertificateSigningSupport">
                <st:property id='personalCertificateSigningSupport'/>
            </field>
            <field name="LbEdfDocumentNumber" dependsOn="LbEdfDocumentNumber;LbEdfDocumentKind;ID">
                <![CDATA[
                    //TODO: После внедрения поля уникальности (ФС 44) убрать идентификатор из номера и пересмотреть
                    import org.apache.commons.lang3.StringUtils;

                    return (StringUtils.equalsAny(bo.getAttributeValue("LbEdfDocumentKind"), "AKT_10", "TORG12_10")
                        && StringUtils.isBlank(bo.getAttributeValue("LbEdfDocumentNumber")))
                        ? "Б/Н (" + StringUtils.substring(bo.getAttributeValue("ID"), 1, -1) + ")" //без {}
                        : bo.getAttributeValue("LbEdfDocumentNumber");
                ]]>
            </field>
        </config>
    </processor>

    <security-templates>
        <security-template id="DEFAULT">
            <add-rule rule="READ"      allowed-roles="Документ.Просмотр"/>
            <add-rule for="*" rule="READ" allowed-roles="Документ.Просмотр"/>

            <remove-rule rule="READ" allowed-roles="Подписант"
                      apply-when="LbEdfDocStatus != 'tn_sign_await' &amp;&amp; LbEdfDocStatus != 'sys_signed'"/>
            <remove-rule for="*" rule="READ" allowed-roles="Подписант"
                      apply-when="LbEdfDocStatus != 'tn_sign_await' &amp;&amp; LbEdfDocStatus != 'sys_signed'"/>

            <add-rule rule="EDIT"      allowed-roles="Документ.Связать" apply-when="
                (LbEdfIsDocIncomming == true &amp;&amp; ReceiverIop == 'SENDED' &amp;&amp; (
                    LbEdfDocStatus == 'sys_received'
                    || LbEdfDocStatus == 'tn_rework'
                    || LbEdfDocStatus == 'tn_agreement_approved'
                    || LbEdfDocStatus == 'sys_signed'
                    || LbEdfDocStatus == 'sys_sent'
                    || LbEdfDocStatus == 'tn_amended'
                    || LbEdfDocStatus == 'tn_corrected'
                    || LbEdfDocStatus == 'sys_completed'
                    || LbEdfDocStatus == 'tn_claritication_required')
                )
                || (LbEdfIsDocIncomming == false &amp;&amp; (
                    LbEdfDocStatus == 'tn_created'
                    || LbEdfDocStatus == 'tn_rework'
                    || LbEdfDocStatus == 'sys_signed'
                    || LbEdfDocStatus == 'sys_sent'
                    || LbEdfDocStatus == 'sys_receipt_received'
                    || LbEdfDocStatus == 'sys_sign_received'
                    || LbEdfDocStatus == 'tn_amended'
                    || LbEdfDocStatus == 'tn_corrected'
                    || LbEdfDocStatus == 'sys_correction_requested'
                    || LbEdfDocStatus == 'sys_completed')
                )"/>
            <add-rule for="LbEdfCurator" rule="EDIT" allowed-roles="Документ.Изменить"/>
            <add-rule for="LbEdfContractCode" rule="EDIT" allowed-roles="Документ.Изменить"
                      apply-when="(LbEdfIsDocIncomming == true
                            &amp;&amp; (LbEdfContractCode == null || LbEdfContractCode == '')
                            &amp;&amp; (LbEdfDocStatus == 'sys_received' || LbEdfDocStatus == 'tn_rework')
                        )
                        || (LbEdfIsDocIncomming == false
                            &amp;&amp; CreatorSystem == 'MUZEDO'
                            &amp;&amp; (LbEdfDocStatus == 'tn_created' || LbEdfDocStatus == 'tn_rework')
                            &amp;&amp; (DocumentType == 'NON_FORMALIZED' || Id == null)
                        )"/>
            <add-rule for="LbEdfAdditionalAgreementCode" rule="EDIT" allowed-roles="Документ.Изменить"
                      apply-when="(LbEdfIsDocIncomming == true
                            &amp;&amp; (LbEdfAdditionalAgreementCode == null || LbEdfAdditionalAgreementCode == '')
                            &amp;&amp; (LbEdfDocStatus == 'sys_received' || LbEdfDocStatus == 'tn_rework')
                        )
                        || (LbEdfIsDocIncomming == false
                            &amp;&amp; CreatorSystem == 'MUZEDO'
                            &amp;&amp; (LbEdfDocStatus == 'tn_created' || LbEdfDocStatus == 'tn_rework')
                            &amp;&amp; (DocumentType == 'NON_FORMALIZED' || Id == null)
                        )"/>
            <add-rule for="LbEdfMainDocId" rule="EDIT" allowed-roles="Документ.Изменить" apply-when="
                (LbEdfIsDocIncomming == true &amp;&amp; ReceiverIop == 'SENDED' &amp;&amp; (
                    LbEdfDocStatus == 'sys_received'
                    || LbEdfDocStatus == 'tn_rework')
                )
                || (LbEdfIsDocIncomming == false &amp;&amp; (
                    LbEdfDocStatus == 'tn_created'
                    || LbEdfDocStatus == 'tn_rework')
                )"/>
            <add-rule for="ShippingDocInfoList" rule="EDIT" allowed-roles="Документ.Изменить" apply-when="
                LbEdfIsDocIncomming == false
                &amp;&amp; (LbEdfDocStatus == 'tn_created'|| LbEdfDocStatus == 'tn_rework')
                "/>
            <add-rule for="LbEdfServiceStartDate" rule="EDIT" allowed-roles="Документ.Изменить" apply-when="
                LbEdfIsDocIncomming == false
                &amp;&amp; (LbEdfDocStatus == 'tn_created'|| LbEdfDocStatus == 'tn_rework')
                "/>
            <add-rule for="LbEdfServiceEndDate" rule="EDIT" allowed-roles="Документ.Изменить" apply-when="
                LbEdfIsDocIncomming == false
                &amp;&amp; (LbEdfDocStatus == 'tn_created'|| LbEdfDocStatus == 'tn_rework')
                "/>
            <add-rule for="LbEdfInvoiceFormationCircumstances" rule="EDIT" allowed-roles="Документ.Изменить" apply-when="
                LbEdfIsDocIncomming == false
                &amp;&amp; (LbEdfDocStatus == 'tn_created'|| LbEdfDocStatus == 'tn_rework')
                "/>
            <add-rule for="LbEdfDocumentKind" rule="EDIT" allowed-roles="Документ.Изменить"
                      apply-when="LbEdfIsDocIncomming == true
                            &amp;&amp; (LbEdfDocumentKind == null || LbEdfDocumentKind == '')
                            &amp;&amp; (LbEdfDocStatus == 'sys_received' || LbEdfDocStatus == 'tn_rework')
                            &amp;&amp; DocumentType == 'NON_FORMALIZED'"/>
            <add-rule for="LbEdfDocumentNumber" rule="EDIT" allowed-roles="Документ.Изменить"
                      apply-when="(LbEdfIsDocIncomming == true
                            &amp;&amp; (LbEdfDocumentNumber == null || LbEdfDocumentNumber == '')
                            &amp;&amp; (LbEdfDocStatus == 'sys_received' || LbEdfDocStatus == 'tn_rework')
                            &amp;&amp; (DocumentType == 'NON_FORMALIZED' || LbEdfDocumentKind == 'AKT_10' || LbEdfDocumentKind == 'TORG12_10')
                        )
                        || (LbEdfIsDocIncomming == false
                            &amp;&amp; (LbEdfDocStatus == 'tn_created' || LbEdfDocStatus == 'tn_rework')
                            &amp;&amp; CreatorSystem == 'MUZEDO'
                            &amp;&amp; (DocumentType == 'NON_FORMALIZED' || Id == null)
                        )"/>
            <add-rule for="LbEdfDocumentDate" rule="EDIT" allowed-roles="Документ.Изменить"
                      apply-when="(LbEdfIsDocIncomming == true
                            &amp;&amp; LbEdfDocumentDate == null
                            &amp;&amp; (LbEdfDocStatus == 'sys_received' || LbEdfDocStatus == 'tn_rework')
                            &amp;&amp; DocumentType == 'NON_FORMALIZED'
                        )
                        || (LbEdfIsDocIncomming == false
                            &amp;&amp; (LbEdfDocStatus == 'tn_created' || LbEdfDocStatus == 'tn_rework')
                            &amp;&amp; CreatorSystem == 'MUZEDO'
                            &amp;&amp; (DocumentType == 'NON_FORMALIZED' || Id == null)
                        )"/>
            <add-rule for="LbEdfSumma" rule="EDIT" allowed-roles="Документ.Изменить"
                      apply-when="(LbEdfIsDocIncomming == true
                            &amp;&amp; (LbEdfDocStatus == 'sys_received' || LbEdfDocStatus == 'tn_rework')
                            &amp;&amp; DocumentType == 'NON_FORMALIZED'
                        )
                        || (LbEdfIsDocIncomming == false
                            &amp;&amp; (LbEdfDocStatus == 'tn_created' || LbEdfDocStatus == 'tn_rework')
                            &amp;&amp; CreatorSystem == 'MUZEDO'
                            &amp;&amp; (DocumentType == 'NON_FORMALIZED' || Id == null)
                        )"/>
            <add-rule for="LbEdfSummaNds" rule="EDIT" allowed-roles="Документ.Изменить"
                      apply-when="(LbEdfIsDocIncomming == true
                            &amp;&amp; (LbEdfDocStatus == 'sys_received' || LbEdfDocStatus == 'tn_rework')
                            &amp;&amp; DocumentType == 'NON_FORMALIZED'
                        )
                        || (LbEdfIsDocIncomming == false
                            &amp;&amp; (LbEdfDocStatus == 'tn_created' || LbEdfDocStatus == 'tn_rework')
                            &amp;&amp; CreatorSystem == 'MUZEDO'
                            &amp;&amp; (DocumentType == 'NON_FORMALIZED' || Id == null)
                        )"/>
            <add-rule for="LbEdfCurrency" rule="EDIT" allowed-roles="Документ.Изменить"
                      apply-when="(LbEdfIsDocIncomming == true
                            &amp;&amp; (LbEdfDocStatus == 'sys_received' || LbEdfDocStatus == 'tn_rework')
                            &amp;&amp; DocumentType == 'NON_FORMALIZED'
                        )
                        || (LbEdfIsDocIncomming == false
                            &amp;&amp; (LbEdfDocStatus == 'tn_created' || LbEdfDocStatus == 'tn_rework')
                            &amp;&amp; CreatorSystem == 'MUZEDO'
                            &amp;&amp; (DocumentType == 'NON_FORMALIZED' || Id == null)
                        )"/>
            <add-rule for="LbEdfContragentId" rule="EDIT" allowed-roles="Документ.Изменить"
                      apply-when="LbEdfIsDocIncomming == false
                            &amp;&amp; (LbEdfDocStatus == 'tn_created' || LbEdfDocStatus == 'tn_rework')
                            &amp;&amp; CreatorSystem == 'MUZEDO'
                            &amp;&amp; (DocumentType == 'NON_FORMALIZED' || Id == null)
                        "/>
        </security-template>
    </security-templates>
</model>