<?xml version="1.0" encoding="UTF-8" ?>
<!-- Справочник статусов соглашения об ЭДО -->
<data-source id="agreement_statuses" class="ru.blogic20.gp.services.list.modules.xml.XmlModule" xmlns:st="http://blogic20.ru/2016/ConfigModuleUtils.xml">
    <parameter name="tables">statuses</parameter>
    <parameter name="uri"><st:property id="rootdir" default=""/>/lists/agreement_statuses.xml</parameter>
    <parameter name="statuses.tag">status</parameter>
    <parameter name="statuses.key">code</parameter>
    <parameter name="statuses.xpath_key">@code</parameter>
    <parameter name="statuses.key_value">@code='$condition'</parameter>
    <parameter name="statuses.columns">code;name;create;</parameter>
    <parameter name="statuses.xpath_columns">@code;@name;@create;</parameter>
    <parameter name="statuses.modify">MODIFY</parameter>
    <parameter name="statuses.create">CREATE</parameter>
    <parameter name="enable_cache">true</parameter>
</data-source>