<?xml version="1.0" encoding="UTF-8" ?>
<!-- Соглашение об ЭДО -->
<data-source id="agreement_edo" class="ru.blogic20.gp.services.list.modules.ce.CeModule" xmlns:st="http://blogic20.ru/2016/ConfigModuleUtils.xml">
    <parameter name="ce_uri"><st:property id="filenetEngine" default=""/></parameter>
    <parameter name="domain"><st:property id="filenetDomain" default=""/></parameter>
    <parameter name="os"><st:property id="objectStore" default=""/></parameter>
    <parameter name="user"><st:property id="filenetUser" default=""/></parameter>
    <parameter name="password"><st:property id="filenetPassword" default=""/></parameter>
    <parameter name="tables">LbEdfFriendshipInfo</parameter>

    <parameter name="LbEdfFriendshipInfo.key">Id</parameter>
    <parameter name="LbEdfFriendshipInfo.columns">Id;LbEdfFriendshipEdfId;LbEdfFriendshipIsIncoming;LbEdfFriendshipMimeType;LbEdfFriendshipStatus;LbEdfFriendshipContragentInn;LbEdfFriendshipContragentKpp;LbEdfFriendshipContragentName;LbEdfFriendshipComment;LbEdfFriendshipContragentComment;LbEdfOperatorCode;LbEdfFriendshipStatusLocal;LbEdfFriendshipContragentCode;LbEdfFriendshipOperatorName;LbEdfFriendshipDate;LbEdfFriendshipSendDate;LbEdfFriendshipReceiveDate;LbEdfFriendshipSignDate;LbEdfFriendshipContragentSignDate;LbEdfFriendshipRejectDate;LbEdfFriendshipContragentRejectDate;LbEdfFriendshipCommentOutgoing;LbEdfFriendshipCommentIncoming;LbEdfFriendshipCommentReject;LbEdfFriendshipCommentContractorReject;LbEdfSignatureStatus;LbEdfFriendshipNumber;DateCreated;DateLastModified</parameter>
    <parameter name="LbEdfFriendshipInfo.create">DateCreated</parameter>
    <parameter name="LbEdfFriendshipInfo.modify">DateLastModified</parameter>
</data-source>