<?xml version="1.0" encoding="UTF-8" ?>
<data-source id="doc_kinds_to_ehd_titles" class="ru.blogic20.gp.services.list.modules.sql.SqlModule" xmlns:st="http://blogic20.ru/2016/ConfigModuleUtils.xml">
    <jndi-reference name="ds"><st:property id="db2uri" default=""/></jndi-reference>
    <parameter name="tables">DOC_KIND_TO_EHD_TITLE</parameter>

    <parameter name="DOC_KIND_TO_EHD_TITLE.query">
        SELECT D.ID, D.EHD_DOCUMENTKIND_ID, D.UZDO_DOCUMENTKIND_ID, S.EHD_DOC_TITLE_CODE, S.EHD_DOC_TITLE
        FROM UZDOUSER.DOC_KIND_TO_EHD_TITLE D
            LEFT JOIN UZDOUSER.EHD_DOC_TITLES S
            ON S.EHD_DOC_TITLE_CODE = D.EHD_DOCUMENTKIND_ID
        WHERE ($condition)
        ORDER BY $orderBy
    </parameter>
    <parameter name="DOC_KIND_TO_EHD_TITLE.key">ID</parameter>
    <parameter name="DOC_KIND_TO_EHD_TITLE.columns">ID, UZDO_DOCUMENTKIND_ID, EHD_DOC_TITLE_CODE, EHD_DOC_TITLE</parameter>
</data-source>