<?xml version="1.0" encoding="UTF-8" ?>
<!-- Системы-источники документов -->
<data-source id="link_source_systems" class="ru.blogic20.gp.services.list.modules.xml.XmlModule" xmlns:st="http://blogic20.ru/2016/ConfigModuleUtils.xml">
    <parameter name="tables">LINKSOURCESYSTEMS</parameter>
    <parameter name="uri"><st:property id="rootdir" default=""/>/lists/link_source_systems.xml</parameter>
    <parameter name="LINKSOURCESYSTEMS.tag">LINKSOURCESYSTEM</parameter>
    <parameter name="LINKSOURCESYSTEMS.key">code</parameter>
    <parameter name="LINKSOURCESYSTEMS.xpath_key">@code</parameter>
    <parameter name="LINKSOURCESYSTEMS.key_value">@code='$condition'</parameter>
    <parameter name="LINKSOURCESYSTEMS.columns">code;name</parameter>
    <parameter name="LINKSOURCESYSTEMS.xpath_columns">@code;@name</parameter>
    <parameter name="LINKSOURCESYSTEMS.modify">MODIFY</parameter>
    <parameter name="LINKSOURCESYSTEMS.create">CREATE</parameter>
    <parameter name="enable_cache">true</parameter>
</data-source>