<?xml version="1.0" encoding="UTF-8" standalone="yes"?>
<query>
    <where>doc.IsCurrentVersion = true</where>
    <page-size>50</page-size>
    <table id="LbEdfPrimaryDocument" alias="doc"/>

    <!-- Служебные поля -->
    <column title="Идентификатор"                   table="doc"     id="ID"                     type="ID"           hidden="true"  primary-key="true"/>
    <column title="Ид.Версии"                       table="doc"     id="VersionSeries"          type="ID"           hidden="true"/>
    <column title="Контрагент ID"                   table="doc"     id="LbEdfContragentId"      type="STRING"       hidden="true"/>
    <column title="Вид документа"                   table="doc"     id="LbEdfDocumentKind"      type="STRING"       hidden="true"/>
    <column title="Код УС"                          table="doc"     id="LinkedSystemCodeUs"     type="STRING"       hidden="true"/>
    <column title="Код ЭХД"                         table="doc"     id="LinkedSystemCodeEhd"    type="STRING"       hidden="true"/>
    <column title="Тип документа"                   table="doc"     id="LbEdfDocType"           type="STRING"       hidden="true"/>
    <column title="Код вида документа УС"           table="doc"     id="LbEdfDocumentKindUs"    type="STRING"       hidden="true"/>
    <column title="Идентификатор документа из УС"   table="doc"     id="LbEdfDocumentIdUs"      type="STRING"       hidden="true"/>

    <!-- Поля для отображения-->
    <column title="Штрихкод"         table="doc"     id="LbEdfBarcode"           type="STRING"       hidden="false"/>
    <column title="Наименование"     table="doc"     id="DocumentTitle"          type="STRING"       hidden="false"/>
    <column title="Дата"             table="doc"     id="LbEdfDocumentDate"      type="DATE"         hidden="false"/>
    <column title="Номер"            table="doc"     id="LbEdfDocumentNumber"    type="STRING"       hidden="false"/>
    <column title="Контрагент"       table="doc"     id="LbEdfContragentName"    type="STRING"       hidden="false"/>
    <column title="Сумма с НДС"      table="doc"     id="LbEdfSumma"             type="DOUBLE"       hidden="false"/>
    <column title="Сумма НДС"        table="doc"     id="LbEdfSummaNds"          type="DOUBLE"       hidden="true"/>
    <column title="Валюта"           table="doc"     id="LbEdfCurrency"          type="STRING"       hidden="true"/>
    <parameter name="LbEdfCurrency.list">currencies.currencies</parameter>
    <parameter name="LbEdfCurrency.key">id</parameter>
    <parameter name="LbEdfCurrency.view">name</parameter>

    <!-- Список правил сортировки. -->
    <sort-rule table="doc" column="LbEdfDocumentDate" order="DESC"/>

    <parameter name="hidden">ID,VersionSeries,LbEdfContragentId,LbEdfDocumentKind,LinkedSystemCodeUs,LinkedSystemCodeEhd,LbEdfDocType</parameter>

    <parameter name="DateLastModified.format">dd.MM.yyyy HH:mm</parameter>
    <parameter name="LbEdfDocumentDate.format">dd.MM.yyyy</parameter>

    <filter	title="Ид.Версии" table="doc" column="VersionSeries" id="VersionSeries" operation="EQ" multivalue="false" hidden="true"/>
</query>