<?xml version="1.0" encoding="UTF-8" standalone="yes"?>
<!--
SELECT D.[Id] AS DocId, SD.[Id] AS SecDocId, S.[Id], S.[LbEdfVersionNumber]
FROM ([LbEdfDocument] D INNER JOIN [LbEdfSecondaryDocument] SD ON D.[This] = SD.[AnnotatedObject]) INNER JOIN [LbEdfSecondaryDocSignature] S ON D.[This] = S.[AnnotatedObject]
WHERE (D.[VersionSeries] = ?) AND (D.[IsCurrentVersion] = True) AND (S.[Id] IN SD.[LbEdfSignListId])
  AND (SD.[LbEdfTransactionType] = 'WITH_RECIPIENT_SIGNATURE') AND ((SD.[LbEdfParentDocumentId] IS NULL) OR (SD.[LbEdfParentDocumentId] = '') OR (SD.[LbEdfParentDocumentId] = D.[LbEdfDocumentId]))
ORDER BY S.[LbEdfVersionNumber] ASC
-->
<query>
    <where><![CDATA[
        (D.[IsCurrentVersion] = True) AND (S.[Id] IN SD.[LbEdfSignListId])
        AND (SD.[LbEdfTransactionType] = 'WITH_RECIPIENT_SIGNATURE') AND ((SD.[LbEdfParentDocumentId] IS NULL) OR (SD.[LbEdfParentDocumentId] = '') OR (SD.[LbEdfParentDocumentId] = D.[LbEdfDocumentId]))
    ]]></where>

    <table id="LbEdfDocument" alias="D"/>
    <table id="LbEdfSecondaryDocument" alias="SD"/>
    <table id="LbEdfSecondaryDocSignature" alias="S"/>

    <table-join join="INNER" operation="EQ">
        <left table="D" column="This" />
        <right table="SD" column="AnnotatedObject" />
    </table-join>
    <table-join join="INNER" operation="EQ">
        <left table="D" column="This" />
        <right table="S" column="AnnotatedObject" />
    </table-join>

    <column table="D" id="This" type="OBJECT" hidden="true" />
    <column table="D" id="Id" alias="DocId" type="ID" hidden="true" />
    <column table="D" id="VersionSeries" type="ID" hidden="true" />
    <column table="SD" id="Id" alias="SecDocId" type="ID" hidden="true" />
    <column table="SD" id="AnnotatedObject" type="OBJECT" hidden="true" />
    <column table="S" id="Id" type="ID" hidden="true" primary-key="true" />
    <column table="S" id="AnnotatedObject" type="OBJECT" hidden="true" />
    <column table="S" id="LbEdfVersionNumber" type="INTEGER" hidden="true" />

    <sort-rule table="S" column="LbEdfVersionNumber" order="ASC" />

    <filter table="D" column="VersionSeries" id="VersionSeries" operation="EQ" hidden="true" />
</query>