<?xml version="1.0" encoding="UTF-8" standalone="yes"?>
<query>
    <page-size>10</page-size>

    <where>S.LbEdfVerificationResult IS NULL</where>

    <table id="LbEdfAgreementEdoSignature" alias="S"/>
    <table id="LbEdfFriendshipInfo" alias="A"/>

    <table-join join="INNER" operation="EQ">
        <left table="S" column="AnnotatedObject" />
        <right table="A" column="This" />
    </table-join>

    <column table="A" id="This" type="OBJECT" hidden="true" />
    <column table="S" id="Id" type="ID" hidden="true" primary-key="true" />
    <column table="S" id="AnnotatedObject" type="OBJECT" hidden="true" />
</query>