<?xml version="1.0" encoding="UTF-8" ?>
<search-service xmlns:st="http://blogic20.ru/2016/ConfigModuleUtils.xml" xmlns:xi="http://www.w3.org/2001/XInclude">

    <!-- Источник данных для поисков в CE -->
    <data-source id="cesearch" class="ru.blogic20.gp.service.search.ce.CeSearchModule">
        <parameter name="ceUri"><st:property id="filenetEngine" default=""/></parameter>
        <parameter name="ceDomain"><st:property id="filenetDomain" default=""/></parameter>
        <parameter name="ceObjectStore"><st:property id="objectStore" default=""/></parameter>
    </data-source>

    <!-- Источник данных для поисков в SQL -->
    <data-source id="sqlsearch" class="ru.blogic20.gp.service.search.sql.SqlSearchModule">
        <parameter name="dataSource"><st:property id="db2uri" default=""/></parameter>
    </data-source>

    <!-- Алиасы на поиски CE-->
    <aliases>
        <alias id="uzdo_links_search" uri="${rootdir}/search/documents_links_search.xml"/>

        <!-- baskets -->
        <alias id="uzdo_search_incoming_all"        uri="${rootdir}/search/baskets/incoming_all.xml"/>
        <alias id="uzdo_search_incoming_sorted"     uri="${rootdir}/search/baskets/incoming_sorted.xml"/>
        <alias id="uzdo_search_incoming_not_sorted" uri="${rootdir}/search/baskets/incoming_not_sorted.xml"/>
        <alias id="incoming_error_documents"        uri="${rootdir}/search/baskets/incoming_error_documents.xml"/>
        <alias id="uzdo_search_outgoing_all"        uri="${rootdir}/search/baskets/outgoing_all.xml"/>
        <alias id="outgoing_error_documents"        uri="${rootdir}/search/baskets/outgoing_error_documents.xml"/>
        <alias id="uzdo_search_internal_all"        uri="${rootdir}/search/baskets/internal_all.xml"/>
        <alias id="internal_error_documents"        uri="${rootdir}/search/baskets/internal_error_documents.xml"/>
        <alias id="uzdo_search_sending_linked_systems_incoming" uri="${rootdir}/search/baskets/incoming_sending_linked_systems.xml"/>
        <alias id="uzdo_search_sending_linked_systems_outgoing" uri="${rootdir}/search/baskets/outgoing_sending_linked_systems.xml"/>
        <alias id="uzdo_search_sending_linked_systems_internal" uri="${rootdir}/search/baskets/internal_sending_linked_systems.xml"/>

        <alias id="uzdo_search_archive" uri="${rootdir}/search/ArchiveDocumentsQuery.xml"/>
        <alias id="uzdo_search_approval_list" uri="${rootdir}/search/approval_list_search.xml"/>
        <alias id="uzdo_search_in_root_folders" uri="${rootdir}/search/search_in_root_folder.xml"/>
        <alias id="uzdo_search_folder_search" uri="${rootdir}/search/folder_search.xml"/>
        <alias id="for_signer" uri="${rootdir}/search/signing/for_signer.xml"/>

        <alias id="MainSignatures" uri="${rootdir}/search/signatures/MainSignatures.xml"/>
        <alias id="SecondarySignatures" uri="${rootdir}/search/signatures/SecondarySignatures.xml"/>
        <alias id="ResponseSignatures" uri="${rootdir}/search/signatures/ResponseSignatures.xml"/>
        <alias id="MainSignatureVerificationNeeded" uri="${rootdir}/search/signatures/MainSignatureVerificationNeeded.xml"/>
        <alias id="SecondarySignatureVerificationNeeded" uri="${rootdir}/search/signatures/SecondarySignatureVerificationNeeded.xml"/>
        <alias id="MainSignatureEnhanceNeeded" uri="${rootdir}/search/signatures/MainSignatureEnhanceNeeded.xml"/>
        <alias id="SecondarySignatureEnhanceNeeded" uri="${rootdir}/search/signatures/SecondarySignatureEnhanceNeeded.xml"/>
        <alias id="uzdo_search_unverified_agreement_edo_signatures" uri="${rootdir}/search/signatures/unverified_agreement_edo_signatures_search.xml"/>

        <alias id="printform_ResponseDocument" uri="${rootdir}/search/printform/ResponseDocument.xml"/>
        <alias id="printform_MainSignature" uri="${rootdir}/search/printform/MainSignature.xml"/>
        <alias id="printform_ResponseSignature" uri="${rootdir}/search/printform/ResponseSignature.xml"/>
        <alias id="printform_AgreementEdoContent" uri="${rootdir}/search/printform/AgreementEdoContent.xml"/>
        <alias id="printform_AgreementEdoMainSignature" uri="${rootdir}/search/printform/AgreementEdoMainSignature.xml"/>
        <alias id="printform_AgreementEdoResponseSignature" uri="${rootdir}/search/printform/AgreementEdoResponseSignature.xml"/>
        <alias id="printform_LinkedDocumentSignature" uri="${rootdir}/search/printform/LinkedDocumentSignature.xml"/>

        <alias id="uzdo_search_contractors" uri="${rootdir}/search/lists/uzdo_search_contractors.xml"/>
        <alias id="uzdo_search_contracts" uri="${rootdir}/search/lists/uzdo_search_contracts.xml"/>
        <alias id="uzdo_search_currencies" uri="${rootdir}/search/lists/uzdo_search_currencies.xml"/>
        <alias id="uzdo_search_doc_kinds" uri="${rootdir}/search/lists/uzdo_search_doc_kinds.xml"/>
        <alias id="uzdo_search_doc_kinds_internal" uri="${rootdir}/search/lists/uzdo_search_doc_kinds_internal.xml"/>
        <alias id="uzdo_search_doc_kinds_external" uri="${rootdir}/search/lists/uzdo_search_doc_kinds_external.xml"/>
        <alias id="uzdo_search_signers" uri="${rootdir}/search/lists/uzdo_search_signers.xml"/>
        <alias id="uzdo_search_baskets" uri="${rootdir}/search/lists/uzdo_search_baskets.xml"/>
        <alias id="uzdo_search_baskets_internal" uri="${rootdir}/search/lists/uzdo_search_baskets_internal.xml"/>
        <alias id="uzdo_search_document_for_link" uri="${rootdir}/search/PrimaryDocumentForLink.xml"/>
        <alias id="uzdo_search_document_for_link_without_invoice_link" uri="${rootdir}/search/PrimaryDocumentForLinkWithoutInvoiceLink.xml"/>
        <alias id="uzdo_search_linked_document_for_link" uri="${rootdir}/search/LinkedDocumentForLink.xml"/>
        <alias id="uzdo_search_ehd_document_for_link" uri="${rootdir}/search/EhdDocumentForLink.xml"/>
        <alias id="uzdo_search_ehd_contracts" uri="${rootdir}/search/EhdContracts.xml"/>
        <alias id="uzdo_search_ehd_packages" uri="${rootdir}/search/EhdPackagesSearch.xml"/>
        <alias id="uzdo_search_accounting_document_for_link" uri="${rootdir}/search/AccountingDocumentForLink.xml"/>

        <alias id="uzdo_search_agreements_edo" uri="${rootdir}/search/search_agreements_edo.xml"/>
        <alias id="agreements_with_signatures" uri="${rootdir}/search/agreements_with_signatures.xml"/>

        <alias id="uzdo_action_BeforeCheckSign_MassOpSearch" uri="${rootdir}/search/actions/BeforeCheckSign_MassOpSearch.xml"/>
        <alias id="uzdo_action_PrepareForAccounting" uri="${rootdir}/search/actions/PrepareForAccounting.xml"/>
        <alias id="uzdo_dialog_OperationDialogSearch" uri="${rootdir}/search/dao/OperationDialogSearch.xml"/>

        <alias id="register_journal" uri="${rootdir}/search/journals/register_journal.xml"/>
        <alias id="ehd_journal" uri="${rootdir}/search/journals/ehd_journal.xml"/>
        <alias id="nsi_journal" uri="${rootdir}/search/journals/nsi_journal.xml"/>
        <alias id="ksdd_journal" uri="${rootdir}/search/journals/ksdd_journal.xml"/>
        <alias id="us_journal" uri="${rootdir}/search/journals/us_journal.xml"/>
        <alias id="sign_journal" uri="${rootdir}/search/journals/sign_journal.xml"/>
        <alias id="sign_service_journal" uri="${rootdir}/search/journals/sign_service_journal.xml"/>
        <alias id="operators_journal" uri="${rootdir}/search/journals/operators_journal.xml"/>

        <alias id="document_history" uri="${rootdir}/search/card/document_history.xml"/>
        <alias id="documents_to_archive_search" uri="${rootdir}/search/documents_to_archive_search.xml"/>
        <alias id="documents_to_remove_search" uri="${rootdir}/search/documents_to_remove_search.xml"/>

        <!-- Поиски для отчетов -->
        <alias id="report_2_search" uri="${rootdir}/reports/report_2_curators_docs_report/report_2_search.xml"/>
        <alias id="report_2_search_internal" uri="${rootdir}/reports/report_2_curators_docs_report/report_2_search_internal.xml"/>
        <alias id="report_3_search" uri="${rootdir}/reports/report_3_docs_report/report_3_search.xml"/>
        <alias id="report_3_search_internal" uri="${rootdir}/reports/report_3_docs_report/report_3_search_internal.xml"/>
        <alias id="report_4_search" uri="${rootdir}/reports/report_4_contractor_reestr_report/report_4_search.xml"/>
        <alias id="report_5_search" uri="${rootdir}/reports/report_5_life_cycle_report/report_5_search.xml"/>
        <alias id="report_5_search_internal" uri="${rootdir}/reports/report_5_life_cycle_report/report_5_search_internal.xml"/>

        <!-- Поиски для аудита и мониторинга -->
        <alias id="audit_login_logout_events" uri="${rootdir}/search/audit/audit_login_logout_events.xml"/>
        <alias id="audit_events" uri="${rootdir}/search/audit/audit_events.xml"/>

        <!-- Поиски для пользовательских поисков -->
        <alias id="custom_search" uri="${rootdir}/search/custom/custom_search.xml"/>

        <alias id="custom_primary_document_search" uri="${rootdir}/search/custom/primary_document_search.xml"/>

        <!-- Поиск документов пакета -->
        <alias id="uzdo_search_operator_package_documents" uri="${rootdir}/search/operator_package_documents.xml"/>

        <alias id="sign-service-endpoint-baskets" uri="${rootdir}/search/lists/sign-service-endpoint-baskets.xml"/>
    </aliases>

    <custom-search>
        <query path="cesearch:alias:/custom_primary_document_search"
               hidden="false"
               id="primary_document"
               title="Первичный документ"
               allowed-roles="Документ.Просмотр,Внутренний.Просмотр">
                <filter-config name="LbEdfCorrectedDocumentNumberList" operations="LIKE"/>
                <filter-config name="LbEdfDocumentKindTitle" operations="EQ,NOT_EQUAL,NULL,NOT_NULL"/>
                <filter-config name="LbEdfDocumentSigner" operations="EQ"/>
                <xi:include href="${rootdir}/search/custom/correctedDocumentDateListFilterConfig.xml"/>
        </query>
    </custom-search>

    <!--custom_reg-->
    <xi:include href="${rootdir}/search/registry/primary_document_reg.xml"/>

    <!--reg-->
    <xi:include href="${rootdir}/search/registry/incoming_reg.xml"/>
    <xi:include href="${rootdir}/search/registry/internal_reg.xml"/>
    <xi:include href="${rootdir}/search/registry/outgoing_reg.xml"/>
    <xi:include href="${rootdir}/search/registry/archive_reg.xml"/>
</search-service>
