<?xml version="1.0" encoding="UTF-8" standalone="yes"?>
<query>
    <page-size>100</page-size>

    <table id="SIGN_SERVICE_ENDPOINTS" alias="list"/>

    <!--id;login;endpoint;sign_cert_id;decrypt_cert_id;active-->
    <column	title="Идентификатор"	            table="list"	id="ID"			    type="STRING"	hidden="true"   primary-key="true"/>
    <column	title="Точка подключения"		    table="list"	id="ENDPOINT"		type="STRING" 	hidden="false" />
    <column	title="Логин учетной записи"	    table="list"	id="LOGIN"			type="STRING"	hidden="false" />
    <column	title="Идентификатор сертификата подписи"   table="list"
               id="SIGN_CERT_ID"		type="STRING" 	hidden="false" />
    <column	title="Идентификатор сертификата аутентификации в Диадок"   table="list"
               id="DECRYPT_CERT_ID"		type="STRING" 	hidden="false" />
    <column	title="Статус подключения"          table="list"	id="ACTIVE"		    type="STRING" 	hidden="false" />
    <!--    <column	title="Пароль"	                    table="list"	id="PASSWORD"		type="STRING" 	hidden="false" />-->

    <parameter name="ACTIVE.list">endpoint_statuses.endpoint_statuses</parameter>
    <parameter name="ACTIVE.key">id</parameter>
    <parameter name="ACTIVE.view">name</parameter>

    <parameter name="hidden">ID</parameter>
</query>