<?xml version="1.0" encoding="UTF-8" standalone="yes"?>
<query xmlns:st="http://blogic20.ru/2016/ConfigModuleUtils.xml">
    <where><![CDATA[EVENT_TYPE <> 'LOCK' AND EVENT_TYPE <> 'UNLOCK' AND OBJECT_TYPE <> 'LbEdfApprovalList' AND OBJECT_TYPE <> 'LbEdfContract' AND OBJECT_TYPE <> 'Contractor' AND OBJECT_TYPE <> 'Signer']]></where>
    <page-size>100</page-size>

    <table id="GP_JOURNAL" alias="journal"/>

    <column title="Идентификатор записи" table="journal" id="ID"          type="LONG"   hidden="true" primary-key="true"/>
    <column title="Тип журнала"          table="journal" id="SYSTEM"      type="STRING" hidden="true"/>
    <column title="ФИО пользователя"     table="journal" id="OWNER"       type="STRING" hidden="false"/>
    <column title="Подразделение"        table="journal" id="DEPARTMENT"  type="STRING" hidden="false"/>
    <column title="Тип события"          table="journal" id="EVENT_TYPE"  type="STRING" hidden="false"/>
    <column title="Идентификатор"        table="journal" id="OBJECT_ID"   type="STRING" hidden="false"/>
    <column title="Статус события"       table="journal" id="STATUS"      type="STRING" hidden="false"/>
    <column title="Дата и время события" table="journal" id="CREATED"     type="DATE"   hidden="false"/>
    <column title="Штрихкод ЭД"          table="journal" id="OBJECT_ID"   type="STRING" hidden="false" alias="Barcode"/>
    <column title="Наименование объекта" table="journal" id="OBJECT_NAME" type="STRING" hidden="false"/>
    <column title="Тип объекта"          table="journal" id="OBJECT_TYPE" type="STRING" hidden="true"/>

    <sort-rule table="journal" column="CREATED" order="DESC"/>

    <parameter name="hidden">ID,SYSTEM,OBJECT_TYPE</parameter>

    <parameter name="CREATED.format">dd.MM.yyyy HH:mm:ss</parameter>

    <parameter name="OWNER.list">ad_users.Users</parameter>
    <parameter name="OWNER.key">userPrincipalName</parameter>
    <parameter name="OWNER.view">displayName</parameter>
    <parameter name="OWNER.showKey">true</parameter>

    <parameter name="EVENT_TYPE.list">audit_events.events</parameter>
    <parameter name="EVENT_TYPE.key">code</parameter>
    <parameter name="EVENT_TYPE.view">name</parameter>

    <parameter name="STATUS.list">event_statuses.statuses</parameter>
    <parameter name="STATUS.key">id</parameter>
    <parameter name="STATUS.view">name</parameter>

    <parameter name="Barcode.list">barcodes.TnDocument</parameter>
    <parameter name="Barcode.key">VersionSeries</parameter>
    <parameter name="Barcode.view">LbEdfBarcode</parameter>

    <filter title="Тип журнала"          table="journal" column="SYSTEM"      id="SYSTEM"      operation="EQ"       multivalue="false" hidden="true">CARD</filter>
    <filter title="ФИО пользователя"     table="journal" column="OWNER"       id="OWNER"       operation="EQ"       multivalue="false"/>
    <filter title="Подразделение"        table="journal" column="DEPARTMENT"  id="DEPARTMENT"  operation="LIKE"     multivalue="false"/>
    <filter title="Тип события"          table="journal" column="EVENT_TYPE"  id="EVENT_TYPE"  operation="EQ"       multivalue="false"/>
    <filter title="Идентификатор"        table="journal" column="OBJECT_ID"   id="OBJECT_ID"   operation="EQ"       multivalue="false"/>
    <filter title="Статус события"       table="journal" column="STATUS"      id="STATUS"      operation="EQ"       multivalue="false"/>
    <filter title="Дата и время события" table="journal" column="CREATED"     id="CREATED"     operation="INTERVAL" multivalue="false"/>
    <filter title="Штрихкод ЭД"          table="journal" column="Barcode"     id="Barcode"     operation="EQ"       multivalue="false"/>
    <filter title="Наименование объекта" table="journal" column="OBJECT_NAME" id="OBJECT_NAME" operation="LIKE"     multivalue="false"/>
</query>