<?xml version="1.0" encoding="UTF-8" ?>
<model id="Folder" primary-key="Id" name-key="Id" system="true" dao="CeDao" versionable="false" has-content="false">
    <guid   id="Id"         title="Идентификатор папки"/>
    <object id="Parent"     title="Родитель"        model="Folder"/>
    <string id="FolderName" title="Название папки FileNet"/>
    <string id="PathName"   title="Путь до папки FileNet"/>

    <processor id="DefaultSaveProcessor" stage="MANUAL"/>

    <security-templates>
        <security-template id="DEFAULT">
            <set-rule rule="READ" allowed-roles="Пользователь"/>
            <add-rule rule="READ|CREATE|EDIT" allowed-roles="Пользователь"/>
            <add-rule for="*" rule="READ|CREATE|EDIT" allowed-roles="Пользователь" />
        </security-template>
    </security-templates>
</model>