<?xml version="1.0" encoding="UTF-8" standalone="yes"?>
<query>
    <where><![CDATA[doc.IsCurrentVersion = true
        AND NOT EXISTS (
                SELECT This
                FROM DocumentLink
                WHERE LinkType = 'INVOICE'
                AND SourceDocumentVsid = doc.VersionSeries
            )
        AND doc.LbEdfDocType <> 'CONFIRMING'
    ]]></where>
    <page-size>100</page-size>

    <table id="LbEdfPrimaryDocument" alias="doc"/>

    <column title="Идентификатор" table="doc" id="Id" type="ID" hidden="true" primary-key="true"/>
    <column title="Версия серии" table="doc" id="VersionSeries" type="ID" hidden="true"/>
    <column title="Контрагент" table="doc" id="LbEdfContragentId" type="STRING" hidden="false" sortable="false"/>
    <column title="Вид документа" table="doc" id="LbEdfDocumentKind" type="STRING" hidden="false" sortable="false"/>
    <column title="Дата документа" table="doc" id="LbEdfDocumentDate" type="DATE" hidden="false"/>
    <column title="Номер документа" table="doc" id="LbEdfDocumentNumber" type="STRING" hidden="false"/>
    <column title="Штрихкод" table="doc" id="LbEdfBarcode" type="STRING" hidden="false"/>
    <column title="Сумма документа" table="doc" id="LbEdfSumma" type="DOUBLE" hidden="false"/>
    <column title="Номер исправления счета-фактуры" table="doc" id="LbEdfInvoiceCorrNum" type="STRING" hidden="true"/>
    <column title="Дата исправления счета-фактуры" table="doc" id="LbEdfInvoiceCorrDate" type="DATE" hidden="true"/>

    <sort-rule table="doc" column="LbEdfSumma" order="ASC"/>

    <parameter name="hidden">Id,VersionSeries</parameter>

    <parameter name="LbEdfDocumentDate.format">dd.MM.yyyy</parameter>
    <parameter name="LbEdfSumma.format">#.00</parameter>

    <parameter name="LbEdfContragentId.list">contractors.CONTRACTORS</parameter>
    <parameter name="LbEdfContragentId.key">REMOTE_KEY</parameter>
    <parameter name="LbEdfContragentId.view">SHORT_NAME</parameter>

    <parameter name="LbEdfDocumentKind.list">doc_kinds.DOCUMENTKINDS</parameter>
    <parameter name="LbEdfDocumentKind.key">CODE</parameter>
    <parameter name="LbEdfDocumentKind.view">NAME</parameter>

    <filter title="Версия серии"    table="doc" column="VersionSeries"          id="VersionSeries"          operation="NOT_EQUAL"   multivalue="false" hidden="true"/>
    <filter title="Контрагент"      table="doc" column="LbEdfContragentId"      id="LbEdfContragentId"      operation="EQ"          multivalue="false"/>
    <filter title="Вид документа"   table="doc" column="LbEdfDocumentKind"      id="LbEdfDocumentKind"      operation="EQ"          multivalue="false"/>
    <filter title="Виды документа"  table="doc" column="LbEdfDocumentKind"      id="LbEdfDocumentKinds"     operation="EQ"          multivalue="false" hidden="true"/>
    <filter title="Дата документа"  table="doc" column="LbEdfDocumentDate"      id="LbEdfDocumentDate"      operation="INTERVAL"    multivalue="false"/>
    <filter title="Номер документа" table="doc" column="LbEdfDocumentNumber"    id="LbEdfDocumentNumber"    operation="EQ"          multivalue="false"/>
    <filter title="Штрихкод"        table="doc" column="LbEdfBarcode"           id="LbEdfBarcode"           operation="LIKE"        multivalue="false"/>
    <filter title="Сумма документа" table="doc" column="LbEdfSumma"             id="LbEdfSumma"             operation="EQ"          multivalue="false"/>
</query>