<?xml version="1.0" encoding="UTF-8"?>
<card-service xmlns:st="http://blogic20.ru/2016/ConfigModuleUtils.xml">

    <dao id="CeDao" class="ru.blogic20.gp.services.card.impl.dao.CeDao">
        <parameter name="domain"><st:property id="filenetDomain" default=""/></parameter>
        <parameter name="ce_uri"><st:property id="filenetEngine" default=""/></parameter>
        <parameter name="os"><st:property id="objectStore" default=""/></parameter>
        <parameter name="transactionEnabled">false</parameter>
    </dao>

    <dao id="SqlDao" class="ru.blogic20.gp.services.card.impl.dao.SqlDao">
        <parameter name="dbSource"><st:property id="db2xauri" default=""/></parameter>
    </dao>

    <ejb-processor id="DefaultSaveProcessor" jndi="java:module/DefaultSaveProcessor"/>

    <ejb-processor id="ContentProcessor" jndi="ejb/${appName}-ContentProcessor"/>
    <ejb-processor id="UpdatePropertiesProcessor" jndi="ejb/${appName}-UpdatePropertiesProcessor"/>
    <ejb-processor id="ObjectListServiceAppender" jndi="ejb/${appName}-AttributeConverterProcessor"/>
    <ejb-processor id="LinkedDocumentsProcessor" jndi="ejb/${appName}-LinkedDocumentsProcessor"/>
    <ejb-processor id="NotificationSendProcessor" jndi="ejb/${appName}-NotificationSendProcessor"/>
    <ejb-processor id="ShippingDocInfoProcessor" jndi="ejb/${appName}-ShippingDocInfoProcessor"/>

    <ejb-processor id="AgreementEdoSaveProcessor" jndi="ejb/${appName}-AgreementEdoSaveProcessor"/>
    <ejb-processor id="FieldDependencyProcessor" jndi="ejb/${appName}-FieldDependencyProcessor"/>
</card-service>
