<?xml version="1.0" encoding="UTF-8" ?>
<model id="Signer" system-name="SIGNERS" primary-key="ID" name-key="LOGIN" system="false" dao="SqlDao">
    <integer id="ID"                    title="ID"/>
    <string id="LOGIN"                  title="Логин"                               max-length="32"/>
    <string id="ORGANIZATION"           title="Наименование организации"            max-length="256"/>
    <string id="ADDRESS"                title="Адрес организации"                   max-length="256"/>
    <string id="NAME"                   title="Имя"                                 max-length="256"/>
    <string id="SURNAME"                title="Фамилия"                             max-length="256"/>
    <string id="PATRONYMIC"             title="Отчество"                            max-length="256"/>
    <string id="POSITION"               title="Должность"                           max-length="256"/>
    <string id="SIGN_BASIS"             title="Основание для права подписи"         max-length="256"/>
    <string id="STATUS"                 title="Статус подписанта"                   max-length="16">
        <list-link ds="signers_statuses" model="statuses" key-field="id" value-field="name"/>
    </string>
    <string id="SOURCE"                 title="Признак источника подписанта"        max-length="16"/>
    <string id="NUMBER"                 title="Уникальный номер подписанта"         max-length="16"/>
    <string id="INN"                    title="ИНН"                                 max-length="32"/>
    <string id="KPP"                    title="КПП"                                 max-length="32"/>
    <string id="TITLE"                  title="Наименование"                        max-length="256"/>
    <string id="BASE_DOCUMENT_NUMBER"   title="Номер документа основания"           max-length="256"/>
    <string id="BASE_DOCUMENT_PERIOD"   title="Дата действия документа основания"   max-length="32"/>
    <date   id="CREATED_DATE"           title="Дата создания" />
    <date   id="UPDATED_DATE"           title="Дата обновления" />

    <processor id="DefaultSaveProcessor" stage="MANUAL"/>

    <security-templates>
        <security-template id="DEFAULT">
            <add-rule               rule="READ" allowed-roles="Документ.Просмотр"/>
            <add-rule               rule="EDIT" allowed-roles="Документ.Изменить" apply-when="true"/>
            <set-rule for="*"       rule="READ" allowed-roles="Документ.Просмотр"/>
            <add-rule for="STATUS"  rule="EDIT" allowed-roles="Документ.Изменить"/>
        </security-template>
    </security-templates>
</model>