<?xml version="1.0" encoding="UTF-8" ?>
<data-source id="barcodes" class="ru.blogic20.gp.services.list.modules.ce.CeModule" xmlns:st="http://blogic20.ru/2016/ConfigModuleUtils.xml">
    <parameter name="ce_uri"><st:property id="filenetEngine" default=""/></parameter>
    <parameter name="domain"><st:property id="filenetDomain" default=""/></parameter>
    <parameter name="os"><st:property id="objectStore" default=""/></parameter>
    <parameter name="user"><st:property id="filenetUser" default=""/></parameter>
    <parameter name="password"><st:property id="filenetPassword" default=""/></parameter>
    <parameter name="tables">TnDocument</parameter>

    <parameter name="TnDocument.query">SELECT VersionSeries,LbEdfBarcode,DateCreated,DateLastModified FROM TnDocument WHERE IsCurrentVersion=true and LbEdfBarcode IS NOT NULL AND ($condition)</parameter>
    <parameter name="TnDocument.key">VersionSeries</parameter>
    <parameter name="TnDocument.columns">VersionSeries;LbEdfBarcode;DateCreated;DateLastModified</parameter>
    <parameter name="TnDocument.create">DateCreated</parameter>
    <parameter name="TnDocument.modify">DateLastModified</parameter>
</data-source>