<?xml version="1.0" encoding="UTF-8" standalone="yes"?>
<query>
    <where>doc.IsCurrentVersion = true</where>
    <page-size>50</page-size>
    <table id="LbEdfPrimaryDocument" alias="doc"/>

    <!-- Служебные поля -->
    <column table="doc"     id="ID"                     type="ID"           hidden="true"  primary-key="true"/>
    <column table="doc"     id="VersionSeries"          type="ID"           hidden="true"/>
    <column table="doc"     id="LbEdfIsDocIncomming"    type="BOOLEAN"      hidden="true"/>
    <column table="doc"     id="LbEdfDocumentKind"      type="STRING"       hidden="true"/>
    <column table="doc"     id="LbEdfDocumentKind"      type="STRING"       hidden="true" alias="LbEdfDocumentKind_list_RESPONSE_SIGNATURE_REQUIRED"/>

    <filter	table="doc" column="VersionSeries" id="VersionSeries" operation="EQ" multivalue="false" hidden="true"/>

    <parameter name="LbEdfDocumentKind_list_RESPONSE_SIGNATURE_REQUIRED.list">doc_kinds.DOCUMENTKINDS</parameter>
    <parameter name="LbEdfDocumentKind_list_RESPONSE_SIGNATURE_REQUIRED.key">CODE</parameter>
    <parameter name="LbEdfDocumentKind_list_RESPONSE_SIGNATURE_REQUIRED.view">RESPONSE_SIGNATURE_REQUIRED</parameter>
</query>