<?xml version="1.0" encoding="UTF-8" ?>
<!-- Связь документа DocumentLink -->
<data-source id="document_links" class="ru.blogic20.gp.services.list.modules.ce.CeModule" xmlns:st="http://blogic20.ru/2016/ConfigModuleUtils.xml">
    <parameter name="ce_uri"><st:property id="filenetEngine" default=""/></parameter>
    <parameter name="domain"><st:property id="filenetDomain" default=""/></parameter>
    <parameter name="os"><st:property id="objectStore" default=""/></parameter>
    <parameter name="user"><st:property id="filenetUser" default=""/></parameter>
    <parameter name="password"><st:property id="filenetPassword" default=""/></parameter>
    <parameter name="tables">DocumentLink</parameter>

    <parameter name="DocumentLink.key">Id</parameter>
    <parameter name="DocumentLink.columns">Id;SourceDocumentVsid;TargetDocumentVsid;LinkType;SourceSystemCode;TargetDocumentKind;TargetDocumentIsSent</parameter>
</data-source>