<?xml version="1.0" encoding="UTF-8" ?>
<!-- Информация для подключения к оператору ЭДО -->
<data-source id="operator_connection_info" class="ru.blogic20.gp.services.list.modules.ce.CeModule" xmlns:st="http://blogic20.ru/2016/ConfigModuleUtils.xml">
    <parameter name="ce_uri"><st:property id="filenetEngine" default=""/></parameter>
    <parameter name="domain"><st:property id="filenetDomain" default=""/></parameter>
    <parameter name="os"><st:property id="objectStore" default=""/></parameter>
    <parameter name="user"><st:property id="filenetUser" default=""/></parameter>
    <parameter name="password"><st:property id="filenetPassword" default=""/></parameter>
    <parameter name="tables">LbEdfOperatorConnectionInfo</parameter>

    <parameter name="LbEdfOperatorConnectionInfo.key">Id</parameter>
    <parameter name="LbEdfOperatorConnectionInfo.columns">Id;LbEdfGateOrgId;LbEdfOperatorCode;LbEdfMailBoxesInfoId;DateCreated;DateLastModified</parameter>
    <parameter name="LbEdfOperatorConnectionInfo.create">DateCreated</parameter>
    <parameter name="LbEdfOperatorConnectionInfo.modify">DateLastModified</parameter>
</data-source>