<?xml version="1.0" encoding="UTF-8" standalone="yes"?>
<query>
    <page-size>100</page-size>

    <table id="doc_kinds_internal.DOCUMENTKINDS" alias="list"/>

    <column	title="Код вида документа"		table="list"	id="CODE"			type="STRING"	hidden="true" primary-key="true"/>
    <column	title="Наименование документа"	table="list"	id="NAME"			type="STRING" 	hidden="false"/>
    <column	title="Тип документа ЭДО"		table="list"	id="TYPE"			type="STRING" 	hidden="true"/>
    <column	title="Тип документа"			table="list"	id="DOCUMENT_TYPE"	type="STRING" 	hidden="false" sortable="false"/>

    <sort-rule table="list" column="NAME" order="ASC"/>

    <parameter name="DOCUMENT_TYPE.list">documenttypes.documenttypes</parameter>
    <parameter name="DOCUMENT_TYPE.key">id</parameter>
    <parameter name="DOCUMENT_TYPE.view">name</parameter>

    <filter	title="Наименование документа"	table="list" column="NAME"			id="NAME"			operation="LIKE"	multivalue="false"/>
    <filter	title="Тип документа ЭДО"		table="list" column="TYPE"			id="TYPE" 			operation="EQ"		multivalue="false"	hidden="true"/>
    <filter	title="Тип документа"			table="list" column="DOCUMENT_TYPE" id="DOCUMENT_TYPE"	operation="EQ"		multivalue="false"/>

</query>
