<?xml version="1.0" encoding="UTF-8" standalone="yes"?>
<registry>
    <!--element(/1/1)-->
    <result-columns exclude="false">
        <from-query id="ID" result-name="ID"></from-query>
        <from-query id="VersionSeries" result-name="VersionSeries"></from-query>
        <from-query id="LbEdfIsDocIncomming" result-name="LbEdfIsDocIncomming"></from-query>
        <from-query id="LbEdfSenderName" result-name="LbEdfSenderName"></from-query>
        <from-query id="LbEdfRecipientName" result-name="LbEdfRecipientName"></from-query>
        <from-query id="LbEdfDocumentKindTitle" result-name="LbEdfDocumentKindTitle"> </from-query>
        <from-query id="LbEdfDocumentNumber" result-name="LbEdfDocumentNumber"></from-query>
        <from-query id="LbEdfDocumentDate" result-name="LbEdfDocumentDate"></from-query>
        <from-query id="LbEdfDocStatusTitle" result-name="LbEdfDocStatusTitle">Отсутствует в МЮЗ ЭДО</from-query>
        <from-query id="LbEdfBarcode" result-name="LbEdfBarcode" from-registry-if-empty="barcode"></from-query>

        <from-registry id="barcode" title="Штрихкод" type="STRING" ></from-registry>
    </result-columns>

    <!--element(/1/2)-->
    <parser-config>
        <![CDATA[
            <?xml version="1.0" encoding="utf-8"?>
                <registry exclude-empty="true">
                    <string id="barcode" column="Штрихкод" />
                </registry>
            ]]>
    </parser-config>
</registry>