<?xml version="1.0" encoding="UTF-8"?>
<node-template id="internal" title="Внутренние" allowed-roles="Документ.Внутренние">
    <parameter name="query-for-add">alias/uzdo_search_internal_all</parameter>
    <parameter name="print">internal-print</parameter>
    <parameter name="download">internal-download</parameter>

    <node-template id="internal_created" title="Созданные">
        <parameter name="query-for-add">alias/uzdo_search_internal_all</parameter>

        <view module="DocumentsSearch">
            <parameter name="ds">cesearch</parameter>
            <parameter name="query">alias/uzdo_search_internal_all</parameter>
            <parameter name="toolbar">internal-document-basket-actions-process</parameter>
            <parameter name="download" from="download"/>
            <parameter name="print" from="print"/>
            <parameter name="filter">
                <parameter name="byDocStatus">tn_created</parameter>
            </parameter>
        </view>
    </node-template>

    <node-template id="internal_expect_sign" title="На подписании">
        <parameter name="query-for-add">alias/uzdo_search_internal_all</parameter>

        <view module="DocumentsSearch">
            <parameter name="ds">cesearch</parameter>
            <parameter name="query">alias/uzdo_search_internal_all</parameter>
            <parameter name="toolbar">internal-document-basket-actions-process</parameter>
            <parameter name="download" from="download"/>
            <parameter name="print" from="print"/>
            <parameter name="filter">
                <parameter name="byDocStatus">
                    <parameter name="0">tn_sign_await</parameter>
                </parameter>
            </parameter>
        </view>
    </node-template>

    <node-template id="internal_in_signed" title="Подписанные">
        <parameter name="query-for-add">alias/uzdo_search_internal_all</parameter>

        <view module="DocumentsSearch">
            <parameter name="ds">cesearch</parameter>
            <parameter name="query">alias/uzdo_search_internal_all</parameter>
            <parameter name="toolbar">internal-document-basket-actions-process</parameter>
            <parameter name="download" from="download"/>
            <parameter name="print" from="print"/>
            <parameter name="filter">
                <parameter name="byDocStatus">sys_signed</parameter>
            </parameter>
        </view>
    </node-template>

    <node-template id="internal_signer_rejected" title="Отклоненные">
        <parameter name="query-for-add">alias/uzdo_search_internal_all</parameter>

        <view module="DocumentsSearch">
            <parameter name="ds">cesearch</parameter>
            <parameter name="query">alias/uzdo_search_internal_all</parameter>
            <parameter name="toolbar">internal-document-basket-actions-process</parameter>
            <parameter name="download" from="download"/>
            <parameter name="print" from="print"/>
            <parameter name="filter">
                <parameter name="byDocStatus">tn_sign_refused</parameter>
            </parameter>
        </view>
    </node-template>

    <node-template id="internal_rework" title="На доработке">
        <parameter name="query-for-add">alias/uzdo_search_internal_all</parameter>

        <view module="DocumentsSearch">
            <parameter name="ds">cesearch</parameter>
            <parameter name="query">alias/uzdo_search_internal_all</parameter>
            <parameter name="toolbar">internal-document-basket-actions-process</parameter>
            <parameter name="download" from="download"/>
            <parameter name="print" from="print"/>
            <parameter name="filter">
                <parameter name="byDocStatus">tn_rework</parameter>
            </parameter>
        </view>
    </node-template>

    <node-template id="internal_threated" title="Обработанные">
        <parameter name="query-for-add">alias/uzdo_search_internal_all</parameter>

        <node-template id="internal_deleted" title="Удаленные">
            <parameter name="query-for-add">alias/uzdo_search_internal_all</parameter>

            <view module="DocumentsSearch">
                <parameter name="ds">cesearch</parameter>
                <parameter name="query">alias/uzdo_search_internal_all</parameter>
                <parameter name="toolbar">internal-document-basket-actions-process</parameter>
                <parameter name="download" from="download"/>
                <parameter name="print" from="print"/>
                <parameter name="filter">
                    <parameter name="byDocStatus">tn_removed</parameter>
                </parameter>
            </view>
        </node-template>
        <node-template id="internal_morgue" title="Завершившие ЭДО">
            <parameter name="query-for-add">alias/uzdo_search_internal_all</parameter>

            <view module="DocumentsSearch">
                <parameter name="ds">cesearch</parameter>
                <parameter name="query">alias/uzdo_search_internal_all</parameter>
                <parameter name="toolbar">internal-document-basket-actions-process</parameter>
                <parameter name="download" from="download"/>
                <parameter name="print" from="print"/>
                <parameter name="filter">
                    <parameter name="byDocStatus">sys_completed</parameter>
                </parameter>
            </view>
        </node-template>
        <auto-open ds="cesearch" query="alias:uzdo_search_internal_all">
            <set-filter name="byDocStatus" from="sys_completedParam" />
            <set-filter name="byDocStatus" from="tn_removedParam" />
        </auto-open>
        <view module="DocumentsSearch">
            <parameter name="ds">cesearch</parameter>
            <parameter name="query">alias/uzdo_search_internal_all</parameter>
            <parameter name="toolbar">internal-document-basket-actions-process</parameter>
            <parameter name="download" from="download"/>
            <parameter name="print" from="print"/>
            <parameter name="filter">
                <parameter name="byDocStatus">
                    <parameter name="0">sys_completed</parameter>
                    <parameter name="1">tn_removed</parameter>
                </parameter>
            </parameter>
        </view>
    </node-template>
    <node-template id="internal_system" title="Системные">
        <parameter name="query-for-add">alias/uzdo_search_internal_all</parameter>

        <node-template id="internal_system_send" title="Отправка в смежную ИС">
            <parameter name="query-for-add">alias/uzdo_search_sending_linked_systems_internal</parameter>

            <view module="DocumentsSearch">
                <parameter name="ds">cesearch</parameter>
                <parameter name="query">alias/uzdo_search_sending_linked_systems_internal</parameter>
                <parameter name="toolbar">internal-document-basket-actions-process</parameter>
                <parameter name="download" from="download"/>
                <parameter name="print" from="print"/>
                <parameter name="filter">
                    <parameter name="byDocStatus">
                        <parameter name="0">tn_ehd_sending</parameter>
                        <parameter name="1">tn_sed_sending</parameter>
                        <parameter name="2">tn_us_sending</parameter>
                    </parameter>
                </parameter>
            </view>
        </node-template>
        <node-template id="internal_system_error" title="Ошибка в обработке">
            <parameter name="query-for-add">alias/uzdo_search_internal_all</parameter>

            <view module="DocumentsSearch">
                <parameter name="ds">cesearch</parameter>
                <parameter name="query">alias/internal_error_documents</parameter>
                <parameter name="toolbar">internal-document-basket-actions-process</parameter>
                <parameter name="download" from="download"/>
                <parameter name="print" from="print"/>
                <parameter name="filter">
                    <parameter name="byDocStatus">tn_error</parameter>
                </parameter>
            </view>
        </node-template>

        <auto-open ds="cesearch" query="alias:uzdo_search_internal_all">
            <set-filter name="byDocStatus" from="tn_ehd_sendingParam" />
            <set-filter name="byDocStatus" from="tn_sed_sendingParam" />
            <set-filter name="byDocStatus" from="tn_us_sendingParam" />
            <set-filter name="byDocStatus" from="tn_errorParam" />
        </auto-open>
        <view module="DocumentsSearch">
            <parameter name="ds">cesearch</parameter>
            <parameter name="query">alias/uzdo_search_internal_all</parameter>
            <parameter name="toolbar">internal-document-basket-actions-process</parameter>
            <parameter name="download" from="download"/>
            <parameter name="print" from="print"/>
            <parameter name="filter">
                <parameter name="byDocStatus">
                    <parameter name="0">tn_ehd_sending</parameter>
                    <parameter name="1">tn_sed_sending</parameter>
                    <parameter name="2">tn_us_sending</parameter>
                    <parameter name="3">tn_error</parameter>
                </parameter>
            </parameter>
        </view>
    </node-template>

    <xi:include xmlns:xi="http://www.w3.org/2001/XInclude" href="internal_archive.xml"/>

    <auto-open ds="cesearch" query="alias:uzdo_search_internal_all"/>

    <view module="DocumentsSearch">
        <parameter name="ds">cesearch</parameter>
        <parameter name="query">alias/uzdo_search_internal_all</parameter>
        <parameter name="toolbar">internal-document-basket-actions-process</parameter>
        <parameter name="download" from="download"/>
        <parameter name="print" from="print"/>
        <parameter name="defaultSearch"/>
    </view>
</node-template>