<?xml version="1.0" encoding="UTF-8"?>
<context xmlns:xi="http://www.w3.org/2001/XInclude">

    <!--Параметры в контексте для фильтров auto-open-->
    <parameter name="nullValueParam">null</parameter>

    <!--outcoming_system & incoming_system-->
    <parameter name="tn_ehd_sendingParam">tn_ehd_sending</parameter>
    <parameter name="tn_sed_sendingParam">tn_sed_sending</parameter>
    <parameter name="tn_us_sendingParam">tn_us_sending</parameter>
    <parameter name="tn_errorParam">tn_error</parameter>

    <!--outcoming_treated & incoming_treated-->
    <parameter name="tn_amendedParam">tn_amended</parameter>
    <parameter name="tn_correctedParam">tn_corrected</parameter>
    <parameter name="sys_completedParam">sys_completed</parameter>
    <parameter name="sys_annuledParam">sys_annuled</parameter>
    <parameter name="sys_annulment_refusedParam">sys_annulment_refused</parameter>
    <!--outcoming_treated-->
    <parameter name="tn_removedParam">tn_removed</parameter>
    <!--incoming_treated-->
    <parameter name="sys_sign_rejectedParam">sys_sign_rejected</parameter>

    <!--outcoming_in & incoming_in-->
    <parameter name="tn_agreement_refusedParam">tn_agreement_refused</parameter>
    <parameter name="tn_sign_refusedParam">tn_sign_refused</parameter>
    <parameter name="sys_signedParam">sys_signed</parameter>
    <parameter name="sys_sentParam">sys_sent</parameter>
    <parameter name="tn_claritication_requiredParam">tn_claritication_required</parameter>
    <parameter name="sys_annulment_requiredParam">sys_annulment_required</parameter>
    <!--outcoming_in-->
    <parameter name="sys_receipt_receivedParam">sys_receipt_received</parameter>
    <parameter name="sys_sign_receivedParam">sys_sign_received</parameter>
    <parameter name="sys_correction_requestedParam">sys_correction_requested</parameter>
    <!--incoming_in-->
    <parameter name="tn_claritication_awaitParam">tn_claritication_await</parameter>
    <parameter name="tn_agreement_approvedParam">tn_agreement_approved</parameter>

    <!--outcoming_expect & incoming_expect-->
    <parameter name="sys_annulment_awaitParam">sys_annulment_await</parameter>
    <parameter name="tn_sign_awaitParam">tn_sign_await</parameter>
    <parameter name="tn_agreementParam">tn_agreement</parameter>
    <!--incoming_expect-->
    <parameter name="tn_claritication_awaitParam">tn_claritication_await</parameter>

    <!--outcoming_projects-->
    <parameter name="tn_createdParam">tn_created</parameter>
    <!--outcoming_projects & incoming_in-->
    <parameter name="tn_reworkParam">tn_rework</parameter>

    <!--incoming_received-->
    <parameter name="sys_receivedParam">sys_received</parameter>
</context>