<?xml version="1.0" encoding="UTF-8"?>
<node-template id="audit" title="Аудит и мониторинг" allowed-roles="Аудит.ВходыВыходы,Аудит.МониторингСобытий"
               xmlns:st="http://blogic20.ru/2016/ConfigModuleUtils.xml">
    <view module="MessageModule">
        <parameter name="message">Нет данных для отображения</parameter>
    </view>

    <node-template id="audit_login_logout_events" title="Аудит входов и выходов" allowed-roles="Аудит.ВходыВыходы">
        <view module="DocumentsSearch">
            <parameter name="ds">sqlsearch</parameter>
            <parameter name="query">alias/audit_login_logout_events</parameter>
            <parameter name="toolbar">audit-login-logout-events-basket-actions</parameter>
        </view>
    </node-template>

    <node-template id="audit_events" title="Мониторинг событий" allowed-roles="Аудит.МониторингСобытий">
        <view module="DocumentsSearch">
            <parameter name="ds">sqlsearch</parameter>
            <parameter name="query">alias/audit_events</parameter>
            <parameter name="toolbar">audit-events-basket-actions</parameter>
        </view>
    </node-template>
</node-template>