<?xml version="1.0" encoding="UTF-8" standalone="yes"?>
<query>
    <page-size>5</page-size>

    <table id="gp.custom_search" alias="search"/>

    <column title="Идентификатор"   table="search" id="ID"              type="STRING"   hidden="true"  primary-key="true"/>
    <column title="Название"        table="search" id="NAME"            type="STRING"   hidden="false"/>
    <column title="Автор"           table="search" id="CREATOR"         type="STRING"   hidden="false" sortable="false"/>
    <column title="Департамент"     table="search" id="DEPARTMENT"      type="STRING"   hidden="true"/>
    <column title="Дата создания"   table="search" id="DATE_CREATED"    type="DATE"     hidden="false"/>

    <sort-rule table="search" column="NAME" order="ASC"/>

    <parameter name="hidden">ID</parameter>

    <parameter name="DATE_CREATED.format">dd.MM.yyyy</parameter>

    <parameter name="CREATOR.list">ad_users.Users</parameter>
    <parameter name="CREATOR.key">userPrincipalName</parameter>
    <parameter name="CREATOR.view">displayName</parameter>

    <filter title="Название"            table="search" column="NAME"            id="NAME"                   operation="LIKE"        multivalue="false"/>
    <filter title="Автор"               table="search" column="CREATOR"         id="CREATOR"                operation="EQ"          multivalue="false"/>
    <filter title="Дата создания"       table="search" column="DATE_CREATED"    id="DATE_CREATED"           operation="INTERVAL"    multivalue="false"/>
    <filter title="По создателю"        table="search" column="CREATOR"         id="byUser"                 operation="CHECK_USER"  multivalue="false" hidden="true"/>
    <filter title="По подр. и роли"     table="search" column="DEPARTMENT"      id="byDepartmentPosition"   operation="CHECK_DEPARTMENT_POSITION" multivalue="false" hidden="true"/>
    <filter title="По наличию подр."    table="search" column="DEPARTMENT"      id="isDepartmentNotNull"    operation="NOT_NULL"    multivalue="false" hidden="true"/>
</query>