<?xml version="1.0" encoding="UTF-8" standalone="yes"?>
<!--
SELECT SD.[Id]
FROM [LbEdfDocument] D INNER JOIN [LbEdfSecondaryDocument] SD ON D.[This] = SD.[AnnotatedObject]
WHERE (D.[Id] = ?)
  AND (SD.[LbEdfTransactionType] = 'WITH_RECIPIENT_SIGNATURE') AND ((SD.[LbEdfParentDocumentId] IS NULL) OR (SD.[LbEdfParentDocumentId] = '') OR (SD.[LbEdfParentDocumentId] = D.[LbEdfDocumentId]))
-->
<query>
    <where><![CDATA[
        (SD.[LbEdfTransactionType] = 'WITH_RECIPIENT_SIGNATURE') AND ((SD.[LbEdfParentDocumentId] IS NULL) OR (SD.[LbEdfParentDocumentId] = '') OR (SD.[LbEdfParentDocumentId] = D.[LbEdfDocumentId]))
    ]]></where>

    <table id="LbEdfDocument" alias="D"/>
    <table id="LbEdfSecondaryDocument" alias="SD"/>

    <table-join join="INNER" operation="EQ">
        <left table="D" column="This" />
        <right table="SD" column="AnnotatedObject" />
    </table-join>

    <column table="D" id="This" type="OBJECT" hidden="true" />
    <column table="D" id="Id" alias="DocId" type="ID" hidden="true" />
    <column table="SD" id="Id" type="ID" hidden="true" primary-key="true" />
    <column table="SD" id="AnnotatedObject" type="OBJECT" hidden="true" />

    <filter table="D" column="DocId" id="DocId" operation="EQ" hidden="true" />
</query>
