<?xml version="1.0" encoding="UTF-8" ?>
<!-- Документ ЭДО. LbEdfPrimaryDocument -->
<data-source id="lb_edf_primary_documents_for_galactica" class="ru.blogic20.gp.services.list.modules.ce.CeModule"
             xmlns:st="http://blogic20.ru/2016/ConfigModuleUtils.xml">
    <parameter name="ce_uri"><st:property id="filenetEngine" default=""/></parameter>
    <parameter name="domain"><st:property id="filenetDomain" default=""/></parameter>
    <parameter name="os"><st:property id="objectStore" default=""/></parameter>
    <parameter name="user"><st:property id="filenetUser" default=""/></parameter>
    <parameter name="password"><st:property id="filenetPassword" default=""/></parameter>
    <parameter name="tables">LbEdfPrimaryDocument</parameter>

    <parameter name="LbEdfPrimaryDocument.query">SELECT
        Id,VersionSeries,DocumentTitle,LbEdfDocumentNumber,LbEdfBarcode,LbEdfDocumentDate,LbEdfDocumentKind,LbEdfSumma,LbEdfSummaNds,DateCreated,DateLastModified,LbEdfDocStatus,LbEdfRegisterDate,LbEdfDocumentStatusUs, LbEdfContragentId, LbEdfCurrency, LbEdfDocumentLinkUs FROM LbEdfPrimaryDocument WHERE IsCurrentVersion=true and ($condition) ORDER BY $orderBy </parameter>
    <parameter name="LbEdfPrimaryDocument.key">Id</parameter>
    <parameter name="LbEdfPrimaryDocument.columns">Id;VersionSeries;DocumentTitle;LbEdfDocumentNumber;LbEdfBarcode;LbEdfDocumentDate;LbEdfDocumentKind;LbEdfSumma;LbEdfSummaNds;DateCreated;DateLastModified;LbEdfDocStatus;LbEdfRegisterDate;LbEdfDocumentStatusUs;LbEdfContragentId;LbEdfCurrency;LbEdfDocumentLinkUs</parameter>
    <parameter name="LbEdfPrimaryDocument.create">DateCreated</parameter>
    <parameter name="LbEdfPrimaryDocument.modify">DateLastModified</parameter>
</data-source>