<?xml version="1.0" encoding="UTF-8"?>
<ksdd-connector>

    <!-- Способ хранения контента вложений:
        INTERNAL - внутренняя база данных сообщений (BLOB-поле в таблице вложений);
        FILESYSTEM - файловая система (через сервис контента);
        FILENET - FileNet Content Engine (через сервис контента). -->
    <content-storage>FILESYSTEM</content-storage>

    <!-- Максимальное время хранения контента (в днях). -->
    <content-max-age>1</content-max-age>


    <!-- Шаблон URL сервиса выгрузки вложений. -->
    <content-url-pattern>/download/{0}/{1}</content-url-pattern>

    <!-- Максимальный суммарный размер вложений в сообщении. -->
    <max-message-content-size>10485760</max-message-content-size>


    <!-- Настройки действия для получения контента вложения из КСДД. -->
    <get-content-action>

        <!-- Идентификатор действия. -->
        <id>get_content</id>

        <!-- Имя параметра для передачи идентификатора внешней системы. -->
        <system-id-parameter>systemId</system-id-parameter>

        <!-- Имя параметра для передачи идентификатора сообщения. -->
        <message-id-parameter>messageId</message-id-parameter>

        <!-- Имя параметра для передачи идентификатора вложения. -->
        <attachment-id-parameter>attachmentId</attachment-id-parameter>

    </get-content-action>


    <!-- Настройки подключения к внешним системам. -->
    <external-systems>

    </external-systems>

    
    <!-- Обработчики входящих сообщений. -->
    <incoming-handlers>

    </incoming-handlers>


    <!-- Обработчики исходящих запросов. -->
    <outgoing-handlers>

        <!-- Обработчик запроса на получение вложения. -->
        <outgoing-handler id="get_content" class="ru.blogic20.gp.services.ksdd.GetContentHandler">
            <actions>
                <action>get_content</action>
            </actions>
        </outgoing-handler>

    </outgoing-handlers>

</ksdd-connector>