<?xml version="1.0" encoding="UTF-8" ?>
<model id="DssSignature" extend="Document">
    <string id="DssRequestId" title="ID запроса к УЦ" max-length="255"/>
    <string id="DssError" title="Ошибка УЦ" max-length="512"/>

    <security-templates>
        <security-template id="DEFAULT">
            <add-rule rule="READ"         allowed-roles="Пользователь"/>
            <add-rule for="*" rule="READ" allowed-roles="Пользователь"/>
        </security-template>
    </security-templates>
</model>