<?xml version="1.0" encoding="UTF-8" ?>
<bootstrap xmlns:st="http://blogic20.ru/2016/ConfigModuleUtils.xml">

    <!--
    При запуске через maven-plugin System.getProperty("user.dir") вернет корень проекта, то есть ear. Используя это, можем воспользоваться относительными путями для указания настроек.
    -->


    <!-- Конфигурация логирования -->
    <log-config fail-on-error="false">
        <path><st:property id="rootdir" default=""/>/<st:property id="uzdodir" default=""/>/log4j.xml</path>
        <class>ru.blogic20.gp.utils.Log4JConfigurator</class>
        <method>initLogger</method>
    </log-config>

    <!-- Конфигурация тулбара -->
    <service service="ru.blogic20.gp.webmodule.services.toolbar.ToolBarService"><st:property id="rootdir" default=""/>/system/toolbar.xml</service>

    <!-- Конфигурация сервиса поиска -->
    <service service="ru.blogic20.gp.service.search.api.SearchService"><st:property id="rootdir" default=""/>/system/search-service.xml</service>

    <!-- Конфигурация сервиса справочников -->
    <service service="ru.blogic20.gp.services.list.api.ListSearchService"><st:property id="rootdir" default=""/>/system/list-service.xml</service>
    <service service="ru.blogic20.gp.webmodule.services.ListServiceFacadeUtils"><st:property id="rootdir" default=""/>/system/list-ui.xml</service>
    <service service="ru.blogic20.gp.webmodule.services.DynamicResourceResolver"><st:property id="rootdir" default=""/>/system/resource-alias.xml</service>
    <service service="ru.blogic20.gp.services.replication.ReplicationService"><st:property id="rootdir" default=""/>/system/replication_config.xml</service>

    <!-- Конфигурация сервиса блокировок -->
    <service service="ru.blogic20.gp.services.lock.api.LocalLockService"><st:property id="rootdir" default=""/>/system/lock-service.xml</service>

    <!-- Конфигурация сервиса авторизации -->
    <service service="ru.blogic20.gp.services.authorization.api.service.AuthorizationService"><st:property id="rootdir" default=""/>/system/authorization_config.xml</service>

    <!-- Конфигурация моделей сервиса карточки -->
    <service service="ru.blogic20.gp.services.card.api.bm.Model"><st:property id="rootdir" default=""/>/system/card-model-config.xml</service>
    <!-- Конфигурация процессоров и DAO сервиса карточки -->
    <service service="ru.blogic20.gp.services.card.api.processor.Processor"><st:property id="rootdir" default=""/>/system/card-service-config.xml</service>
    <!-- Конфигурация представлений сервиса карточки -->
    <service service="ru.blogic20.gp.webmodule.services.card.CardServiceFacade"><st:property id="rootdir" default=""/>/system/card-view-config.xml</service>

    <!-- Конфигурация сервиса контента -->
    <service service="ru.blogic20.gp.services.content.ContentService"><st:property id="rootdir" default=""/>/system/content-service.xml</service>

    <!-- Конфигурация UI-приложения -->
    <service service="ru.blogic20.gp.webmodule.services.application.ApplicationController"><st:property id="rootdir" default=""/>/system/application.xml</service>

    <!-- Конфигурация иерархии -->
    <service service="ru.blogic20.gp.services.hierarchy.HierarchyService"><st:property id="rootdir" default=""/>/system/hierarchy.xml</service>

    <!-- Конфигурация сервиса уведомлений -->
    <service service="ru.blogic20.gp.services.notification.NotificationService"><st:property id="rootdir" default=""/>/system/notification_config.xml</service>

    <!-- Конфигурация сервиса массовых операций -->
    <service service="ru.blogic20.gp.services.bulk_operations.api.BulkOperationsService"><st:property id="rootdir" default=""/>/system/bos-config.xml</service>

    <!-- Конфигурация сервиса отчетов -->
    <service service="ru.blogic20.gp.services.report.ReportService"><st:property id="rootdir" default=""/>/system/report-service.xml</service>

    <!--Конфигурация сервиса заданий по расписанию -->
    <service service="ru.blogic20.gp.services.schedule.api.service.ScheduleService"><st:property id="rootdir" default=""/>/system/schedule.xml</service>

    <!-- Конфигурация сервиса коннектора КСДД -->
    <service service="ru.blogic20.gp.services.ksdd.KsddConnectorService"><st:property id="rootdir" default=""/>/system/ksdd-config.xml</service>

    <!--Конфигурация генератора печатных форм ЮЗДО -->
    <service service="ru.blogic20.gp.uzdo.printform.GeneratorServiceBean"><st:property id="rootdir" default=""/>/system/uzdo-printform.xml</service>


    <!-- Конфигурация окружения-->
    <service service="ru.brbpm.tnuzdo.integration.configuration.services.ConfigurationBootstrap"><st:property id="rootdir" default=""/>/environment.xml</service>

</bootstrap>
