<?xml version="1.0" encoding="UTF-8"?>
<node-template id="searches" title="Шаблоны поисков" allowed-roles="Поиск.Пользователь,Поиск.Администратор">
    <view module="MessageModule">
        <parameter name="message">Нет данных для отображения</parameter>
    </view>

    <node-template title="Личные" id="private_searches">
        <view module="DocumentsSearch">
            <parameter name="toolbar">my-custom-search-basket-actions</parameter>
            <parameter name="ds">list</parameter>
            <parameter name="query">alias/custom_search</parameter>
            <parameter name="filter">
                <parameter name="byUser">true</parameter>
            </parameter>
        </view>
    </node-template>

    <node-template title="Опубликованные" id="public_searches">
        <view module="DocumentsSearch">
            <parameter name="toolbar">custom-search-basket-actions</parameter>
            <parameter name="ds">list</parameter>
            <parameter name="query">alias/custom_search</parameter>
            <parameter name="filter">
                <!--<parameter name="byDepartment" allowed-roles="Поиск.Пользователь">true</parameter>-->
                <parameter name="byDepartmentPosition" allowed-roles="Поиск.Пользователь">true</parameter>
                <parameter name="isDepartmentNotNull" allowed-roles="Поиск.Администратор">true</parameter>
            </parameter>
        </view>
    </node-template>

</node-template>